ISO-10303-21;
HEADER;
FILE_DESCRIPTION (( 'STEP AP203' ),
    '1' );
FILE_NAME ('dc motor_nuevo.STEP',
    '2026-09-16T21:10:33',
    ( '' ),
    ( '' ),
    'SwSTEP 2.0',
    'SolidWorks 2022',
    '' );
FILE_SCHEMA (( 'CONFIG_CONTROL_DESIGN' ));
ENDSEC;

DATA;
#1 = AXIS2_PLACEMENT_3D ( 'NONE', #270, #1537, #1826 ) ;
#2 = CARTESIAN_POINT ( 'NONE',  ( 9.750000000000000000, -1.734723475976807094E-15, 44.29999999999999005 ) ) ;
#3 = DIRECTION ( 'NONE',  ( 0.000000000000000000, 0.000000000000000000, -1.000000000000000000 ) ) ;
#4 = VECTOR ( 'NONE', #1710, 1000.000000000000000 ) ;
#5 = ORIENTED_EDGE ( 'NONE', *, *, #1360, .F. ) ;
#6 = FACE_OUTER_BOUND ( 'NONE', #1563, .T. ) ;
#7 = AXIS2_PLACEMENT_3D ( 'NONE', #460, #1377, #1021 ) ;
#8 = CIRCLE ( 'NONE', #1277, 2.000000000000000000 ) ;
#9 = EDGE_LOOP ( 'NONE', ( #488, #1491 ) ) ;
#10 = CARTESIAN_POINT ( 'NONE',  ( 1.046866366342214860, 1.500000000000000000, 62.22506709108491663 ) ) ;
#11 = ORIENTED_EDGE ( 'NONE', *, *, #1308, .T. ) ;
#12 = ADVANCED_FACE ( 'NONE', ( #1619, #1167, #903, #46 ), #1052, .F. ) ;
#13 = DIRECTION ( 'NONE',  ( 0.000000000000000000, 0.000000000000000000, 1.000000000000000000 ) ) ;
#14 = CARTESIAN_POINT ( 'NONE',  ( 9.750000000000000000, -1.734723475976807094E-15, 44.29999999999999005 ) ) ;
#15 = ADVANCED_FACE ( 'NONE', ( #167, #486, #605, #497, #615, #1072 ), #1647, .T. ) ;
#16 = ORIENTED_EDGE ( 'NONE', *, *, #135, .T. ) ;
#17 = DIRECTION ( 'NONE',  ( 0.000000000000000000, 0.000000000000000000, -1.000000000000000000 ) ) ;
#18 = EDGE_LOOP ( 'NONE', ( #1124, #163, #1118, #1668 ) ) ;
#19 = LINE ( 'NONE', #1858, #494 ) ;
#20 = DIRECTION ( 'NONE',  ( 0.000000000000000000, 0.000000000000000000, 1.000000000000000000 ) ) ;
#21 = EDGE_LOOP ( 'NONE', ( #509, #1075, #617, #1481 ) ) ;
#22 = VECTOR ( 'NONE', #228, 1000.000000000000000 ) ;
#23 = ADVANCED_FACE ( 'NONE', ( #1186, #455 ), #1033, .T. ) ;
#24 = CARTESIAN_POINT ( 'NONE',  ( 0.000000000000000000, 0.000000000000000000, 0.000000000000000000 ) ) ;
#25 = LINE ( 'NONE', #1185, #1057 ) ;
#26 = AXIS2_PLACEMENT_3D ( 'NONE', #1530, #816, #1789 ) ;
#27 = ORIENTED_EDGE ( 'NONE', *, *, #1429, .T. ) ;
#28 = CARTESIAN_POINT ( 'NONE',  ( -1.749999999999994671, 0.000000000000000000, 62.30000000000000426 ) ) ;
#29 = ORIENTED_EDGE ( 'NONE', *, *, #1446, .T. ) ;
#30 = CARTESIAN_POINT ( 'NONE',  ( -0.2499999999999973910, -9.750000000000001776, 0.000000000000000000 ) ) ;
#31 = PRODUCT_DEFINITION_SHAPE ( 'NONE', 'NONE',  #1341 ) ;
#32 = APPROVAL_ROLE ( '' ) ;
#33 = ORIENTED_EDGE ( 'NONE', *, *, #1667, .F. ) ;
#34 = CARTESIAN_POINT ( 'NONE',  ( 12.19999999999999929, 1.494069094959770464E-15, 30.80000000000000071 ) ) ;
#35 = DIRECTION ( 'NONE',  ( -1.000000000000000000, 1.239088197126294761E-16, -0.000000000000000000 ) ) ;
#36 = VECTOR ( 'NONE', #1191, 1000.000000000000000 ) ;
#37 = DIRECTION ( 'NONE',  ( 1.000000000000000000, 0.000000000000000000, -0.000000000000000000 ) ) ;
#38 = EDGE_CURVE ( 'NONE', #269, #1382, #1628, .T. ) ;
#39 = CARTESIAN_POINT ( 'NONE',  ( 8.500000000000000000, -1.734723475976807094E-15, 44.29999999999999005 ) ) ;
#40 = AXIS2_PLACEMENT_3D ( 'NONE', #877, #1456, #596 ) ;
#41 = ORIENTED_EDGE ( 'NONE', *, *, #387, .F. ) ;
#42 = AXIS2_PLACEMENT_3D ( 'NONE', #1013, #138, #704 ) ;
#43 = CARTESIAN_POINT ( 'NONE',  ( 8.500000000000000000, -1.734723475976807094E-15, 47.79999999999999716 ) ) ;
#44 = ORIENTED_EDGE ( 'NONE', *, *, #442, .F. ) ;
#45 = DIRECTION ( 'NONE',  ( -0.000000000000000000, 0.000000000000000000, 1.000000000000000000 ) ) ;
#46 = FACE_BOUND ( 'NONE', #1211, .T. ) ;
#47 = DIRECTION ( 'NONE',  ( -0.000000000000000000, -0.000000000000000000, -1.000000000000000000 ) ) ;
#48 = EDGE_CURVE ( 'NONE', #125, #191, #1250, .T. ) ;
#49 = ORIENTED_EDGE ( 'NONE', *, *, #139, .T. ) ;
#50 = DIRECTION ( 'NONE',  ( 0.000000000000000000, 0.000000000000000000, 1.000000000000000000 ) ) ;
#51 = PERSON_AND_ORGANIZATION ( #1276, #1290 ) ;
#52 = ORIENTED_EDGE ( 'NONE', *, *, #1722, .T. ) ;
#53 = EDGE_CURVE ( 'NONE', #851, #1363, #105, .T. ) ;
#54 = DIRECTION ( 'NONE',  ( -0.000000000000000000, -0.000000000000000000, 1.000000000000000000 ) ) ;
#55 = VECTOR ( 'NONE', #916, 1000.000000000000000 ) ;
#56 = ORIENTED_EDGE ( 'NONE', *, *, #259, .F. ) ;
#57 = AXIS2_PLACEMENT_3D ( 'NONE', #1148, #873, #1708 ) ;
#58 = DIRECTION ( 'NONE',  ( -0.000000000000000000, -0.000000000000000000, 1.000000000000000000 ) ) ;
#59 = AXIS2_PLACEMENT_3D ( 'NONE', #646, #20, #213 ) ;
#60 = VERTEX_POINT ( 'NONE', #1380 ) ;
#61 = CARTESIAN_POINT ( 'NONE',  ( 8.500000000000000000, -1.734723475976807094E-15, 44.29999999999999005 ) ) ;
#62 = EDGE_CURVE ( 'NONE', #568, #1624, #216, .T. ) ;
#63 = EDGE_LOOP ( 'NONE', ( #445, #896, #1777, #869 ) ) ;
#64 = EDGE_CURVE ( 'NONE', #346, #1677, #350, .T. ) ;
#65 = CARTESIAN_POINT ( 'NONE',  ( -12.00000000000000000, 1.500192328955507734E-15, 30.80000000000000071 ) ) ;
#66 = FACE_OUTER_BOUND ( 'NONE', #210, .T. ) ;
#67 = CIRCLE ( 'NONE', #1783, 2.500000000000000444 ) ;
#68 = ORIENTED_EDGE ( 'NONE', *, *, #1189, .T. ) ;
#69 = AXIS2_PLACEMENT_3D ( 'NONE', #1703, #1543, #983 ) ;
#70 = ORIENTED_EDGE ( 'NONE', *, *, #1869, .F. ) ;
#71 = CARTESIAN_POINT ( 'NONE',  ( 8.500000000000000000, -1.734723475976807094E-15, 47.79999999999999716 ) ) ;
#72 = EDGE_CURVE ( 'NONE', #395, #921, #407, .T. ) ;
#73 = DIRECTION ( 'NONE',  ( 0.000000000000000000, 0.000000000000000000, 1.000000000000000000 ) ) ;
#74 = CARTESIAN_POINT ( 'NONE',  ( 12.00000000000000000, 0.000000000000000000, 30.80000000000000071 ) ) ;
#75 = CARTESIAN_POINT ( 'NONE',  ( -0.2499999999999973910, 9.750000000000001776, -2.000000000000000000 ) ) ;
#76 = ORIENTED_EDGE ( 'NONE', *, *, #843, .F. ) ;
#77 = CARTESIAN_POINT ( 'NONE',  ( 0.000000000000000000, 0.000000000000000000, -1.499999999999997780 ) ) ;
#78 = EDGE_LOOP ( 'NONE', ( #1649, #366, #1615, #1793 ) ) ;
#79 = DIRECTION ( 'NONE',  ( 0.000000000000000000, 0.000000000000000000, 1.000000000000000000 ) ) ;
#80 = CARTESIAN_POINT ( 'NONE',  ( 0.000000000000000000, 0.000000000000000000, 53.29999999999999716 ) ) ;
#81 = DIRECTION ( 'NONE',  ( 0.000000000000000000, 0.000000000000000000, 1.000000000000000000 ) ) ;
#82 = DIRECTION ( 'NONE',  ( 1.000000000000000000, 0.000000000000000000, 0.000000000000000000 ) ) ;
#83 = VECTOR ( 'NONE', #364, 1000.000000000000000 ) ;
#84 = AXIS2_PLACEMENT_3D ( 'NONE', #573, #1845, #722 ) ;
#85 = ORIENTED_EDGE ( 'NONE', *, *, #781, .T. ) ;
#86 = LINE ( 'NONE', #402, #1458 ) ;
#87 = EDGE_CURVE ( 'NONE', #1867, #1749, #1128, .T. ) ;
#88 = ORIENTED_EDGE ( 'NONE', *, *, #781, .F. ) ;
#89 = CARTESIAN_POINT ( 'NONE',  ( 6.000000000000000000, -1.428561776189968632E-15, 47.79999999999999716 ) ) ;
#90 = CARTESIAN_POINT ( 'NONE',  ( 0.2500000000000019984, 7.750000000000001776, -2.000000000000000000 ) ) ;
#91 = DIRECTION ( 'NONE',  ( 1.000000000000000000, 0.000000000000000000, 0.000000000000000000 ) ) ;
#92 = LINE ( 'NONE', #1664, #22 ) ;
#93 = EDGE_CURVE ( 'NONE', #1437, #1258, #652, .T. ) ;
#94 = ORIENTED_EDGE ( 'NONE', *, *, #1766, .F. ) ;
#95 = DIRECTION ( 'NONE',  ( -1.000000000000000000, 0.000000000000000000, -0.000000000000000000 ) ) ;
#96 = CIRCLE ( 'NONE', #342, 3.500000000000000000 ) ;
#97 = ORIENTED_EDGE ( 'NONE', *, *, #534, .F. ) ;
#98 = DIRECTION ( 'NONE',  ( 1.239088197126291063E-16, 1.000000000000000000, 0.000000000000000000 ) ) ;
#99 = VECTOR ( 'NONE', #1526, 1000.000000000000000 ) ;
#100 = CONICAL_SURFACE ( 'NONE', #799, 2.750000000000002665, 0.7853981633974439491 ) ;
#101 = AXIS2_PLACEMENT_3D ( 'NONE', #612, #301, #473 ) ;
#102 = CLOSED_SHELL ( 'NONE', ( #1303, #464, #1557, #694, #1568, #1611, #131, #1510, #876, #256, #796, #1103, #111, #506, #1646, #1314, #1214, #359, #1171, #1602, #1253, #619, #542, #1261, #977, #602, #1136, #902, #1639, #335, #1854, #1550, #1520, #15, #1699, #745, #808, #723, #23, #1397, #958, #886, #926, #1110, #1836, #1164, #193, #328, #1788, #784, #564, #660, #276, #1680, #1743, #12, #397, #176, #982, #1293, #552, #1591, #581, #588 ) ) ;
#103 = FACE_OUTER_BOUND ( 'NONE', #735, .T. ) ;
#104 = CARTESIAN_POINT ( 'NONE',  ( -12.00000000000000000, 1.500192328955507734E-15, 50.79999999999999716 ) ) ;
#105 = CIRCLE ( 'NONE', #1218, 0.5000000000000004441 ) ;
#106 = ORIENTED_EDGE ( 'NONE', *, *, #947, .F. ) ;
#107 = CARTESIAN_POINT ( 'NONE',  ( 0.2500000000000019984, 7.750000000000001776, -2.000000000000000000 ) ) ;
#108 = EDGE_CURVE ( 'NONE', #1575, #304, #8, .T. ) ;
#109 = ORIENTED_EDGE ( 'NONE', *, *, #353, .T. ) ;
#110 = DIRECTION ( 'NONE',  ( 1.000000000000000000, 2.981555974335137194E-16, 0.000000000000000000 ) ) ;
#111 = ADVANCED_FACE ( 'NONE', ( #517 ), #1305, .T. ) ;
#112 = CARTESIAN_POINT ( 'NONE',  ( -1.322875655532295136, 1.500000000000000000, 54.30000000000000426 ) ) ;
#113 = FACE_OUTER_BOUND ( 'NONE', #1467, .T. ) ;
#114 = VERTEX_POINT ( 'NONE', #65 ) ;
#115 = LINE ( 'NONE', #1229, #1490 ) ;
#116 = AXIS2_PLACEMENT_3D ( 'NONE', #1684, #1255, #1654 ) ;
#117 = ORIENTED_EDGE ( 'NONE', *, *, #1555, .F. ) ;
#118 = DIRECTION ( 'NONE',  ( -1.000000000000000000, 0.000000000000000000, 0.000000000000000000 ) ) ;
#119 = AXIS2_PLACEMENT_3D ( 'NONE', #1672, #515, #668 ) ;
#120 = EDGE_CURVE ( 'NONE', #1795, #269, #952, .T. ) ;
#121 = DIRECTION ( 'NONE',  ( -0.000000000000000000, -0.000000000000000000, 1.000000000000000000 ) ) ;
#122 = CARTESIAN_POINT ( 'NONE',  ( 0.000000000000000000, 0.000000000000000000, 62.04999999999999005 ) ) ;
#123 = ORIENTED_EDGE ( 'NONE', *, *, #1156, .T. ) ;
#124 = PLANE ( 'NONE',  #40 ) ;
#125 = VERTEX_POINT ( 'NONE', #1791 ) ;
#126 = DIRECTION ( 'NONE',  ( 1.000000000000000000, 0.000000000000000000, 0.000000000000000000 ) ) ;
#127 = AXIS2_PLACEMENT_3D ( 'NONE', #220, #1552, #95 ) ;
#128 = EDGE_CURVE ( 'NONE', #1175, #760, #956, .T. ) ;
#129 = FACE_OUTER_BOUND ( 'NONE', #1205, .T. ) ;
#130 = DIRECTION ( 'NONE',  ( 0.000000000000000000, 0.000000000000000000, -1.000000000000000000 ) ) ;
#131 = ADVANCED_FACE ( 'NONE', ( #103 ), #507, .F. ) ;
#132 = ORIENTED_EDGE ( 'NONE', *, *, #555, .F. ) ;
#133 = LINE ( 'NONE', #734, #4 ) ;
#134 = AXIS2_PLACEMENT_3D ( 'NONE', #1522, #227, #809 ) ;
#135 = EDGE_CURVE ( 'NONE', #1382, #1006, #1653, .T. ) ;
#136 = ORIENTED_EDGE ( 'NONE', *, *, #936, .T. ) ;
#137 = DIRECTION ( 'NONE',  ( 0.000000000000000000, 0.000000000000000000, 1.000000000000000000 ) ) ;
#138 = DIRECTION ( 'NONE',  ( 0.000000000000000000, 0.000000000000000000, 1.000000000000000000 ) ) ;
#139 = EDGE_CURVE ( 'NONE', #1657, #247, #970, .T. ) ;
#140 = DIRECTION ( 'NONE',  ( -1.000000000000000000, 0.000000000000000000, 0.000000000000000000 ) ) ;
#141 = ORIENTED_EDGE ( 'NONE', *, *, #1494, .T. ) ;
#142 = DIRECTION ( 'NONE',  ( -0.000000000000000000, -0.000000000000000000, -1.000000000000000000 ) ) ;
#143 = VERTEX_POINT ( 'NONE', #800 ) ;
#144 = CARTESIAN_POINT ( 'NONE',  ( 1.322875655532295136, 1.500000000000000000, 62.04999999999999005 ) ) ;
#145 = AXIS2_PLACEMENT_3D ( 'NONE', #1392, #1691, #1532 ) ;
#146 = EDGE_LOOP ( 'NONE', ( #595, #1283, #1159, #740 ) ) ;
#147 = LINE ( 'NONE', #274, #1015 ) ;
#148 = FACE_BOUND ( 'NONE', #1833, .T. ) ;
#149 = ORIENTED_EDGE ( 'NONE', *, *, #1778, .T. ) ;
#150 = EDGE_CURVE ( 'NONE', #1657, #1527, #380, .T. ) ;
#151 = ORIENTED_EDGE ( 'NONE', *, *, #135, .F. ) ;
#152 = DIRECTION ( 'NONE',  ( -1.000000000000000000, 0.000000000000000000, 0.000000000000000000 ) ) ;
#153 = AXIS2_PLACEMENT_3D ( 'NONE', #587, #1284, #152 ) ;
#154 = DIRECTION ( 'NONE',  ( -1.000000000000000000, 1.224646799147353454E-16, 0.000000000000000000 ) ) ;
#155 = LINE ( 'NONE', #14, #1629 ) ;
#156 = CIRCLE ( 'NONE', #1213, 1.000000000000000888 ) ;
#157 = ORIENTED_EDGE ( 'NONE', *, *, #1457, .T. ) ;
#158 = CARTESIAN_POINT ( 'NONE',  ( 0.000000000000000000, 0.000000000000000000, 62.30000000000000426 ) ) ;
#159 = VERTEX_POINT ( 'NONE', #244 ) ;
#160 = PLANE ( 'NONE',  #187 ) ;
#161 = CC_DESIGN_DATE_AND_TIME_ASSIGNMENT ( #1643, #1623, ( #911 ) ) ;
#162 = AXIS2_PLACEMENT_3D ( 'NONE', #714, #592, #836 ) ;
#163 = ORIENTED_EDGE ( 'NONE', *, *, #1093, .T. ) ;
#164 = PRODUCT ( 'dc motor_nuevo', 'dc motor_nuevo', '', ( #194 ) ) ;
#165 = CARTESIAN_POINT ( 'NONE',  ( -1.322875655532295136, 1.500000000000000000, 54.30000000000000426 ) ) ;
#166 = DIRECTION ( 'NONE',  ( -1.000000000000000000, 0.000000000000000000, 0.000000000000000000 ) ) ;
#167 = FACE_BOUND ( 'NONE', #1455, .T. ) ;
#168 = DIRECTION ( 'NONE',  ( 1.000000000000000000, 0.000000000000000000, 0.000000000000000000 ) ) ;
#169 = VERTEX_POINT ( 'NONE', #74 ) ;
#170 = CARTESIAN_POINT ( 'NONE',  ( 0.000000000000000000, 0.000000000000000000, 47.79999999999999716 ) ) ;
#171 = PERSON_AND_ORGANIZATION ( #1276, #1290 ) ;
#172 = ADVANCED_BREP_SHAPE_REPRESENTATION ( 'dc motor_nuevo', ( #1846, #59 ), #300 ) ;
#173 = VERTEX_POINT ( 'NONE', #825 ) ;
#174 = CIRCLE ( 'NONE', #1415, 2.500000000000000444 ) ;
#175 = AXIS2_PLACEMENT_3D ( 'NONE', #226, #204, #1242 ) ;
#176 = ADVANCED_FACE ( 'NONE', ( #661 ), #1226, .T. ) ;
#177 = CARTESIAN_POINT ( 'NONE',  ( 0.000000000000000000, 0.000000000000000000, 62.30000000000000426 ) ) ;
#178 = CARTESIAN_POINT ( 'NONE',  ( 0.2500000000000019984, 7.750000000000001776, 0.000000000000000000 ) ) ;
#179 = ORIENTED_EDGE ( 'NONE', *, *, #762, .F. ) ;
#180 = DIRECTION ( 'NONE',  ( 0.000000000000000000, 0.000000000000000000, -1.000000000000000000 ) ) ;
#181 = ORIENTED_EDGE ( 'NONE', *, *, #1023, .F. ) ;
#182 = PLANE ( 'NONE',  #373 ) ;
#183 = ORIENTED_EDGE ( 'NONE', *, *, #1656, .F. ) ;
#184 = LINE ( 'NONE', #1734, #591 ) ;
#185 = CARTESIAN_POINT ( 'NONE',  ( 0.2500000000000026090, 9.750000000000001776, 0.000000000000000000 ) ) ;
#186 = EDGE_CURVE ( 'NONE', #1624, #1350, #544, .T. ) ;
#187 = AXIS2_PLACEMENT_3D ( 'NONE', #1574, #137, #1440 ) ;
#188 = ORIENTED_EDGE ( 'NONE', *, *, #1373, .T. ) ;
#189 = CARTESIAN_POINT ( 'NONE',  ( -0.9013878188659869561, 1.500000000000000000, 62.30000000000000426 ) ) ;
#190 = VECTOR ( 'NONE', #1678, 1000.000000000000000 ) ;
#191 = VERTEX_POINT ( 'NONE', #1097 ) ;
#192 = CARTESIAN_POINT ( 'NONE',  ( -1.322875655532295136, 1.500000000000000000, 62.04999999999999005 ) ) ;
#193 = ADVANCED_FACE ( 'NONE', ( #961 ), #1569, .F. ) ;
#194 = MECHANICAL_CONTEXT ( 'NONE', #786, 'mechanical' ) ;
#195 = VERTEX_POINT ( 'NONE', #1147 ) ;
#196 = VECTOR ( 'NONE', #988, 1000.000000000000000 ) ;
#197 = PLANE ( 'NONE',  #1860 ) ;
#198 = EDGE_CURVE ( 'NONE', #1231, #1350, #283, .T. ) ;
#199 = ORIENTED_EDGE ( 'NONE', *, *, #198, .T. ) ;
#200 = PLANE ( 'NONE',  #1384 ) ;
#201 = ORIENTED_EDGE ( 'NONE', *, *, #1504, .T. ) ;
#202 = CARTESIAN_POINT ( 'NONE',  ( -0.2499999999999980571, 7.750000000000001776, 0.000000000000000000 ) ) ;
#203 = EDGE_LOOP ( 'NONE', ( #1222, #683, #447, #1506 ) ) ;
#204 = DIRECTION ( 'NONE',  ( -0.000000000000000000, -0.000000000000000000, 1.000000000000000000 ) ) ;
#205 = CIRCLE ( 'NONE', #116, 2.000000000000000000 ) ;
#206 = DIRECTION ( 'NONE',  ( 1.000000000000000000, 0.000000000000000000, 0.000000000000000000 ) ) ;
#207 = CIRCLE ( 'NONE', #420, 11.19999999999999751 ) ;
#208 = CARTESIAN_POINT ( 'NONE',  ( -12.19999999999999929, 0.000000000000000000, 29.80000000000000071 ) ) ;
#209 = CC_DESIGN_APPROVAL ( #1652, ( #1341 ) ) ;
#210 = EDGE_LOOP ( 'NONE', ( #1352, #1421, #214, #881, #621 ) ) ;
#211 = DIRECTION ( 'NONE',  ( -0.000000000000000000, 0.000000000000000000, 1.000000000000000000 ) ) ;
#212 = EDGE_CURVE ( 'NONE', #169, #114, #1790, .T. ) ;
#213 = DIRECTION ( 'NONE',  ( 1.000000000000000000, 0.000000000000000000, 0.000000000000000000 ) ) ;
#214 = ORIENTED_EDGE ( 'NONE', *, *, #1861, .F. ) ;
#215 = DIRECTION ( 'NONE',  ( -1.000000000000000000, 0.000000000000000000, 0.000000000000000000 ) ) ;
#216 = LINE ( 'NONE', #1531, #562 ) ;
#217 = CARTESIAN_POINT ( 'NONE',  ( -7.250000000000000000, -1.734723475976807094E-15, 44.29999999999999005 ) ) ;
#218 = VECTOR ( 'NONE', #1221, 1000.000000000000000 ) ;
#219 = ORIENTED_EDGE ( 'NONE', *, *, #1060, .T. ) ;
#220 = CARTESIAN_POINT ( 'NONE',  ( 0.000000000000000000, 0.000000000000000000, -10.00000000000000000 ) ) ;
#221 = AXIS2_PLACEMENT_3D ( 'NONE', #1840, #1666, #955 ) ;
#222 = VERTEX_POINT ( 'NONE', #1862 ) ;
#223 = CC_DESIGN_PERSON_AND_ORGANIZATION_ASSIGNMENT ( #1067, #469, ( #451 ) ) ;
#224 = CARTESIAN_POINT ( 'NONE',  ( 0.000000000000000000, 0.000000000000000000, 50.79999999999999716 ) ) ;
#225 = AXIS2_PLACEMENT_3D ( 'NONE', #679, #81, #1245 ) ;
#226 = CARTESIAN_POINT ( 'NONE',  ( 8.500000000000000000, -1.734723475976807094E-15, 47.79999999999999716 ) ) ;
#227 = DIRECTION ( 'NONE',  ( 0.000000000000000000, 0.000000000000000000, 1.000000000000000000 ) ) ;
#228 = DIRECTION ( 'NONE',  ( -0.000000000000000000, -0.000000000000000000, 1.000000000000000000 ) ) ;
#229 = EDGE_CURVE ( 'NONE', #159, #1771, #895, .T. ) ;
#230 = ORIENTED_EDGE ( 'NONE', *, *, #728, .T. ) ;
#231 = CARTESIAN_POINT ( 'NONE',  ( -3.122849337825750617E-15, 8.500000000000000000, 47.29999999999999716 ) ) ;
#232 = ORIENTED_EDGE ( 'NONE', *, *, #1702, .T. ) ;
#233 = CARTESIAN_POINT ( 'NONE',  ( -3.122849337825750617E-15, 8.500000000000000000, 47.29999999999999716 ) ) ;
#234 = FACE_OUTER_BOUND ( 'NONE', #766, .T. ) ;
#235 = EDGE_CURVE ( 'NONE', #1867, #773, #147, .T. ) ;
#236 = CARTESIAN_POINT ( 'NONE',  ( 0.000000000000000000, 0.000000000000000000, 50.29999999999999716 ) ) ;
#237 = LINE ( 'NONE', #1227, #238 ) ;
#238 = VECTOR ( 'NONE', #246, 1000.000000000000000 ) ;
#239 = ORIENTED_EDGE ( 'NONE', *, *, #38, .T. ) ;
#240 = LINE ( 'NONE', #1404, #1547 ) ;
#241 = ORIENTED_EDGE ( 'NONE', *, *, #472, .F. ) ;
#242 = LINE ( 'NONE', #543, #709 ) ;
#243 = DIRECTION ( 'NONE',  ( 1.000000000000000000, 0.000000000000000000, 0.000000000000000000 ) ) ;
#244 = CARTESIAN_POINT ( 'NONE',  ( 12.50000000000000000, 1.530808498934191521E-15, 50.29999999999999716 ) ) ;
#245 = EDGE_CURVE ( 'NONE', #222, #906, #1707, .T. ) ;
#246 = DIRECTION ( 'NONE',  ( -0.000000000000000000, -0.000000000000000000, -1.000000000000000000 ) ) ;
#247 = VERTEX_POINT ( 'NONE', #1558 ) ;
#248 = CYLINDRICAL_SURFACE ( 'NONE', #1671, 1.500000000000000000 ) ;
#249 = ORIENTED_EDGE ( 'NONE', *, *, #703, .F. ) ;
#250 = PLANE ( 'NONE',  #798 ) ;
#251 = EDGE_CURVE ( 'NONE', #673, #1298, #1496, .T. ) ;
#252 = VECTOR ( 'NONE', #1741, 1000.000000000000000 ) ;
#253 = DIRECTION ( 'NONE',  ( -3.252606517456513302E-16, -1.000000000000000000, 0.000000000000000000 ) ) ;
#254 = CARTESIAN_POINT ( 'NONE',  ( 3.250000000000000444, 0.000000000000000000, -2.000000000000000000 ) ) ;
#255 = AXIS2_PLACEMENT_3D ( 'NONE', #1539, #1114, #1371 ) ;
#256 = ADVANCED_FACE ( 'NONE', ( #553 ), #835, .T. ) ;
#257 = ORIENTED_EDGE ( 'NONE', *, *, #762, .T. ) ;
#258 = CARTESIAN_POINT ( 'NONE',  ( -6.985388409953197097, 14.99241250449256313, -10.00000000000000000 ) ) ;
#259 = EDGE_CURVE ( 'NONE', #665, #599, #1553, .T. ) ;
#260 = ORIENTED_EDGE ( 'NONE', *, *, #1827, .F. ) ;
#261 = PLANE ( 'NONE',  #827 ) ;
#262 = APPLICATION_CONTEXT ( 'configuration controlled 3d designs of mechanical parts and assemblies' ) ;
#263 = DIRECTION ( 'NONE',  ( 0.000000000000000000, 0.000000000000000000, -1.000000000000000000 ) ) ;
#264 = DIRECTION ( 'NONE',  ( -1.000000000000000000, 2.981555974335137194E-16, 0.000000000000000000 ) ) ;
#265 = VERTEX_POINT ( 'NONE', #1443 ) ;
#266 = CIRCLE ( 'NONE', #1442, 12.19999999999999929 ) ;
#267 = LINE ( 'NONE', #412, #590 ) ;
#268 = VECTOR ( 'NONE', #1863, 1000.000000000000000 ) ;
#269 = VERTEX_POINT ( 'NONE', #1587 ) ;
#270 = CARTESIAN_POINT ( 'NONE',  ( -6.985388409953197986, 7.992412504492563130, -11.00000000000000000 ) ) ;
#271 = VECTOR ( 'NONE', #960, 1000.000000000000000 ) ;
#272 = EDGE_CURVE ( 'NONE', #838, #954, #282, .T. ) ;
#273 = CC_DESIGN_APPROVAL ( #1597, ( #451 ) ) ;
#274 = CARTESIAN_POINT ( 'NONE',  ( 12.19999999999999929, 0.000000000000000000, -10.00000000000000000 ) ) ;
#275 = DIRECTION ( 'NONE',  ( 1.000000000000000000, -2.664535259100375697E-15, 0.000000000000000000 ) ) ;
#276 = ADVANCED_FACE ( 'NONE', ( #1837 ), #290, .F. ) ;
#277 = VERTEX_POINT ( 'NONE', #731 ) ;
#278 = DIRECTION ( 'NONE',  ( 0.000000000000000000, 0.000000000000000000, 1.000000000000000000 ) ) ;
#279 = ORIENTED_EDGE ( 'NONE', *, *, #64, .T. ) ;
#280 = CARTESIAN_POINT ( 'NONE',  ( -8.500000000000000000, -1.734723475976807094E-15, 44.29999999999999005 ) ) ;
#281 = AXIS2_PLACEMENT_3D ( 'NONE', #233, #985, #414 ) ;
#282 = CIRCLE ( 'NONE', #658, 3.250000000000000444 ) ;
#283 = LINE ( 'NONE', #582, #1676 ) ;
#284 = DIRECTION ( 'NONE',  ( 0.000000000000000000, 0.000000000000000000, 1.000000000000000000 ) ) ;
#285 = ORIENTED_EDGE ( 'NONE', *, *, #1625, .T. ) ;
#286 = PLANE ( 'NONE',  #361 ) ;
#287 = EDGE_LOOP ( 'NONE', ( #1304, #1544 ) ) ;
#288 = DIRECTION ( 'NONE',  ( 1.000000000000000000, 0.000000000000000000, 0.000000000000000000 ) ) ;
#289 = EDGE_LOOP ( 'NONE', ( #1551, #1609, #52, #804 ) ) ;
#290 = CYLINDRICAL_SURFACE ( 'NONE', #1074, 1.250000000000000222 ) ;
#291 = FACE_OUTER_BOUND ( 'NONE', #1449, .T. ) ;
#292 = EDGE_CURVE ( 'NONE', #821, #906, #408, .T. ) ;
#293 = VERTEX_POINT ( 'NONE', #2 ) ;
#294 = DIRECTION ( 'NONE',  ( 1.000000000000000000, 0.000000000000000000, 0.000000000000000000 ) ) ;
#295 = ORIENTED_EDGE ( 'NONE', *, *, #1869, .T. ) ;
#296 = DIRECTION ( 'NONE',  ( 1.000000000000000000, 0.000000000000000000, 0.000000000000000000 ) ) ;
#297 = VECTOR ( 'NONE', #1821, 1000.000000000000000 ) ;
#298 = ORIENTED_EDGE ( 'NONE', *, *, #303, .T. ) ;
#299 = AXIS2_PLACEMENT_3D ( 'NONE', #1484, #1607, #1635 ) ;
#300 =( GEOMETRIC_REPRESENTATION_CONTEXT ( 3 ) GLOBAL_UNCERTAINTY_ASSIGNED_CONTEXT ( ( #1207 ) ) GLOBAL_UNIT_ASSIGNED_CONTEXT ( ( #505, #360, #637 ) ) REPRESENTATION_CONTEXT ( 'NONE', 'WORKASPACE' ) );
#301 = DIRECTION ( 'NONE',  ( -0.000000000000000000, 0.000000000000000000, 1.000000000000000000 ) ) ;
#302 = DIRECTION ( 'NONE',  ( 0.000000000000000000, 0.000000000000000000, 1.000000000000000000 ) ) ;
#303 = EDGE_CURVE ( 'NONE', #191, #125, #1129, .T. ) ;
#304 = VERTEX_POINT ( 'NONE', #112 ) ;
#305 = FACE_OUTER_BOUND ( 'NONE', #376, .T. ) ;
#306 = EDGE_LOOP ( 'NONE', ( #782, #1405 ) ) ;
#307 = CARTESIAN_POINT ( 'NONE',  ( 12.19999999999999929, 1.494069094959770464E-15, 29.80000000000000071 ) ) ;
#308 = TOROIDAL_SURFACE ( 'NONE', #1843, 12.00000000000000000, 0.5000000000000000000 ) ;
#309 = DIRECTION ( 'NONE',  ( 1.000000000000000000, 0.000000000000000000, 0.000000000000000000 ) ) ;
#310 = CARTESIAN_POINT ( 'NONE',  ( 12.00000000000000000, 0.000000000000000000, 31.30000000000000071 ) ) ;
#311 = AXIS2_PLACEMENT_3D ( 'NONE', #1686, #991, #17 ) ;
#312 = CARTESIAN_POINT ( 'NONE',  ( 0.000000000000000000, 0.000000000000000000, 53.29999999999999716 ) ) ;
#313 = FACE_OUTER_BOUND ( 'NONE', #18, .T. ) ;
#314 = EDGE_LOOP ( 'NONE', ( #76, #548, #417, #404 ) ) ;
#315 = DIRECTION ( 'NONE',  ( -2.981555974335137194E-16, 1.000000000000000000, 0.000000000000000000 ) ) ;
#316 = VECTOR ( 'NONE', #331, 1000.000000000000000 ) ;
#317 = PERSON_AND_ORGANIZATION_ROLE ( 'creator' ) ;
#318 = ORIENTED_EDGE ( 'NONE', *, *, #1249, .T. ) ;
#319 = DIRECTION ( 'NONE',  ( 0.000000000000000000, 0.000000000000000000, 1.000000000000000000 ) ) ;
#320 = LINE ( 'NONE', #1645, #1416 ) ;
#321 = EDGE_CURVE ( 'NONE', #195, #333, #1270, .T. ) ;
#322 = VERTEX_POINT ( 'NONE', #854 ) ;
#323 = DIRECTION ( 'NONE',  ( 1.000000000000000000, 3.252606517456513302E-16, 0.000000000000000000 ) ) ;
#324 = ORIENTED_EDGE ( 'NONE', *, *, #1023, .T. ) ;
#325 = DIRECTION ( 'NONE',  ( 1.000000000000000000, 0.000000000000000000, 0.000000000000000000 ) ) ;
#326 = PERSON_AND_ORGANIZATION ( #1276, #1290 ) ;
#327 = EDGE_LOOP ( 'NONE', ( #16, #1065, #528, #1294, #239 ) ) ;
#328 = ADVANCED_FACE ( 'NONE', ( #695, #129 ), #1263, .T. ) ;
#329 = AXIS2_PLACEMENT_3D ( 'NONE', #1849, #1572, #294 ) ;
#330 = AXIS2_PLACEMENT_3D ( 'NONE', #1005, #1435, #140 ) ;
#331 = DIRECTION ( 'NONE',  ( -1.000000000000000000, 1.239088197126294761E-16, -0.000000000000000000 ) ) ;
#332 = DIRECTION ( 'NONE',  ( 1.000000000000000000, 0.000000000000000000, 0.000000000000000000 ) ) ;
#333 = VERTEX_POINT ( 'NONE', #572 ) ;
#334 = DIRECTION ( 'NONE',  ( 1.000000000000000000, 0.000000000000000000, 0.000000000000000000 ) ) ;
#335 = ADVANCED_FACE ( 'NONE', ( #1716 ), #424, .T. ) ;
#336 = ORIENTED_EDGE ( 'NONE', *, *, #64, .F. ) ;
#337 = DIRECTION ( 'NONE',  ( -3.252606517456513302E-16, 1.000000000000000000, 0.000000000000000000 ) ) ;
#338 = PERSON_AND_ORGANIZATION_ROLE ( 'classification_officer' ) ;
#339 = ORIENTED_EDGE ( 'NONE', *, *, #272, .T. ) ;
#340 = EDGE_CURVE ( 'NONE', #60, #1437, #1326, .T. ) ;
#341 = DIRECTION ( 'NONE',  ( 0.000000000000000000, 0.000000000000000000, 1.000000000000000000 ) ) ;
#342 = AXIS2_PLACEMENT_3D ( 'NONE', #396, #966, #1241 ) ;
#343 = VECTOR ( 'NONE', #337, 1000.000000000000000 ) ;
#344 = ORIENTED_EDGE ( 'NONE', *, *, #1562, .T. ) ;
#345 = CARTESIAN_POINT ( 'NONE',  ( -0.2499999999999980571, -7.750000000000001776, 0.000000000000000000 ) ) ;
#346 = VERTEX_POINT ( 'NONE', #443 ) ;
#347 = CARTESIAN_POINT ( 'NONE',  ( 0.000000000000000000, 0.000000000000000000, 62.30000000000000426 ) ) ;
#348 = COORDINATED_UNIVERSAL_TIME_OFFSET ( 5, 0, .BEHIND. ) ;
#349 = ORIENTED_EDGE ( 'NONE', *, *, #1080, .F. ) ;
#350 = CIRCLE ( 'NONE', #597, 2.750000000000002665 ) ;
#351 = LINE ( 'NONE', #768, #1802 ) ;
#352 = DIRECTION ( 'NONE',  ( 0.000000000000000000, 0.000000000000000000, -1.000000000000000000 ) ) ;
#353 = EDGE_CURVE ( 'NONE', #114, #574, #716, .T. ) ;
#354 = CARTESIAN_POINT ( 'NONE',  ( 0.9013878188659868451, 1.500000000000000000, 62.30000000000000426 ) ) ;
#355 = ORIENTED_EDGE ( 'NONE', *, *, #1064, .F. ) ;
#356 = CARTESIAN_POINT ( 'NONE',  ( -0.2499999999999973910, -9.750000000000001776, -4.000000000000000000 ) ) ;
#357 = APPROVAL_ROLE ( '' ) ;
#358 = VERTEX_POINT ( 'NONE', #1086 ) ;
#359 = ADVANCED_FACE ( 'NONE', ( #1761 ), #513, .T. ) ;
#360 =( NAMED_UNIT ( * ) PLANE_ANGLE_UNIT ( ) SI_UNIT ( $, .RADIAN. ) );
#361 = AXIS2_PLACEMENT_3D ( 'NONE', #868, #1730, #1438 ) ;
#362 = DIRECTION ( 'NONE',  ( -0.000000000000000000, -0.000000000000000000, 1.000000000000000000 ) ) ;
#363 = AXIS2_PLACEMENT_3D ( 'NONE', #1389, #1809, #678 ) ;
#364 = DIRECTION ( 'NONE',  ( -0.000000000000000000, -0.000000000000000000, 1.000000000000000000 ) ) ;
#365 = EDGE_CURVE ( 'NONE', #673, #1240, #1184, .T. ) ;
#366 = ORIENTED_EDGE ( 'NONE', *, *, #1471, .T. ) ;
#367 = CARTESIAN_POINT ( 'NONE',  ( -12.50000000000000000, 0.000000000000000000, 50.29999999999999716 ) ) ;
#368 = ORIENTED_EDGE ( 'NONE', *, *, #1132, .F. ) ;
#369 = DIRECTION ( 'NONE',  ( 1.000000000000000000, 0.000000000000000000, 0.000000000000000000 ) ) ;
#370 = CARTESIAN_POINT ( 'NONE',  ( -6.985388409953197097, 14.99241250449256313, -11.00000000000000000 ) ) ;
#371 = DIRECTION ( 'NONE',  ( -0.000000000000000000, -0.000000000000000000, 1.000000000000000000 ) ) ;
#372 = DIRECTION ( 'NONE',  ( -0.000000000000000000, -0.000000000000000000, -1.000000000000000000 ) ) ;
#373 = AXIS2_PLACEMENT_3D ( 'NONE', #170, #211, #752 ) ;
#374 = ORIENTED_EDGE ( 'NONE', *, *, #671, .F. ) ;
#375 = FACE_OUTER_BOUND ( 'NONE', #830, .T. ) ;
#376 = EDGE_LOOP ( 'NONE', ( #1497, #1459, #1729, #899 ) ) ;
#377 = DIRECTION ( 'NONE',  ( -0.000000000000000000, -0.000000000000000000, -1.000000000000000000 ) ) ;
#378 = EDGE_CURVE ( 'NONE', #1784, #1612, #1011, .T. ) ;
#379 = DIRECTION ( 'NONE',  ( 1.000000000000000000, 0.000000000000000000, 0.000000000000000000 ) ) ;
#380 = CIRCLE ( 'NONE', #255, 1.500000000000000000 ) ;
#381 = CARTESIAN_POINT ( 'NONE',  ( 1.499999999999996891, 8.500000000000000000, 47.29999999999999716 ) ) ;
#382 = CARTESIAN_POINT ( 'NONE',  ( -6.985388409953197986, 7.992412504492563130, -11.00000000000000000 ) ) ;
#383 = ORIENTED_EDGE ( 'NONE', *, *, #292, .T. ) ;
#384 = DIRECTION ( 'NONE',  ( -0.000000000000000000, -0.000000000000000000, 1.000000000000000000 ) ) ;
#385 = ORIENTED_EDGE ( 'NONE', *, *, #410, .F. ) ;
#386 = DIRECTION ( 'NONE',  ( 0.000000000000000000, 0.000000000000000000, -1.000000000000000000 ) ) ;
#387 = EDGE_CURVE ( 'NONE', #143, #1692, #184, .T. ) ;
#388 = LINE ( 'NONE', #1234, #271 ) ;
#389 = DIRECTION ( 'NONE',  ( 1.239088197126290570E-16, -1.000000000000000000, -0.000000000000000000 ) ) ;
#390 = LINE ( 'NONE', #75, #1138 ) ;
#391 = CIRCLE ( 'NONE', #482, 12.50000000000000000 ) ;
#392 = AXIS2_PLACEMENT_3D ( 'NONE', #1492, #493, #1751 ) ;
#393 = ORIENTED_EDGE ( 'NONE', *, *, #1360, .T. ) ;
#394 = LINE ( 'NONE', #839, #890 ) ;
#395 = VERTEX_POINT ( 'NONE', #1315 ) ;
#396 = CARTESIAN_POINT ( 'NONE',  ( 0.000000000000000000, 0.000000000000000000, 50.79999999999999716 ) ) ;
#397 = ADVANCED_FACE ( 'NONE', ( #1617 ), #1596, .T. ) ;
#398 = CARTESIAN_POINT ( 'NONE',  ( -8.500000000000000000, -1.734723475976807094E-15, 47.79999999999999716 ) ) ;
#399 = DIRECTION ( 'NONE',  ( -0.000000000000000000, 0.000000000000000000, 1.000000000000000000 ) ) ;
#400 = EDGE_CURVE ( 'NONE', #1085, #1337, #603, .T. ) ;
#401 = ORIENTED_EDGE ( 'NONE', *, *, #1446, .F. ) ;
#402 = CARTESIAN_POINT ( 'NONE',  ( -6.985388409953197986, 7.992412504492563130, -10.00000000000000000 ) ) ;
#403 = AXIS2_PLACEMENT_3D ( 'NONE', #600, #880, #720 ) ;
#404 = ORIENTED_EDGE ( 'NONE', *, *, #1722, .F. ) ;
#405 = DIRECTION ( 'NONE',  ( 1.000000000000000000, 0.000000000000000000, 0.000000000000000000 ) ) ;
#406 = AXIS2_PLACEMENT_3D ( 'NONE', #585, #718, #1448 ) ;
#407 = CIRCLE ( 'NONE', #225, 11.19999999999999751 ) ;
#408 = LINE ( 'NONE', #1296, #987 ) ;
#409 = CARTESIAN_POINT ( 'NONE',  ( 9.750000000000000000, -1.734723475976807094E-15, 47.79999999999999716 ) ) ;
#410 = EDGE_CURVE ( 'NONE', #173, #247, #1402, .T. ) ;
#411 = ORIENTED_EDGE ( 'NONE', *, *, #1328, .T. ) ;
#412 = CARTESIAN_POINT ( 'NONE',  ( 0.2500000000000019984, 7.750000000000001776, -4.000000000000000000 ) ) ;
#413 = ORIENTED_EDGE ( 'NONE', *, *, #648, .F. ) ;
#414 = DIRECTION ( 'NONE',  ( 1.000000000000000000, 0.000000000000000000, 0.000000000000000000 ) ) ;
#415 = CARTESIAN_POINT ( 'NONE',  ( 0.000000000000000000, 0.000000000000000000, 0.000000000000000000 ) ) ;
#416 = PLANE ( 'NONE',  #848 ) ;
#417 = ORIENTED_EDGE ( 'NONE', *, *, #706, .T. ) ;
#418 = CIRCLE ( 'NONE', #1084, 1.249999999999999334 ) ;
#419 = DIRECTION ( 'NONE',  ( 0.000000000000000000, 0.000000000000000000, -1.000000000000000000 ) ) ;
#420 = AXIS2_PLACEMENT_3D ( 'NONE', #1521, #1215, #1224 ) ;
#421 = EDGE_LOOP ( 'NONE', ( #1161, #1016, #383, #1101 ) ) ;
#422 = CARTESIAN_POINT ( 'NONE',  ( 8.500000000000000000, -1.734723475976807094E-15, 47.79999999999999716 ) ) ;
#423 = EDGE_CURVE ( 'NONE', #755, #654, #927, .T. ) ;
#424 = CYLINDRICAL_SURFACE ( 'NONE', #1616, 12.19999999999999929 ) ;
#425 = CARTESIAN_POINT ( 'NONE',  ( 7.014611590046757605, 7.992412504492561354, -11.00000000000000000 ) ) ;
#426 = EDGE_LOOP ( 'NONE', ( #1208, #802, #441, #1679 ) ) ;
#427 = CARTESIAN_POINT ( 'NONE',  ( 0.2500000000000026090, 9.750000000000001776, 0.000000000000000000 ) ) ;
#428 = EDGE_LOOP ( 'NONE', ( #1274, #1412 ) ) ;
#429 = DIRECTION ( 'NONE',  ( 0.000000000000000000, 0.000000000000000000, -1.000000000000000000 ) ) ;
#430 = AXIS2_PLACEMENT_3D ( 'NONE', #1834, #377, #824 ) ;
#431 = ORIENTED_EDGE ( 'NONE', *, *, #1799, .T. ) ;
#432 = CIRCLE ( 'NONE', #561, 1.249999999999999334 ) ;
#433 = AXIS2_PLACEMENT_3D ( 'NONE', #795, #452, #1472 ) ;
#434 = DIRECTION ( 'NONE',  ( 0.000000000000000000, -1.000000000000000000, 0.000000000000000000 ) ) ;
#435 = CARTESIAN_POINT ( 'NONE',  ( 0.2500000000000026090, -9.750000000000001776, -2.000000000000000000 ) ) ;
#436 = ORIENTED_EDGE ( 'NONE', *, *, #1060, .F. ) ;
#437 = CARTESIAN_POINT ( 'NONE',  ( 0.000000000000000000, 0.000000000000000000, 62.30000000000000426 ) ) ;
#438 = AXIS2_PLACEMENT_3D ( 'NONE', #1475, #1485, #91 ) ;
#439 = VERTEX_POINT ( 'NONE', #1606 ) ;
#440 = CARTESIAN_POINT ( 'NONE',  ( -8.500000000000000000, -1.734723475976807094E-15, 50.79999999999999716 ) ) ;
#441 = ORIENTED_EDGE ( 'NONE', *, *, #1727, .T. ) ;
#442 = EDGE_CURVE ( 'NONE', #601, #1240, #1155, .T. ) ;
#443 = CARTESIAN_POINT ( 'NONE',  ( -2.750000000000002665, 3.673940397442061347E-16, -2.000000000000000000 ) ) ;
#444 = LINE ( 'NONE', #1288, #639 ) ;
#445 = ORIENTED_EDGE ( 'NONE', *, *, #1414, .F. ) ;
#446 = DIRECTION ( 'NONE',  ( -0.000000000000000000, -0.000000000000000000, 1.000000000000000000 ) ) ;
#447 = ORIENTED_EDGE ( 'NONE', *, *, #1113, .T. ) ;
#448 = CARTESIAN_POINT ( 'NONE',  ( -3.500000000000000000, 0.000000000000000000, 50.79999999999999716 ) ) ;
#449 = AXIS2_PLACEMENT_3D ( 'NONE', #771, #58, #168 ) ;
#450 = ORIENTED_EDGE ( 'NONE', *, *, #1576, .F. ) ;
#451 = PRODUCT_DEFINITION_FORMATION_WITH_SPECIFIED_SOURCE ( 'ANY', '', #164, .NOT_KNOWN. ) ;
#452 = DIRECTION ( 'NONE',  ( 0.000000000000000000, 0.000000000000000000, 1.000000000000000000 ) ) ;
#453 = EDGE_CURVE ( 'NONE', #512, #143, #531, .T. ) ;
#454 = DIRECTION ( 'NONE',  ( -0.000000000000000000, -0.000000000000000000, -1.000000000000000000 ) ) ;
#455 = FACE_OUTER_BOUND ( 'NONE', #1787, .T. ) ;
#456 = CARTESIAN_POINT ( 'NONE',  ( 0.000000000000000000, 0.000000000000000000, 30.80000000000000071 ) ) ;
#457 = EDGE_LOOP ( 'NONE', ( #232, #1432, #1823, #201 ) ) ;
#458 = CYLINDRICAL_SURFACE ( 'NONE', #403, 3.500000000000000000 ) ;
#459 = AXIS2_PLACEMENT_3D ( 'NONE', #907, #1056, #489 ) ;
#460 = CARTESIAN_POINT ( 'NONE',  ( 0.000000000000000000, 0.000000000000000000, 62.30000000000000426 ) ) ;
#461 = PLANE ( 'NONE',  #392 ) ;
#462 = DIRECTION ( 'NONE',  ( 1.000000000000000000, 0.000000000000000000, -0.000000000000000000 ) ) ;
#463 = CARTESIAN_POINT ( 'NONE',  ( 0.2500000000000019984, 7.750000000000001776, -4.000000000000000000 ) ) ;
#464 = ADVANCED_FACE ( 'NONE', ( #891 ), #923, .T. ) ;
#465 = VECTOR ( 'NONE', #1512, 1000.000000000000000 ) ;
#466 = ORIENTED_EDGE ( 'NONE', *, *, #245, .T. ) ;
#467 = FACE_OUTER_BOUND ( 'NONE', #1094, .T. ) ;
#468 = AXIS2_PLACEMENT_3D ( 'NONE', #845, #1278, #1852 ) ;
#469 = PERSON_AND_ORGANIZATION_ROLE ( 'creator' ) ;
#470 = EDGE_CURVE ( 'NONE', #1363, #1771, #1454, .T. ) ;
#471 = ORIENTED_EDGE ( 'NONE', *, *, #681, .T. ) ;
#472 = EDGE_CURVE ( 'NONE', #143, #1228, #1008, .T. ) ;
#473 = DIRECTION ( 'NONE',  ( 1.000000000000000000, 0.000000000000000000, 0.000000000000000000 ) ) ;
#474 = CARTESIAN_POINT ( 'NONE',  ( -12.19999999999999929, 1.494069094959770859E-15, -10.00000000000000000 ) ) ;
#475 = ORIENTED_EDGE ( 'NONE', *, *, #594, .T. ) ;
#476 = DIRECTION ( 'NONE',  ( -1.000000000000000000, 0.000000000000000000, 0.000000000000000000 ) ) ;
#477 = ORIENTED_EDGE ( 'NONE', *, *, #1249, .F. ) ;
#478 = CARTESIAN_POINT ( 'NONE',  ( 1.322875655532295136, 1.500000000000000000, 54.30000000000000426 ) ) ;
#479 = EDGE_CURVE ( 'NONE', #304, #1839, #1367, .T. ) ;
#480 = CALENDAR_DATE ( 2026, 16, 9 ) ;
#481 = ORIENTED_EDGE ( 'NONE', *, *, #530, .F. ) ;
#482 = AXIS2_PLACEMENT_3D ( 'NONE', #715, #302, #705 ) ;
#483 = AXIS2_PLACEMENT_3D ( 'NONE', #122, #3, #275 ) ;
#484 = DIRECTION ( 'NONE',  ( -1.000000000000000000, 0.000000000000000000, 0.000000000000000000 ) ) ;
#485 = APPROVAL_PERSON_ORGANIZATION ( #1201, #1652, #765 ) ;
#486 = FACE_BOUND ( 'NONE', #642, .T. ) ;
#487 = CARTESIAN_POINT ( 'NONE',  ( 3.250000000000000444, 0.000000000000000000, -1.499999999999997780 ) ) ;
#488 = ORIENTED_EDGE ( 'NONE', *, *, #1583, .F. ) ;
#489 = DIRECTION ( 'NONE',  ( -1.000000000000000000, 0.000000000000000000, 0.000000000000000000 ) ) ;
#490 = CALENDAR_DATE ( 2026, 16, 9 ) ;
#491 = ORIENTED_EDGE ( 'NONE', *, *, #1012, .T. ) ;
#492 = EDGE_CURVE ( 'NONE', #1692, #1085, #1212, .T. ) ;
#493 = DIRECTION ( 'NONE',  ( 0.000000000000000000, 0.000000000000000000, 1.000000000000000000 ) ) ;
#494 = VECTOR ( 'NONE', #1036, 1000.000000000000000 ) ;
#495 = EDGE_CURVE ( 'NONE', #940, #963, #67, .T. ) ;
#496 = AXIS2_PLACEMENT_3D ( 'NONE', #77, #1516, #1257 ) ;
#497 = FACE_BOUND ( 'NONE', #1806, .T. ) ;
#498 = DIRECTION ( 'NONE',  ( -0.000000000000000000, 0.000000000000000000, 1.000000000000000000 ) ) ;
#499 = ORIENTED_EDGE ( 'NONE', *, *, #1529, .T. ) ;
#500 = DIRECTION ( 'NONE',  ( -1.000000000000000000, 0.000000000000000000, 0.000000000000000000 ) ) ;
#501 = AXIS2_PLACEMENT_3D ( 'NONE', #236, #1216, #206 ) ;
#502 = PERSON_AND_ORGANIZATION_ROLE ( 'design_supplier' ) ;
#503 = ORIENTED_EDGE ( 'NONE', *, *, #1003, .F. ) ;
#504 = VECTOR ( 'NONE', #362, 1000.000000000000000 ) ;
#505 =( LENGTH_UNIT ( ) NAMED_UNIT ( * ) SI_UNIT ( .MILLI., .METRE. ) );
#506 = ADVANCED_FACE ( 'NONE', ( #1259 ), #560, .T. ) ;
#507 = CYLINDRICAL_SURFACE ( 'NONE', #1188, 2.500000000000000444 ) ;
#508 = DIRECTION ( 'NONE',  ( -0.000000000000000000, 0.000000000000000000, 1.000000000000000000 ) ) ;
#509 = ORIENTED_EDGE ( 'NONE', *, *, #1471, .F. ) ;
#510 = FACE_BOUND ( 'NONE', #1020, .T. ) ;
#511 = EDGE_CURVE ( 'NONE', #963, #755, #687, .T. ) ;
#512 = VERTEX_POINT ( 'NONE', #1127 ) ;
#513 = CYLINDRICAL_SURFACE ( 'NONE', #7, 2.000000000000000000 ) ;
#514 = CIRCLE ( 'NONE', #815, 1.500000000000000000 ) ;
#515 = DIRECTION ( 'NONE',  ( -0.000000000000000000, -0.000000000000000000, 1.000000000000000000 ) ) ;
#516 = CIRCLE ( 'NONE', #908, 2.000000000000000000 ) ;
#517 = FACE_OUTER_BOUND ( 'NONE', #1525, .T. ) ;
#518 = LOCAL_TIME ( 16, 10, 33.00000000000000000, #1776 ) ;
#519 = DIRECTION ( 'NONE',  ( 0.000000000000000000, 0.000000000000000000, 1.000000000000000000 ) ) ;
#520 = ORIENTED_EDGE ( 'NONE', *, *, #530, .T. ) ;
#521 = DIRECTION ( 'NONE',  ( -0.000000000000000000, -0.000000000000000000, -1.000000000000000000 ) ) ;
#522 = EDGE_LOOP ( 'NONE', ( #241, #1644, #1781, #1763 ) ) ;
#523 = DIRECTION ( 'NONE',  ( -1.000000000000000000, 0.000000000000000000, 0.000000000000000000 ) ) ;
#524 = CARTESIAN_POINT ( 'NONE',  ( -1.322875655532295136, 1.500000000000000000, 62.04999999999999005 ) ) ;
#525 = DIRECTION ( 'NONE',  ( -1.000000000000000000, 0.000000000000000000, 0.000000000000000000 ) ) ;
#526 = DIRECTION ( 'NONE',  ( -0.000000000000000000, -0.000000000000000000, 1.000000000000000000 ) ) ;
#527 = CIRCLE ( 'NONE', #1579, 1.249999999999999334 ) ;
#528 = ORIENTED_EDGE ( 'NONE', *, *, #1504, .F. ) ;
#529 = CARTESIAN_POINT ( 'NONE',  ( 6.000000000000000000, -1.428561776189968632E-15, 47.79999999999999716 ) ) ;
#530 = EDGE_CURVE ( 'NONE', #1527, #1657, #1037, .T. ) ;
#531 = CIRCLE ( 'NONE', #1149, 1.749999999999994671 ) ;
#532 = VERTEX_POINT ( 'NONE', #1413 ) ;
#533 = DIRECTION ( 'NONE',  ( -1.000000000000000000, 0.000000000000000000, -0.000000000000000000 ) ) ;
#534 = EDGE_CURVE ( 'NONE', #773, #439, #1723, .T. ) ;
#535 = LINE ( 'NONE', #1104, #1476 ) ;
#536 = AXIS2_PLACEMENT_3D ( 'NONE', #398, #1130, #1004 ) ;
#537 = CARTESIAN_POINT ( 'NONE',  ( -6.985388409953197097, 14.99241250449256313, -11.00000000000000000 ) ) ;
#538 = DIRECTION ( 'NONE',  ( 1.000000000000000000, 0.000000000000000000, 0.000000000000000000 ) ) ;
#539 = ORIENTED_EDGE ( 'NONE', *, *, #1689, .F. ) ;
#540 = CARTESIAN_POINT ( 'NONE',  ( 0.2500000000000019984, -7.750000000000001776, -4.000000000000000000 ) ) ;
#541 = VERTEX_POINT ( 'NONE', #551 ) ;
#542 = ADVANCED_FACE ( 'NONE', ( #702 ), #666, .F. ) ;
#543 = CARTESIAN_POINT ( 'NONE',  ( -6.985388409953197986, 7.992412504492563130, -11.00000000000000000 ) ) ;
#544 = LINE ( 'NONE', #1235, #598 ) ;
#545 = DIRECTION ( 'NONE',  ( -1.000000000000000000, 0.000000000000000000, 0.000000000000000000 ) ) ;
#546 = VECTOR ( 'NONE', #526, 1000.000000000000000 ) ;
#547 = AXIS2_PLACEMENT_3D ( 'NONE', #1264, #130, #583 ) ;
#548 = ORIENTED_EDGE ( 'NONE', *, *, #992, .T. ) ;
#549 = CARTESIAN_POINT ( 'NONE',  ( -12.50000000000000000, 0.000000000000000000, 50.79999999999999716 ) ) ;
#550 = ORIENTED_EDGE ( 'NONE', *, *, #912, .T. ) ;
#551 = CARTESIAN_POINT ( 'NONE',  ( 1.322875655532295136, 1.500000000000000000, 62.04999999999999005 ) ) ;
#552 = ADVANCED_FACE ( 'NONE', ( #1119 ), #261, .F. ) ;
#553 = FACE_OUTER_BOUND ( 'NONE', #1855, .T. ) ;
#554 = CARTESIAN_POINT ( 'NONE',  ( 8.500000000000000000, -1.734723475976807094E-15, 44.29999999999999005 ) ) ;
#555 = EDGE_CURVE ( 'NONE', #1749, #195, #889, .T. ) ;
#556 = ORIENTED_EDGE ( 'NONE', *, *, #677, .T. ) ;
#557 = DIRECTION ( 'NONE',  ( 1.239088197126291063E-16, 1.000000000000000000, 0.000000000000000000 ) ) ;
#558 = VECTOR ( 'NONE', #897, 1000.000000000000000 ) ;
#559 = ORIENTED_EDGE ( 'NONE', *, *, #1541, .T. ) ;
#560 = CYLINDRICAL_SURFACE ( 'NONE', #430, 12.50000000000000000 ) ;
#561 = AXIS2_PLACEMENT_3D ( 'NONE', #61, #50, #764 ) ;
#562 = VECTOR ( 'NONE', #943, 1000.000000000000000 ) ;
#563 = DIRECTION ( 'NONE',  ( 1.000000000000000000, 0.000000000000000000, 0.000000000000000000 ) ) ;
#564 = ADVANCED_FACE ( 'NONE', ( #1268 ), #1842, .F. ) ;
#565 = FACE_OUTER_BOUND ( 'NONE', #1760, .T. ) ;
#566 = ORIENTED_EDGE ( 'NONE', *, *, #1391, .F. ) ;
#567 = CARTESIAN_POINT ( 'NONE',  ( 3.500000000000000000, 4.286263797015736595E-16, 50.79999999999999716 ) ) ;
#568 = VERTEX_POINT ( 'NONE', #1705 ) ;
#569 = DIRECTION ( 'NONE',  ( -0.000000000000000000, -0.000000000000000000, 1.000000000000000000 ) ) ;
#570 = EDGE_CURVE ( 'NONE', #760, #1175, #96, .T. ) ;
#571 = EDGE_LOOP ( 'NONE', ( #33, #85, #1757, #707 ) ) ;
#572 = CARTESIAN_POINT ( 'NONE',  ( -6.985388409953197097, 14.99241250449256313, -10.00000000000000000 ) ) ;
#573 = CARTESIAN_POINT ( 'NONE',  ( 0.000000000000000000, 0.000000000000000000, -2.000000000000000000 ) ) ;
#574 = VERTEX_POINT ( 'NONE', #1396 ) ;
#575 = DIRECTION ( 'NONE',  ( -0.000000000000000000, 0.000000000000000000, 1.000000000000000000 ) ) ;
#576 = CIRCLE ( 'NONE', #818, 0.5000000000000004441 ) ;
#577 = EDGE_CURVE ( 'NONE', #358, #1231, #1252, .T. ) ;
#578 = ORIENTED_EDGE ( 'NONE', *, *, #1461, .T. ) ;
#579 = FACE_OUTER_BOUND ( 'NONE', #1517, .T. ) ;
#580 = ORIENTED_EDGE ( 'NONE', *, *, #1237, .F. ) ;
#581 = ADVANCED_FACE ( 'NONE', ( #994 ), #1564, .F. ) ;
#582 = CARTESIAN_POINT ( 'NONE',  ( 0.2500000000000019984, -7.750000000000001776, 0.000000000000000000 ) ) ;
#583 = DIRECTION ( 'NONE',  ( -1.000000000000000000, 0.000000000000000000, 0.000000000000000000 ) ) ;
#584 = ORIENTED_EDGE ( 'NONE', *, *, #917, .F. ) ;
#585 = CARTESIAN_POINT ( 'NONE',  ( 0.000000000000000000, 0.000000000000000000, 30.80000000000000071 ) ) ;
#586 = ORIENTED_EDGE ( 'NONE', *, *, #1132, .T. ) ;
#587 = CARTESIAN_POINT ( 'NONE',  ( 0.000000000000000000, 0.000000000000000000, -2.000000000000000000 ) ) ;
#588 = ADVANCED_FACE ( 'NONE', ( #833 ), #814, .T. ) ;
#589 = VECTOR ( 'NONE', #1010, 1000.000000000000000 ) ;
#590 = VECTOR ( 'NONE', #446, 1000.000000000000000 ) ;
#591 = VECTOR ( 'NONE', #738, 1000.000000000000000 ) ;
#592 = DIRECTION ( 'NONE',  ( 0.000000000000000000, 0.000000000000000000, 1.000000000000000000 ) ) ;
#593 = CARTESIAN_POINT ( 'NONE',  ( 7.014611590046757605, 7.992412504492561354, -11.00000000000000000 ) ) ;
#594 = EDGE_CURVE ( 'NONE', #1437, #1795, #242, .T. ) ;
#595 = ORIENTED_EDGE ( 'NONE', *, *, #829, .F. ) ;
#596 = DIRECTION ( 'NONE',  ( 1.000000000000000000, 0.000000000000000000, 0.000000000000000000 ) ) ;
#597 = AXIS2_PLACEMENT_3D ( 'NONE', #1089, #352, #1673 ) ;
#598 = VECTOR ( 'NONE', #1810, 1000.000000000000000 ) ;
#599 = VERTEX_POINT ( 'NONE', #1109 ) ;
#600 = CARTESIAN_POINT ( 'NONE',  ( 0.000000000000000000, 0.000000000000000000, 53.29999999999999716 ) ) ;
#601 = VERTEX_POINT ( 'NONE', #975 ) ;
#602 = ADVANCED_FACE ( 'NONE', ( #1545 ), #250, .T. ) ;
#603 = LINE ( 'NONE', #1452, #252 ) ;
#604 = DIRECTION ( 'NONE',  ( 0.000000000000000000, -1.000000000000000000, 0.000000000000000000 ) ) ;
#605 = FACE_BOUND ( 'NONE', #1573, .T. ) ;
#606 = CARTESIAN_POINT ( 'NONE',  ( 7.250000000000000888, -1.581642626083388159E-15, 47.79999999999999716 ) ) ;
#607 = ORIENTED_EDGE ( 'NONE', *, *, #511, .T. ) ;
#608 = CARTESIAN_POINT ( 'NONE',  ( 6.000000000000000000, -1.428561776189968632E-15, 50.79999999999999716 ) ) ;
#609 = VECTOR ( 'NONE', #1236, 1000.000000000000000 ) ;
#610 = VERTEX_POINT ( 'NONE', #711 ) ;
#611 = CIRCLE ( 'NONE', #483, 2.000000000000000000 ) ;
#612 = CARTESIAN_POINT ( 'NONE',  ( 8.500000000000000000, -1.734723475976807094E-15, 50.79999999999999716 ) ) ;
#613 = DIRECTION ( 'NONE',  ( 0.000000000000000000, 0.000000000000000000, -1.000000000000000000 ) ) ;
#614 = EDGE_CURVE ( 'NONE', #1612, #760, #1002, .T. ) ;
#615 = FACE_BOUND ( 'NONE', #1581, .T. ) ;
#616 = DIRECTION ( 'NONE',  ( -0.7071067811865352493, 0.000000000000000000, -0.7071067811865597852 ) ) ;
#617 = ORIENTED_EDGE ( 'NONE', *, *, #614, .T. ) ;
#618 = CYLINDRICAL_SURFACE ( 'NONE', #1369, 1.500000000000000000 ) ;
#619 = ADVANCED_FACE ( 'NONE', ( #1613 ), #1460, .T. ) ;
#620 = DATE_AND_TIME ( #490, #1538 ) ;
#621 = ORIENTED_EDGE ( 'NONE', *, *, #93, .T. ) ;
#622 = VECTOR ( 'NONE', #746, 1000.000000000000000 ) ;
#623 = DIRECTION ( 'NONE',  ( 0.000000000000000000, 0.000000000000000000, 1.000000000000000000 ) ) ;
#624 = CARTESIAN_POINT ( 'NONE',  ( 2.750000000000002665, 0.000000000000000000, -2.000000000000000000 ) ) ;
#625 = CIRCLE ( 'NONE', #406, 12.00000000000000000 ) ;
#626 = DIRECTION ( 'NONE',  ( -1.000000000000000000, 0.000000000000000000, -0.000000000000000000 ) ) ;
#627 = FACE_OUTER_BOUND ( 'NONE', #974, .T. ) ;
#628 = ORIENTED_EDGE ( 'NONE', *, *, #1541, .F. ) ;
#629 = DIRECTION ( 'NONE',  ( -0.000000000000000000, -0.000000000000000000, 1.000000000000000000 ) ) ;
#630 = COORDINATED_UNIVERSAL_TIME_OFFSET ( 5, 0, .BEHIND. ) ;
#631 = ORIENTED_EDGE ( 'NONE', *, *, #470, .F. ) ;
#632 = FACE_OUTER_BOUND ( 'NONE', #1313, .T. ) ;
#633 = EDGE_LOOP ( 'NONE', ( #5, #1709, #910, #179 ) ) ;
#634 = DIRECTION ( 'NONE',  ( 0.000000000000000000, 0.000000000000000000, 1.000000000000000000 ) ) ;
#635 = ORIENTED_EDGE ( 'NONE', *, *, #120, .F. ) ;
#636 = DIRECTION ( 'NONE',  ( -0.000000000000000000, 0.000000000000000000, 1.000000000000000000 ) ) ;
#637 =( NAMED_UNIT ( * ) SI_UNIT ( $, .STERADIAN. ) SOLID_ANGLE_UNIT ( ) );
#638 = ORIENTED_EDGE ( 'NONE', *, *, #1583, .T. ) ;
#639 = VECTOR ( 'NONE', #989, 1000.000000000000000 ) ;
#640 = AXIS2_PLACEMENT_3D ( 'NONE', #80, #73, #379 ) ;
#641 = FACE_BOUND ( 'NONE', #1374, .T. ) ;
#642 = EDGE_LOOP ( 'NONE', ( #374, #566 ) ) ;
#643 = CARTESIAN_POINT ( 'NONE',  ( -6.000000000000000000, -1.734723475976807094E-15, 47.79999999999999716 ) ) ;
#644 = ORIENTED_EDGE ( 'NONE', *, *, #1861, .T. ) ;
#645 = CARTESIAN_POINT ( 'NONE',  ( 3.250000000000000444, 0.000000000000000000, 0.000000000000000000 ) ) ;
#646 = CARTESIAN_POINT ( 'NONE',  ( 0.000000000000000000, 0.000000000000000000, 0.000000000000000000 ) ) ;
#647 = ORIENTED_EDGE ( 'NONE', *, *, #410, .T. ) ;
#648 = EDGE_CURVE ( 'NONE', #1536, #1068, #527, .T. ) ;
#649 = LINE ( 'NONE', #90, #878 ) ;
#650 = AXIS2_PLACEMENT_3D ( 'NONE', #1102, #1556, #1387 ) ;
#651 = AXIS2_PLACEMENT_3D ( 'NONE', #1824, #521, #1831 ) ;
#652 = LINE ( 'NONE', #1502, #834 ) ;
#653 = DIRECTION ( 'NONE',  ( 0.000000000000000000, 0.000000000000000000, 1.000000000000000000 ) ) ;
#654 = VERTEX_POINT ( 'NONE', #1029 ) ;
#655 = LINE ( 'NONE', #1794, #36 ) ;
#656 = ORIENTED_EDGE ( 'NONE', *, *, #1391, .T. ) ;
#657 = CARTESIAN_POINT ( 'NONE',  ( -12.00000000000000000, 1.469576158976823947E-15, 31.30000000000000071 ) ) ;
#658 = AXIS2_PLACEMENT_3D ( 'NONE', #415, #263, #1408 ) ;
#659 = LINE ( 'NONE', #807, #1233 ) ;
#660 = ADVANCED_FACE ( 'NONE', ( #1713 ), #160, .T. ) ;
#661 = FACE_OUTER_BOUND ( 'NONE', #1321, .T. ) ;
#662 = DIRECTION ( 'NONE',  ( 1.000000000000000000, 0.000000000000000000, 0.000000000000000000 ) ) ;
#663 = EDGE_LOOP ( 'NONE', ( #355, #1126, #1589, #638 ) ) ;
#664 = DIRECTION ( 'NONE',  ( -1.000000000000000000, 0.000000000000000000, 0.000000000000000000 ) ) ;
#665 = VERTEX_POINT ( 'NONE', #744 ) ;
#666 = PLANE ( 'NONE',  #650 ) ;
#667 = VECTOR ( 'NONE', #616, 1000.000000000000000 ) ;
#668 = DIRECTION ( 'NONE',  ( 1.000000000000000000, 0.000000000000000000, 0.000000000000000000 ) ) ;
#669 = TOROIDAL_SURFACE ( 'NONE', #363, 11.19999999999999751, 1.000000000000000000 ) ;
#670 = DIRECTION ( 'NONE',  ( -1.000000000000000000, 0.000000000000000000, -0.000000000000000000 ) ) ;
#671 = EDGE_CURVE ( 'NONE', #322, #1048, #682, .T. ) ;
#672 = CYLINDRICAL_SURFACE ( 'NONE', #1197, 12.50000000000000000 ) ;
#673 = VERTEX_POINT ( 'NONE', #307 ) ;
#674 = PLANE ( 'NONE',  #1756 ) ;
#675 = ORIENTED_EDGE ( 'NONE', *, *, #936, .F. ) ;
#676 = CARTESIAN_POINT ( 'NONE',  ( 0.000000000000000000, 0.000000000000000000, -10.00000000000000000 ) ) ;
#677 = EDGE_CURVE ( 'NONE', #1228, #1309, #1312, .T. ) ;
#678 = DIRECTION ( 'NONE',  ( 1.000000000000000000, 0.000000000000000000, 0.000000000000000000 ) ) ;
#679 = CARTESIAN_POINT ( 'NONE',  ( 0.000000000000000000, 0.000000000000000000, 30.80000000000000071 ) ) ;
#680 = LINE ( 'NONE', #1105, #1260 ) ;
#681 = EDGE_CURVE ( 'NONE', #1228, #541, #1335, .T. ) ;
#682 = CIRCLE ( 'NONE', #1726, 2.500000000000000444 ) ;
#683 = ORIENTED_EDGE ( 'NONE', *, *, #495, .F. ) ;
#684 = PLANE ( 'NONE',  #127 ) ;
#685 = VECTOR ( 'NONE', #1534, 1000.000000000000000 ) ;
#686 = ORIENTED_EDGE ( 'NONE', *, *, #423, .F. ) ;
#687 = LINE ( 'NONE', #89, #1817 ) ;
#688 = DIRECTION ( 'NONE',  ( 0.000000000000000000, 0.000000000000000000, -1.000000000000000000 ) ) ;
#689 = PLANE ( 'NONE',  #145 ) ;
#690 = EDGE_LOOP ( 'NONE', ( #1509, #1082 ) ) ;
#691 = FACE_OUTER_BOUND ( 'NONE', #1172, .T. ) ;
#692 = ORIENTED_EDGE ( 'NONE', *, *, #150, .T. ) ;
#693 = DIRECTION ( 'NONE',  ( -0.000000000000000000, 0.000000000000000000, 1.000000000000000000 ) ) ;
#694 = ADVANCED_FACE ( 'NONE', ( #1019 ), #1302, .F. ) ;
#695 = FACE_BOUND ( 'NONE', #287, .T. ) ;
#696 = FACE_OUTER_BOUND ( 'NONE', #327, .T. ) ;
#697 = VECTOR ( 'NONE', #1603, 1000.000000000000000 ) ;
#698 = AXIS2_PLACEMENT_3D ( 'NONE', #1511, #1819, #243 ) ;
#699 = ORIENTED_EDGE ( 'NONE', *, *, #1032, .F. ) ;
#700 = LINE ( 'NONE', #1804, #685 ) ;
#701 = ORIENTED_EDGE ( 'NONE', *, *, #378, .T. ) ;
#702 = FACE_OUTER_BOUND ( 'NONE', #571, .T. ) ;
#703 = EDGE_CURVE ( 'NONE', #439, #773, #1398, .T. ) ;
#704 = DIRECTION ( 'NONE',  ( 1.000000000000000000, 0.000000000000000000, 0.000000000000000000 ) ) ;
#705 = DIRECTION ( 'NONE',  ( 1.000000000000000000, 0.000000000000000000, 0.000000000000000000 ) ) ;
#706 = EDGE_CURVE ( 'NONE', #1068, #1536, #1638, .T. ) ;
#707 = ORIENTED_EDGE ( 'NONE', *, *, #806, .F. ) ;
#708 = CYLINDRICAL_SURFACE ( 'NONE', #1505, 2.000000000000000000 ) ;
#709 = VECTOR ( 'NONE', #98, 1000.000000000000000 ) ;
#710 = ORIENTED_EDGE ( 'NONE', *, *, #863, .T. ) ;
#711 = CARTESIAN_POINT ( 'NONE',  ( -11.00000000000000178, -1.428561776189968632E-15, 47.79999999999999716 ) ) ;
#712 = CIRCLE ( 'NONE', #1336, 2.500000000000000444 ) ;
#713 = AXIS2_PLACEMENT_3D ( 'NONE', #1754, #1195, #626 ) ;
#714 = CARTESIAN_POINT ( 'NONE',  ( -8.500000000000000000, -1.734723475976807094E-15, 47.79999999999999716 ) ) ;
#715 = CARTESIAN_POINT ( 'NONE',  ( 0.000000000000000000, 0.000000000000000000, 31.30000000000000071 ) ) ;
#716 = CIRCLE ( 'NONE', #1818, 0.5000000000000004441 ) ;
#717 = VERTEX_POINT ( 'NONE', #1137 ) ;
#718 = DIRECTION ( 'NONE',  ( -0.000000000000000000, -0.000000000000000000, -1.000000000000000000 ) ) ;
#719 = EDGE_LOOP ( 'NONE', ( #692, #520 ) ) ;
#720 = DIRECTION ( 'NONE',  ( -1.000000000000000000, 0.000000000000000000, 0.000000000000000000 ) ) ;
#721 = DIRECTION ( 'NONE',  ( 1.239088197126291063E-16, 1.000000000000000000, 0.000000000000000000 ) ) ;
#722 = DIRECTION ( 'NONE',  ( 1.000000000000000000, 0.000000000000000000, 0.000000000000000000 ) ) ;
#723 = ADVANCED_FACE ( 'NONE', ( #1295 ), #458, .T. ) ;
#724 = ORIENTED_EDGE ( 'NONE', *, *, #72, .T. ) ;
#725 = AXIS2_PLACEMENT_3D ( 'NONE', #1351, #1466, #790 ) ;
#726 = LINE ( 'NONE', #1856, #1595 ) ;
#727 = AXIS2_PLACEMENT_3D ( 'NONE', #554, #1022, #1158 ) ;
#728 = EDGE_CURVE ( 'NONE', #159, #1430, #19, .T. ) ;
#729 = EDGE_LOOP ( 'NONE', ( #285, #123, #295, #1825 ) ) ;
#730 = CARTESIAN_POINT ( 'NONE',  ( 0.000000000000000000, 0.000000000000000000, 50.29999999999999716 ) ) ;
#731 = CARTESIAN_POINT ( 'NONE',  ( 7.250000000000000888, -1.581642626083388159E-15, 44.29999999999999005 ) ) ;
#732 = FACE_OUTER_BOUND ( 'NONE', #1108, .T. ) ;
#733 = ORIENTED_EDGE ( 'NONE', *, *, #1625, .F. ) ;
#734 = CARTESIAN_POINT ( 'NONE',  ( 11.00000000000000178, -1.734723475976807094E-15, 47.79999999999999716 ) ) ;
#735 = EDGE_LOOP ( 'NONE', ( #1447, #763, #656, #993 ) ) ;
#736 = LINE ( 'NONE', #1162, #558 ) ;
#737 = AXIS2_PLACEMENT_3D ( 'NONE', #177, #623, #1463 ) ;
#738 = DIRECTION ( 'NONE',  ( 0.7071067811865352493, 8.659560562354782482E-17, -0.7071067811865597852 ) ) ;
#739 = DIRECTION ( 'NONE',  ( -0.000000000000000000, 0.000000000000000000, 1.000000000000000000 ) ) ;
#740 = ORIENTED_EDGE ( 'NONE', *, *, #671, .T. ) ;
#741 = FACE_OUTER_BOUND ( 'NONE', #1345, .T. ) ;
#742 = AXIS2_PLACEMENT_3D ( 'NONE', #1425, #1417, #1121 ) ;
#743 = ORIENTED_EDGE ( 'NONE', *, *, #1499, .F. ) ;
#744 = CARTESIAN_POINT ( 'NONE',  ( 1.500000000000000000, -8.500000000000000000, 50.79999999999999716 ) ) ;
#745 = ADVANCED_FACE ( 'NONE', ( #579 ), #308, .T. ) ;
#746 = DIRECTION ( 'NONE',  ( -0.000000000000000000, -0.000000000000000000, 1.000000000000000000 ) ) ;
#747 = FACE_OUTER_BOUND ( 'NONE', #306, .T. ) ;
#748 = CARTESIAN_POINT ( 'NONE',  ( 7.014611590046756717, 14.99241250449256313, -11.00000000000000000 ) ) ;
#749 = LINE ( 'NONE', #1648, #55 ) ;
#750 = VECTOR ( 'NONE', #1180, 1000.000000000000000 ) ;
#751 = ORIENTED_EDGE ( 'NONE', *, *, #186, .F. ) ;
#752 = DIRECTION ( 'NONE',  ( 1.000000000000000000, 0.000000000000000000, 0.000000000000000000 ) ) ;
#753 = AXIS2_PLACEMENT_3D ( 'NONE', #1762, #1307, #778 ) ;
#754 = DATE_TIME_ROLE ( 'creation_date' ) ;
#755 = VERTEX_POINT ( 'NONE', #608 ) ;
#756 = APPROVAL_PERSON_ORGANIZATION ( #326, #1279, #357 ) ;
#757 = EDGE_CURVE ( 'NONE', #1006, #265, #736, .T. ) ;
#758 = CARTESIAN_POINT ( 'NONE',  ( -6.985388409953197986, 7.992412504492563130, -11.00000000000000000 ) ) ;
#759 = CARTESIAN_POINT ( 'NONE',  ( 0.2500000000000026090, -9.750000000000001776, -2.000000000000000000 ) ) ;
#760 = VERTEX_POINT ( 'NONE', #448 ) ;
#761 = DIRECTION ( 'NONE',  ( -1.000000000000000000, 0.000000000000000000, 0.000000000000000000 ) ) ;
#762 = EDGE_CURVE ( 'NONE', #1085, #1839, #1608, .T. ) ;
#763 = ORIENTED_EDGE ( 'NONE', *, *, #829, .T. ) ;
#764 = DIRECTION ( 'NONE',  ( 1.000000000000000000, 0.000000000000000000, 0.000000000000000000 ) ) ;
#765 = APPROVAL_ROLE ( '' ) ;
#766 = EDGE_LOOP ( 'NONE', ( #401, #183, #1594, #1747 ) ) ;
#767 = AXIS2_PLACEMENT_3D ( 'NONE', #224, #13, #900 ) ;
#768 = CARTESIAN_POINT ( 'NONE',  ( -12.19999999999999929, 0.000000000000000000, 30.80000000000000071 ) ) ;
#769 = VECTOR ( 'NONE', #1040, 1000.000000000000000 ) ;
#770 = ORIENTED_EDGE ( 'NONE', *, *, #793, .F. ) ;
#771 = CARTESIAN_POINT ( 'NONE',  ( 0.000000000000000000, 0.000000000000000000, -10.00000000000000000 ) ) ;
#772 = VECTOR ( 'NONE', #1042, 1000.000000000000000 ) ;
#773 = VERTEX_POINT ( 'NONE', #774 ) ;
#774 = CARTESIAN_POINT ( 'NONE',  ( 12.19999999999999929, 0.000000000000000000, -2.000000000000000000 ) ) ;
#775 = AXIS2_PLACEMENT_3D ( 'NONE', #1577, #1724, #563 ) ;
#776 = PERSON_AND_ORGANIZATION ( #1276, #1290 ) ;
#777 = ORIENTED_EDGE ( 'NONE', *, *, #1328, .F. ) ;
#778 = DIRECTION ( 'NONE',  ( 1.000000000000000000, 0.000000000000000000, -0.000000000000000000 ) ) ;
#779 = ORIENTED_EDGE ( 'NONE', *, *, #235, .F. ) ;
#780 = LINE ( 'NONE', #643, #1474 ) ;
#781 = EDGE_CURVE ( 'NONE', #1634, #1028, #1658, .T. ) ;
#782 = ORIENTED_EDGE ( 'NONE', *, *, #1355, .T. ) ;
#783 = CARTESIAN_POINT ( 'NONE',  ( -0.2499999999999973910, 9.750000000000001776, 0.000000000000000000 ) ) ;
#784 = ADVANCED_FACE ( 'NONE', ( #510, #1468 ), #182, .T. ) ;
#785 = ORIENTED_EDGE ( 'NONE', *, *, #986, .F. ) ;
#786 = APPLICATION_CONTEXT ( 'configuration controlled 3d designs of mechanical parts and assemblies' ) ;
#787 = VECTOR ( 'NONE', #484, 1000.000000000000000 ) ;
#788 = FACE_OUTER_BOUND ( 'NONE', #1631, .T. ) ;
#789 = DIRECTION ( 'NONE',  ( -1.000000000000000000, 1.224646799147353454E-16, 0.000000000000000000 ) ) ;
#790 = DIRECTION ( 'NONE',  ( 1.239088197126291310E-16, 1.000000000000000000, 0.000000000000000000 ) ) ;
#791 = EDGE_LOOP ( 'NONE', ( #550, #1325, #635, #644 ) ) ;
#792 = CARTESIAN_POINT ( 'NONE',  ( 0.000000000000000000, 0.000000000000000000, 31.30000000000000071 ) ) ;
#793 = EDGE_CURVE ( 'NONE', #1575, #304, #1322, .T. ) ;
#794 = ORIENTED_EDGE ( 'NONE', *, *, #62, .F. ) ;
#795 = CARTESIAN_POINT ( 'NONE',  ( 0.000000000000000000, 0.000000000000000000, 53.29999999999999716 ) ) ;
#796 = ADVANCED_FACE ( 'NONE', ( #1364 ), #938, .T. ) ;
#797 = DIRECTION ( 'NONE',  ( -1.000000000000000000, 0.000000000000000000, 0.000000000000000000 ) ) ;
#798 = AXIS2_PLACEMENT_3D ( 'NONE', #1406, #110, #315 ) ;
#799 = AXIS2_PLACEMENT_3D ( 'NONE', #1045, #1622, #325 ) ;
#800 = CARTESIAN_POINT ( 'NONE',  ( 1.749999999999994671, 2.296212748401284028E-16, 62.30000000000000426 ) ) ;
#801 = DIRECTION ( 'NONE',  ( 1.000000000000000000, 0.000000000000000000, 0.000000000000000000 ) ) ;
#802 = ORIENTED_EDGE ( 'NONE', *, *, #212, .F. ) ;
#803 = CARTESIAN_POINT ( 'NONE',  ( -0.2499999999999973910, -9.750000000000001776, 0.000000000000000000 ) ) ;
#804 = ORIENTED_EDGE ( 'NONE', *, *, #648, .T. ) ;
#805 = DIRECTION ( 'NONE',  ( -0.000000000000000000, -0.000000000000000000, -1.000000000000000000 ) ) ;
#806 = EDGE_CURVE ( 'NONE', #568, #915, #1507, .T. ) ;
#807 = CARTESIAN_POINT ( 'NONE',  ( -12.19999999999999929, 1.494069094959770859E-15, -10.00000000000000000 ) ) ;
#808 = ADVANCED_FACE ( 'NONE', ( #1650 ), #1427, .T. ) ;
#809 = DIRECTION ( 'NONE',  ( 1.000000000000000000, 0.000000000000000000, 0.000000000000000000 ) ) ;
#810 = CYLINDRICAL_SURFACE ( 'NONE', #1286, 1.500000000000000000 ) ;
#811 = ORIENTED_EDGE ( 'NONE', *, *, #186, .T. ) ;
#812 = CARTESIAN_POINT ( 'NONE',  ( -3.250000000000000444, 3.980102097228898231E-16, -1.499999999999997780 ) ) ;
#813 = EDGE_LOOP ( 'NONE', ( #1193, #188, #1178, #1078 ) ) ;
#814 = PLANE ( 'NONE',  #1123 ) ;
#815 = AXIS2_PLACEMENT_3D ( 'NONE', #1829, #399, #538 ) ;
#816 = DIRECTION ( 'NONE',  ( 0.000000000000000000, 0.000000000000000000, -1.000000000000000000 ) ) ;
#817 = CC_DESIGN_PERSON_AND_ORGANIZATION_ASSIGNMENT ( #1210, #338, ( #911 ) ) ;
#818 = AXIS2_PLACEMENT_3D ( 'NONE', #310, #604, #1166 ) ;
#819 = CARTESIAN_POINT ( 'NONE',  ( 7.014611590046757605, 7.992412504492561354, -10.00000000000000000 ) ) ;
#820 = DIRECTION ( 'NONE',  ( 1.000000000000000000, 0.000000000000000000, 0.000000000000000000 ) ) ;
#821 = VERTEX_POINT ( 'NONE', #783 ) ;
#822 = CARTESIAN_POINT ( 'NONE',  ( 1.322875655532295136, 1.500000000000000000, 54.30000000000000426 ) ) ;
#823 = ORIENTED_EDGE ( 'NONE', *, *, #1012, .F. ) ;
#824 = DIRECTION ( 'NONE',  ( -1.000000000000000000, 0.000000000000000000, 0.000000000000000000 ) ) ;
#825 = CARTESIAN_POINT ( 'NONE',  ( -1.500000000000003109, 8.500000000000000000, 50.79999999999999716 ) ) ;
#826 = LINE ( 'NONE', #1800, #297 ) ;
#827 = AXIS2_PLACEMENT_3D ( 'NONE', #1232, #1681, #842 ) ;
#828 = AXIS2_PLACEMENT_3D ( 'NONE', #1737, #850, #1144 ) ;
#829 = EDGE_CURVE ( 'NONE', #610, #1048, #655, .T. ) ;
#830 = EDGE_LOOP ( 'NONE', ( #1376, #1493, #811, #1424 ) ) ;
#831 = DIRECTION ( 'NONE',  ( 0.000000000000000000, 1.000000000000000000, 0.000000000000000000 ) ) ;
#832 = ORIENTED_EDGE ( 'NONE', *, *, #1051, .F. ) ;
#833 = FACE_OUTER_BOUND ( 'NONE', #1106, .T. ) ;
#834 = VECTOR ( 'NONE', #371, 1000.000000000000000 ) ;
#835 = CONICAL_SURFACE ( 'NONE', #42, 2.750000000000002665, 0.7853981633974439491 ) ;
#836 = DIRECTION ( 'NONE',  ( 1.000000000000000000, 0.000000000000000000, 0.000000000000000000 ) ) ;
#837 = CARTESIAN_POINT ( 'NONE',  ( 7.014611590046756717, 14.99241250449256313, -10.00000000000000000 ) ) ;
#838 = VERTEX_POINT ( 'NONE', #645 ) ;
#839 = CARTESIAN_POINT ( 'NONE',  ( 0.2500000000000026090, 9.750000000000001776, -2.000000000000000000 ) ) ;
#840 = EDGE_CURVE ( 'NONE', #654, #755, #712, .T. ) ;
#841 = ORIENTED_EDGE ( 'NONE', *, *, #534, .T. ) ;
#842 = DIRECTION ( 'NONE',  ( 0.000000000000000000, -0.000000000000000000, -1.000000000000000000 ) ) ;
#843 = EDGE_CURVE ( 'NONE', #277, #293, #432, .T. ) ;
#844 = CIRCLE ( 'NONE', #1230, 1.500000000000000000 ) ;
#845 = CARTESIAN_POINT ( 'NONE',  ( 0.000000000000000000, 0.000000000000000000, 47.79999999999999716 ) ) ;
#846 = FACE_OUTER_BOUND ( 'NONE', #1487, .T. ) ;
#847 = AXIS2_PLACEMENT_3D ( 'NONE', #1674, #519, #820 ) ;
#848 = AXIS2_PLACEMENT_3D ( 'NONE', #1559, #264, #865 ) ;
#849 = ORIENTED_EDGE ( 'NONE', *, *, #706, .F. ) ;
#850 = DIRECTION ( 'NONE',  ( 0.000000000000000000, 0.000000000000000000, 1.000000000000000000 ) ) ;
#851 = VERTEX_POINT ( 'NONE', #367 ) ;
#852 = CARTESIAN_POINT ( 'NONE',  ( 0.000000000000000000, 0.000000000000000000, -11.00000000000000000 ) ) ;
#853 = EDGE_CURVE ( 'NONE', #963, #940, #1580, .T. ) ;
#854 = CARTESIAN_POINT ( 'NONE',  ( -6.000000000000000000, -1.734723475976807094E-15, 50.79999999999999716 ) ) ;
#855 = FACE_OUTER_BOUND ( 'NONE', #314, .T. ) ;
#856 = ORIENTED_EDGE ( 'NONE', *, *, #472, .T. ) ;
#857 = CARTESIAN_POINT ( 'NONE',  ( -6.000000000000000000, -1.734723475976807094E-15, 47.79999999999999716 ) ) ;
#858 = VECTOR ( 'NONE', #500, 1000.000000000000000 ) ;
#859 = ORIENTED_EDGE ( 'NONE', *, *, #292, .F. ) ;
#860 = DIRECTION ( 'NONE',  ( 1.000000000000000000, 0.000000000000000000, 0.000000000000000000 ) ) ;
#861 = CIRCLE ( 'NONE', #1152, 1.500000000000000000 ) ;
#862 = ORIENTED_EDGE ( 'NONE', *, *, #365, .F. ) ;
#863 = EDGE_CURVE ( 'NONE', #915, #1350, #1209, .T. ) ;
#864 = CARTESIAN_POINT ( 'NONE',  ( 0.000000000000000000, 0.000000000000000000, 29.80000000000000071 ) ) ;
#865 = DIRECTION ( 'NONE',  ( -2.981555974335137194E-16, -1.000000000000000000, 0.000000000000000000 ) ) ;
#866 = AXIS2_PLACEMENT_3D ( 'NONE', #864, #872, #1844 ) ;
#867 = ORIENTED_EDGE ( 'NONE', *, *, #1461, .F. ) ;
#868 = CARTESIAN_POINT ( 'NONE',  ( 0.2500000000000026090, 9.750000000000001776, -4.000000000000000000 ) ) ;
#869 = ORIENTED_EDGE ( 'NONE', *, *, #1746, .F. ) ;
#870 = DIRECTION ( 'NONE',  ( 1.000000000000000000, 0.000000000000000000, 0.000000000000000000 ) ) ;
#871 = ORIENTED_EDGE ( 'NONE', *, *, #1113, .F. ) ;
#872 = DIRECTION ( 'NONE',  ( -0.000000000000000000, -0.000000000000000000, -1.000000000000000000 ) ) ;
#873 = DIRECTION ( 'NONE',  ( 0.000000000000000000, 0.000000000000000000, 1.000000000000000000 ) ) ;
#874 = ORIENTED_EDGE ( 'NONE', *, *, #1366, .T. ) ;
#875 = AXIS2_PLACEMENT_3D ( 'NONE', #1196, #1063, #334 ) ;
#876 = ADVANCED_FACE ( 'NONE', ( #467 ), #618, .F. ) ;
#877 = CARTESIAN_POINT ( 'NONE',  ( 0.000000000000000000, 0.000000000000000000, 47.29999999999999716 ) ) ;
#878 = VECTOR ( 'NONE', #797, 1000.000000000000000 ) ;
#879 = ORIENTED_EDGE ( 'NONE', *, *, #840, .F. ) ;
#880 = DIRECTION ( 'NONE',  ( -0.000000000000000000, -0.000000000000000000, -1.000000000000000000 ) ) ;
#881 = ORIENTED_EDGE ( 'NONE', *, *, #594, .F. ) ;
#882 = DIRECTION ( 'NONE',  ( 1.000000000000000000, 0.000000000000000000, 0.000000000000000000 ) ) ;
#883 = CYLINDRICAL_SURFACE ( 'NONE', #727, 1.249999999999999334 ) ;
#884 = CARTESIAN_POINT ( 'NONE',  ( 0.000000000000000000, 0.000000000000000000, 50.79999999999999716 ) ) ;
#885 = DIRECTION ( 'NONE',  ( -0.000000000000000000, -0.000000000000000000, -1.000000000000000000 ) ) ;
#886 = ADVANCED_FACE ( 'NONE', ( #1765 ), #100, .T. ) ;
#887 = ORIENTED_EDGE ( 'NONE', *, *, #1179, .F. ) ;
#888 = CARTESIAN_POINT ( 'NONE',  ( 0.000000000000000000, 0.000000000000000000, 62.04999999999999005 ) ) ;
#889 = CIRCLE ( 'NONE', #1670, 12.19999999999999929 ) ;
#890 = VECTOR ( 'NONE', #664, 1000.000000000000000 ) ;
#891 = FACE_OUTER_BOUND ( 'NONE', #522, .T. ) ;
#892 = CARTESIAN_POINT ( 'NONE',  ( 0.000000000000000000, 0.000000000000000000, 62.30000000000000426 ) ) ;
#893 = DIRECTION ( 'NONE',  ( 0.000000000000000000, 0.000000000000000000, 1.000000000000000000 ) ) ;
#894 = DIRECTION ( 'NONE',  ( 0.000000000000000000, -0.000000000000000000, 1.000000000000000000 ) ) ;
#895 = CIRCLE ( 'NONE', #1822, 0.5000000000000004441 ) ;
#896 = ORIENTED_EDGE ( 'NONE', *, *, #1667, .T. ) ;
#897 = DIRECTION ( 'NONE',  ( 1.239088197126290570E-16, -1.000000000000000000, -0.000000000000000000 ) ) ;
#898 = EDGE_CURVE ( 'NONE', #1839, #1309, #1697, .T. ) ;
#899 = ORIENTED_EDGE ( 'NONE', *, *, #1706, .F. ) ;
#900 = DIRECTION ( 'NONE',  ( 1.000000000000000000, 0.000000000000000000, 0.000000000000000000 ) ) ;
#901 = DIRECTION ( 'NONE',  ( -1.000000000000000000, 0.000000000000000000, 0.000000000000000000 ) ) ;
#902 = ADVANCED_FACE ( 'NONE', ( #1488 ), #1641, .T. ) ;
#903 = FACE_BOUND ( 'NONE', #1604, .T. ) ;
#904 = LINE ( 'NONE', #1495, #750 ) ;
#905 = CIRCLE ( 'NONE', #1317, 1.250000000000000222 ) ;
#906 = VERTEX_POINT ( 'NONE', #202 ) ;
#907 = CARTESIAN_POINT ( 'NONE',  ( 0.000000000000000000, 0.000000000000000000, 53.29999999999999716 ) ) ;
#908 = AXIS2_PLACEMENT_3D ( 'NONE', #1838, #284, #1453 ) ;
#909 = APPROVAL_STATUS ( 'not_yet_approved' ) ;
#910 = ORIENTED_EDGE ( 'NONE', *, *, #898, .F. ) ;
#911 = SECURITY_CLASSIFICATION ( '', '', #1047 ) ;
#912 = EDGE_CURVE ( 'NONE', #333, #1382, #1785, .T. ) ;
#913 = DIRECTION ( 'NONE',  ( 0.000000000000000000, 0.000000000000000000, -1.000000000000000000 ) ) ;
#914 = FACE_BOUND ( 'NONE', #421, .T. ) ;
#915 = VERTEX_POINT ( 'NONE', #803 ) ;
#916 = DIRECTION ( 'NONE',  ( -2.981555974335137194E-16, -1.000000000000000000, 0.000000000000000000 ) ) ;
#917 = EDGE_CURVE ( 'NONE', #1258, #195, #86, .T. ) ;
#918 = ORIENTED_EDGE ( 'NONE', *, *, #120, .T. ) ;
#919 = DIRECTION ( 'NONE',  ( 1.000000000000000000, 0.000000000000000000, 0.000000000000000000 ) ) ;
#920 = DATE_AND_TIME ( #1786, #1805 ) ;
#921 = VERTEX_POINT ( 'NONE', #1117 ) ;
#922 = VECTOR ( 'NONE', #1868, 1000.000000000000000 ) ;
#923 = CONICAL_SURFACE ( 'NONE', #1546, 1.749999999999994671, 0.7853981633974309595 ) ;
#924 = CARTESIAN_POINT ( 'NONE',  ( 0.000000000000000000, 0.000000000000000000, 0.000000000000000000 ) ) ;
#925 = CIRCLE ( 'NONE', #311, 1.000000000000000888 ) ;
#926 = ADVANCED_FACE ( 'NONE', ( #691 ), #248, .F. ) ;
#927 = CIRCLE ( 'NONE', #101, 2.500000000000000444 ) ;
#928 = ORIENTED_EDGE ( 'NONE', *, *, #1706, .T. ) ;
#929 = DIRECTION ( 'NONE',  ( 1.000000000000000000, 0.000000000000000000, 0.000000000000000000 ) ) ;
#930 = ORIENTED_EDGE ( 'NONE', *, *, #1385, .T. ) ;
#931 = DIRECTION ( 'NONE',  ( 0.000000000000000000, 0.000000000000000000, 1.000000000000000000 ) ) ;
#932 = ORIENTED_EDGE ( 'NONE', *, *, #793, .T. ) ;
#933 = CARTESIAN_POINT ( 'NONE',  ( -8.500000000000000000, -1.734723475976807094E-15, 47.79999999999999716 ) ) ;
#934 = CARTESIAN_POINT ( 'NONE',  ( -12.00000000000000000, 1.469576158976823947E-15, 50.29999999999999716 ) ) ;
#935 = DIRECTION ( 'NONE',  ( 1.000000000000000000, 0.000000000000000000, 0.000000000000000000 ) ) ;
#936 = EDGE_CURVE ( 'NONE', #851, #574, #1248, .T. ) ;
#937 = ORIENTED_EDGE ( 'NONE', *, *, #423, .T. ) ;
#938 = CYLINDRICAL_SURFACE ( 'NONE', #459, 3.500000000000000000 ) ;
#939 = DATE_AND_TIME ( #1469, #518 ) ;
#940 = VERTEX_POINT ( 'NONE', #1814 ) ;
#941 = CIRCLE ( 'NONE', #967, 12.50000000000000000 ) ;
#942 = CYLINDRICAL_SURFACE ( 'NONE', #175, 2.500000000000000444 ) ;
#943 = DIRECTION ( 'NONE',  ( -3.252606517456513302E-16, 1.000000000000000000, 0.000000000000000000 ) ) ;
#944 = LINE ( 'NONE', #1513, #546 ) ;
#945 = EDGE_LOOP ( 'NONE', ( #794, #1183, #710, #751 ) ) ;
#946 = CARTESIAN_POINT ( 'NONE',  ( 0.2500000000000026090, 9.750000000000001776, -2.000000000000000000 ) ) ;
#947 = EDGE_CURVE ( 'NONE', #1024, #532, #394, .T. ) ;
#948 = VERTEX_POINT ( 'NONE', #812 ) ;
#949 = CARTESIAN_POINT ( 'NONE',  ( 0.000000000000000000, 0.000000000000000000, -10.00000000000000000 ) ) ;
#950 = FACE_OUTER_BOUND ( 'NONE', #203, .T. ) ;
#951 = AXIS2_PLACEMENT_3D ( 'NONE', #888, #429, #126 ) ;
#952 = LINE ( 'NONE', #537, #465 ) ;
#953 = CARTESIAN_POINT ( 'NONE',  ( -8.500000000000000000, -1.734723475976807094E-15, 47.79999999999999716 ) ) ;
#954 = VERTEX_POINT ( 'NONE', #1693 ) ;
#955 = DIRECTION ( 'NONE',  ( -1.000000000000000000, 0.000000000000000000, 0.000000000000000000 ) ) ;
#956 = CIRCLE ( 'NONE', #134, 3.500000000000000000 ) ;
#957 = ORIENTED_EDGE ( 'NONE', *, *, #321, .F. ) ;
#958 = ADVANCED_FACE ( 'NONE', ( #1107 ), #1411, .T. ) ;
#959 = DIRECTION ( 'NONE',  ( 1.000000000000000000, 0.000000000000000000, 0.000000000000000000 ) ) ;
#960 = DIRECTION ( 'NONE',  ( -0.000000000000000000, -0.000000000000000000, 1.000000000000000000 ) ) ;
#961 = FACE_OUTER_BOUND ( 'NONE', #146, .T. ) ;
#962 = LINE ( 'NONE', #1246, #1832 ) ;
#963 = VERTEX_POINT ( 'NONE', #529 ) ;
#964 = CARTESIAN_POINT ( 'NONE',  ( 7.014611590046757605, 9.981744548964460506, -10.00000000000000000 ) ) ;
#965 = ORIENTED_EDGE ( 'NONE', *, *, #1436, .T. ) ;
#966 = DIRECTION ( 'NONE',  ( 0.000000000000000000, 0.000000000000000000, 1.000000000000000000 ) ) ;
#967 = AXIS2_PLACEMENT_3D ( 'NONE', #1630, #1343, #1782 ) ;
#968 = CARTESIAN_POINT ( 'NONE',  ( 12.19999999999999929, 0.000000000000000000, -10.00000000000000000 ) ) ;
#969 = AXIS2_PLACEMENT_3D ( 'NONE', #997, #1570, #1426 ) ;
#970 = LINE ( 'NONE', #381, #504 ) ;
#971 = CARTESIAN_POINT ( 'NONE',  ( -8.500000000000000000, -1.734723475976807094E-15, 50.79999999999999716 ) ) ;
#972 = ORIENTED_EDGE ( 'NONE', *, *, #1080, .T. ) ;
#973 = CARTESIAN_POINT ( 'NONE',  ( 0.2500000000000026090, -9.750000000000001776, 0.000000000000000000 ) ) ;
#974 = EDGE_LOOP ( 'NONE', ( #503, #586, #1410, #832 ) ) ;
#975 = CARTESIAN_POINT ( 'NONE',  ( -12.19999999999999929, 0.000000000000000000, 0.000000000000000000 ) ) ;
#976 = DIRECTION ( 'NONE',  ( 0.000000000000000000, 0.000000000000000000, -1.000000000000000000 ) ) ;
#977 = ADVANCED_FACE ( 'NONE', ( #375 ), #674, .T. ) ;
#978 = DIRECTION ( 'NONE',  ( -0.000000000000000000, 0.000000000000000000, 1.000000000000000000 ) ) ;
#979 = AXIS2_PLACEMENT_3D ( 'NONE', #280, #569, #296 ) ;
#980 = CIRCLE ( 'NONE', #221, 12.19999999999999929 ) ;
#981 = EDGE_LOOP ( 'NONE', ( #349, #29, #874, #1841 ) ) ;
#982 = ADVANCED_FACE ( 'NONE', ( #1375 ), #684, .F. ) ;
#983 = DIRECTION ( 'NONE',  ( 1.000000000000000000, 0.000000000000000000, -0.000000000000000000 ) ) ;
#984 = ORIENTED_EDGE ( 'NONE', *, *, #1799, .F. ) ;
#985 = DIRECTION ( 'NONE',  ( -0.000000000000000000, 0.000000000000000000, 1.000000000000000000 ) ) ;
#986 = EDGE_CURVE ( 'NONE', #948, #1331, #1244, .T. ) ;
#987 = VECTOR ( 'NONE', #253, 1000.000000000000000 ) ;
#988 = DIRECTION ( 'NONE',  ( -0.000000000000000000, -0.000000000000000000, 1.000000000000000000 ) ) ;
#989 = DIRECTION ( 'NONE',  ( -0.000000000000000000, -0.000000000000000000, 1.000000000000000000 ) ) ;
#990 = ORIENTED_EDGE ( 'NONE', *, *, #1656, .T. ) ;
#991 = DIRECTION ( 'NONE',  ( 0.000000000000000000, -1.000000000000000000, 0.000000000000000000 ) ) ;
#992 = EDGE_CURVE ( 'NONE', #277, #1068, #115, .T. ) ;
#993 = ORIENTED_EDGE ( 'NONE', *, *, #1358, .F. ) ;
#994 = FACE_OUTER_BOUND ( 'NONE', #457, .T. ) ;
#995 = AXIS2_PLACEMENT_3D ( 'NONE', #953, #508, #1792 ) ;
#996 = CARTESIAN_POINT ( 'NONE',  ( -8.500000000000000000, -1.734723475976807094E-15, 44.29999999999999005 ) ) ;
#997 = CARTESIAN_POINT ( 'NONE',  ( 8.500000000000000000, -1.734723475976807094E-15, 47.79999999999999716 ) ) ;
#998 = VECTOR ( 'NONE', #1627, 1000.000000000000000 ) ;
#999 = EDGE_LOOP ( 'NONE', ( #957, #1439, #151, #1301 ) ) ;
#1000 = DIRECTION ( 'NONE',  ( -1.000000000000000000, 0.000000000000000000, 0.000000000000000000 ) ) ;
#1001 = ORIENTED_EDGE ( 'NONE', *, *, #340, .T. ) ;
#1002 = LINE ( 'NONE', #1851, #922 ) ;
#1003 = EDGE_CURVE ( 'NONE', #1298, #673, #1039, .T. ) ;
#1004 = DIRECTION ( 'NONE',  ( 1.000000000000000000, 0.000000000000000000, 0.000000000000000000 ) ) ;
#1005 = CARTESIAN_POINT ( 'NONE',  ( 0.000000000000000000, 0.000000000000000000, -1.499999999999997780 ) ) ;
#1006 = VERTEX_POINT ( 'NONE', #964 ) ;
#1007 = PLANE ( 'NONE',  #329 ) ;
#1008 = CIRCLE ( 'NONE', #737, 1.749999999999994671 ) ;
#1009 = ORIENTED_EDGE ( 'NONE', *, *, #728, .F. ) ;
#1010 = DIRECTION ( 'NONE',  ( -1.000000000000000000, 0.000000000000000000, 0.000000000000000000 ) ) ;
#1011 = CIRCLE ( 'NONE', #433, 3.500000000000000000 ) ;
#1012 = EDGE_CURVE ( 'NONE', #1028, #1231, #700, .T. ) ;
#1013 = CARTESIAN_POINT ( 'NONE',  ( 0.000000000000000000, 0.000000000000000000, -2.000000000000000000 ) ) ;
#1014 = CARTESIAN_POINT ( 'NONE',  ( 1.322875655532295136, 1.500000000000000000, 54.30000000000000426 ) ) ;
#1015 = VECTOR ( 'NONE', #121, 1000.000000000000000 ) ;
#1016 = ORIENTED_EDGE ( 'NONE', *, *, #1766, .T. ) ;
#1017 = CARTESIAN_POINT ( 'NONE',  ( 0.2500000000000026090, 9.750000000000001776, 0.000000000000000000 ) ) ;
#1018 = ORIENTED_EDGE ( 'NONE', *, *, #1237, .T. ) ;
#1019 = FACE_OUTER_BOUND ( 'NONE', #1419, .T. ) ;
#1020 = EDGE_LOOP ( 'NONE', ( #413, #849 ) ) ;
#1021 = DIRECTION ( 'NONE',  ( -1.000000000000000000, 0.000000000000000000, 0.000000000000000000 ) ) ;
#1022 = DIRECTION ( 'NONE',  ( -0.000000000000000000, -0.000000000000000000, 1.000000000000000000 ) ) ;
#1023 = EDGE_CURVE ( 'NONE', #1365, #191, #240, .T. ) ;
#1024 = VERTEX_POINT ( 'NONE', #946 ) ;
#1025 = AXIS2_PLACEMENT_3D ( 'NONE', #1477, #180, #761 ) ;
#1026 = CARTESIAN_POINT ( 'NONE',  ( 0.000000000000000000, 0.000000000000000000, -10.00000000000000000 ) ) ;
#1027 = AXIS2_PLACEMENT_3D ( 'NONE', #892, #613, #166 ) ;
#1028 = VERTEX_POINT ( 'NONE', #973 ) ;
#1029 = CARTESIAN_POINT ( 'NONE',  ( 11.00000000000000178, -1.734723475976807094E-15, 50.79999999999999716 ) ) ;
#1030 = DIRECTION ( 'NONE',  ( -0.000000000000000000, 0.000000000000000000, 1.000000000000000000 ) ) ;
#1031 = FACE_OUTER_BOUND ( 'NONE', #633, .T. ) ;
#1032 = EDGE_CURVE ( 'NONE', #1575, #541, #1092, .T. ) ;
#1033 = PLANE ( 'NONE',  #1340 ) ;
#1034 = CARTESIAN_POINT ( 'NONE',  ( 0.2500000000000019984, -7.750000000000001776, 0.000000000000000000 ) ) ;
#1035 = ORIENTED_EDGE ( 'NONE', *, *, #251, .F. ) ;
#1036 = DIRECTION ( 'NONE',  ( -0.000000000000000000, -0.000000000000000000, -1.000000000000000000 ) ) ;
#1037 = CIRCLE ( 'NONE', #281, 1.500000000000000000 ) ;
#1038 = APPLICATION_PROTOCOL_DEFINITION ( 'international standard', 'config_control_design', 1994, #262 ) ;
#1039 = CIRCLE ( 'NONE', #651, 12.19999999999999929 ) ;
#1040 = DIRECTION ( 'NONE',  ( -0.000000000000000000, -0.000000000000000000, -1.000000000000000000 ) ) ;
#1041 = CARTESIAN_POINT ( 'NONE',  ( 1.499999999999996891, 8.500000000000000000, 47.29999999999999716 ) ) ;
#1042 = DIRECTION ( 'NONE',  ( -0.000000000000000000, -0.000000000000000000, 1.000000000000000000 ) ) ;
#1043 = CARTESIAN_POINT ( 'NONE',  ( 12.19999999999999929, 1.494069094959770464E-15, 0.000000000000000000 ) ) ;
#1044 = VERTEX_POINT ( 'NONE', #107 ) ;
#1045 = CARTESIAN_POINT ( 'NONE',  ( 0.000000000000000000, 0.000000000000000000, -2.000000000000000000 ) ) ;
#1046 = EDGE_CURVE ( 'NONE', #1006, #1867, #980, .T. ) ;
#1047 = SECURITY_CLASSIFICATION_LEVEL ( 'unclassified' ) ;
#1048 = VERTEX_POINT ( 'NONE', #1394 ) ;
#1049 = CARTESIAN_POINT ( 'NONE',  ( 0.000000000000000000, 0.000000000000000000, 62.30000000000000426 ) ) ;
#1050 = CARTESIAN_POINT ( 'NONE',  ( 1.500000000000000000, -8.500000000000000000, 47.29999999999999716 ) ) ;
#1051 = EDGE_CURVE ( 'NONE', #673, #395, #925, .T. ) ;
#1052 = PLANE ( 'NONE',  #713 ) ;
#1053 = DIRECTION ( 'NONE',  ( 1.000000000000000000, 0.000000000000000000, 0.000000000000000000 ) ) ;
#1054 = TOROIDAL_SURFACE ( 'NONE', #875, 11.19999999999999751, 1.000000000000000000 ) ;
#1055 = ORIENTED_EDGE ( 'NONE', *, *, #947, .T. ) ;
#1056 = DIRECTION ( 'NONE',  ( -0.000000000000000000, -0.000000000000000000, -1.000000000000000000 ) ) ;
#1057 = VECTOR ( 'NONE', #901, 1000.000000000000000 ) ;
#1058 = APPLICATION_PROTOCOL_DEFINITION ( 'international standard', 'config_control_design', 1994, #786 ) ;
#1059 = ORIENTED_EDGE ( 'NONE', *, *, #442, .T. ) ;
#1060 = EDGE_CURVE ( 'NONE', #114, #169, #625, .T. ) ;
#1061 = CARTESIAN_POINT ( 'NONE',  ( 0.000000000000000000, -8.500000000000000000, 47.29999999999999716 ) ) ;
#1062 = ORIENTED_EDGE ( 'NONE', *, *, #48, .T. ) ;
#1063 = DIRECTION ( 'NONE',  ( 0.000000000000000000, 0.000000000000000000, 1.000000000000000000 ) ) ;
#1064 = EDGE_CURVE ( 'NONE', #1692, #1815, #1151, .T. ) ;
#1065 = ORIENTED_EDGE ( 'NONE', *, *, #757, .T. ) ;
#1066 = CARTESIAN_POINT ( 'NONE',  ( -0.9013878188659869561, 1.500000000000000000, 62.30000000000000426 ) ) ;
#1067 = PERSON_AND_ORGANIZATION ( #1276, #1290 ) ;
#1068 = VERTEX_POINT ( 'NONE', #606 ) ;
#1069 = AXIS2_PLACEMENT_3D ( 'NONE', #1748, #1733, #860 ) ;
#1070 = CARTESIAN_POINT ( 'NONE',  ( 0.000000000000000000, 0.000000000000000000, -2.000000000000000000 ) ) ;
#1071 = AXIS2_PLACEMENT_3D ( 'NONE', #949, #1662, #882 ) ;
#1072 = FACE_OUTER_BOUND ( 'NONE', #428, .T. ) ;
#1073 = DIRECTION ( 'NONE',  ( -3.252606517456513302E-16, 1.000000000000000000, 0.000000000000000000 ) ) ;
#1074 = AXIS2_PLACEMENT_3D ( 'NONE', #996, #1548, #1139 ) ;
#1075 = ORIENTED_EDGE ( 'NONE', *, *, #1778, .F. ) ;
#1076 = DIRECTION ( 'NONE',  ( 1.000000000000000000, 0.000000000000000000, 0.000000000000000000 ) ) ;
#1077 = APPROVAL_DATE_TIME ( #920, #1279 ) ;
#1078 = ORIENTED_EDGE ( 'NONE', *, *, #1093, .F. ) ;
#1079 = DIRECTION ( 'NONE',  ( -0.000000000000000000, -0.000000000000000000, 1.000000000000000000 ) ) ;
#1080 = EDGE_CURVE ( 'NONE', #717, #1621, #861, .T. ) ;
#1081 = DIRECTION ( 'NONE',  ( -2.981555974335137194E-16, 1.000000000000000000, 0.000000000000000000 ) ) ;
#1082 = ORIENTED_EDGE ( 'NONE', *, *, #853, .T. ) ;
#1083 = DIRECTION ( 'NONE',  ( -0.000000000000000000, 0.000000000000000000, 1.000000000000000000 ) ) ;
#1084 = AXIS2_PLACEMENT_3D ( 'NONE', #39, #634, #1053 ) ;
#1085 = VERTEX_POINT ( 'NONE', #1590 ) ;
#1086 = CARTESIAN_POINT ( 'NONE',  ( 0.2500000000000019984, -7.750000000000001776, -2.000000000000000000 ) ) ;
#1087 = VECTOR ( 'NONE', #1131, 1000.000000000000000 ) ;
#1088 = CARTESIAN_POINT ( 'NONE',  ( 2.000000000000000000, 2.449293598294706414E-16, 53.29999999999999716 ) ) ;
#1089 = CARTESIAN_POINT ( 'NONE',  ( 0.000000000000000000, 0.000000000000000000, -2.000000000000000000 ) ) ;
#1090 = CARTESIAN_POINT ( 'NONE',  ( -9.750000000000000000, -1.581642626083387962E-15, 44.29999999999999005 ) ) ;
#1091 = ORIENTED_EDGE ( 'NONE', *, *, #87, .T. ) ;
#1092 = LINE ( 'NONE', #822, #1728 ) ;
#1093 = EDGE_CURVE ( 'NONE', #1044, #1738, #267, .T. ) ;
#1094 = EDGE_LOOP ( 'NONE', ( #481, #559, #647, #1560 ) ) ;
#1095 = CARTESIAN_POINT ( 'NONE',  ( 8.500000000000000000, -1.734723475976807094E-15, 44.29999999999999005 ) ) ;
#1096 = CARTESIAN_POINT ( 'NONE',  ( 12.00000000000000000, 0.000000000000000000, 50.79999999999999716 ) ) ;
#1097 = CARTESIAN_POINT ( 'NONE',  ( -9.750000000000000000, -1.581642626083387962E-15, 47.79999999999999716 ) ) ;
#1098 = FACE_OUTER_BOUND ( 'NONE', #1133, .T. ) ;
#1099 = ORIENTED_EDGE ( 'NONE', *, *, #229, .T. ) ;
#1100 = DIRECTION ( 'NONE',  ( 1.000000000000000000, 0.000000000000000000, 0.000000000000000000 ) ) ;
#1101 = ORIENTED_EDGE ( 'NONE', *, *, #1847, .F. ) ;
#1102 = CARTESIAN_POINT ( 'NONE',  ( 0.2500000000000026090, -9.750000000000001776, -4.000000000000000000 ) ) ;
#1103 = ADVANCED_FACE ( 'NONE', ( #6 ), #1642, .T. ) ;
#1104 = CARTESIAN_POINT ( 'NONE',  ( 0.2500000000000019984, 7.750000000000001776, 0.000000000000000000 ) ) ;
#1105 = CARTESIAN_POINT ( 'NONE',  ( 0.2500000000000026090, -9.750000000000001776, -2.000000000000000000 ) ) ;
#1106 = EDGE_LOOP ( 'NONE', ( #475, #918, #344, #1001 ) ) ;
#1107 = FACE_OUTER_BOUND ( 'NONE', #1291, .T. ) ;
#1108 = EDGE_LOOP ( 'NONE', ( #41, #1181, #393, #1554 ) ) ;
#1109 = CARTESIAN_POINT ( 'NONE',  ( -1.500000000000000000, -8.500000000000000000, 50.79999999999999716 ) ) ;
#1110 = ADVANCED_FACE ( 'NONE', ( #1561 ), #124, .T. ) ;
#1111 = CIRCLE ( 'NONE', #1168, 12.50000000000000000 ) ;
#1112 = VECTOR ( 'NONE', #1327, 1000.000000000000000 ) ;
#1113 = EDGE_CURVE ( 'NONE', #940, #654, #133, .T. ) ;
#1114 = DIRECTION ( 'NONE',  ( -0.000000000000000000, 0.000000000000000000, 1.000000000000000000 ) ) ;
#1115 = CARTESIAN_POINT ( 'NONE',  ( 0.000000000000000000, -8.500000000000000000, 47.29999999999999716 ) ) ;
#1116 = ORIENTED_EDGE ( 'NONE', *, *, #87, .F. ) ;
#1117 = CARTESIAN_POINT ( 'NONE',  ( -11.19999999999999751, 1.432836755002403087E-15, 30.80000000000000071 ) ) ;
#1118 = ORIENTED_EDGE ( 'NONE', *, *, #1847, .T. ) ;
#1119 = FACE_OUTER_BOUND ( 'NONE', #791, .T. ) ;
#1120 = CC_DESIGN_PERSON_AND_ORGANIZATION_ASSIGNMENT ( #51, #1174, ( #164 ) ) ;
#1121 = DIRECTION ( 'NONE',  ( 1.000000000000000000, 0.000000000000000000, 0.000000000000000000 ) ) ;
#1122 = DIRECTION ( 'NONE',  ( 1.239088197126290817E-16, -1.000000000000000000, 0.000000000000000000 ) ) ;
#1123 = AXIS2_PLACEMENT_3D ( 'NONE', #852, #1816, #533 ) ;
#1124 = ORIENTED_EDGE ( 'NONE', *, *, #1808, .F. ) ;
#1125 = DIRECTION ( 'NONE',  ( -0.000000000000000000, -0.000000000000000000, 1.000000000000000000 ) ) ;
#1126 = ORIENTED_EDGE ( 'NONE', *, *, #492, .T. ) ;
#1127 = CARTESIAN_POINT ( 'NONE',  ( -1.749999999999994671, 0.000000000000000000, 62.30000000000000426 ) ) ;
#1128 = CIRCLE ( 'NONE', #1524, 12.19999999999999929 ) ;
#1129 = CIRCLE ( 'NONE', #162, 1.250000000000000222 ) ;
#1130 = DIRECTION ( 'NONE',  ( -0.000000000000000000, -0.000000000000000000, 1.000000000000000000 ) ) ;
#1131 = DIRECTION ( 'NONE',  ( 1.239088197126290570E-16, -1.000000000000000000, -0.000000000000000000 ) ) ;
#1132 = EDGE_CURVE ( 'NONE', #1298, #921, #156, .T. ) ;
#1133 = EDGE_LOOP ( 'NONE', ( #1704, #471, #699, #932, #1251, #1329 ) ) ;
#1134 = DIRECTION ( 'NONE',  ( -0.000000000000000000, -0.000000000000000000, 1.000000000000000000 ) ) ;
#1135 = VERTEX_POINT ( 'NONE', #427 ) ;
#1136 = ADVANCED_FACE ( 'NONE', ( #1582 ), #708, .T. ) ;
#1137 = CARTESIAN_POINT ( 'NONE',  ( -1.500000000000000000, -8.500000000000000000, 47.29999999999999716 ) ) ;
#1138 = VECTOR ( 'NONE', #1381, 1000.000000000000000 ) ;
#1139 = DIRECTION ( 'NONE',  ( 1.000000000000000000, 0.000000000000000000, 0.000000000000000000 ) ) ;
#1140 = CARTESIAN_POINT ( 'NONE',  ( -0.2499999999999980016, -7.750000000000001776, -2.000000000000000000 ) ) ;
#1141 = AXIS2_PLACEMENT_3D ( 'NONE', #425, #1280, #1122 ) ;
#1142 = CC_DESIGN_SECURITY_CLASSIFICATION ( #911, ( #451 ) ) ;
#1143 = ORIENTED_EDGE ( 'NONE', *, *, #272, .F. ) ;
#1144 = DIRECTION ( 'NONE',  ( 1.000000000000000000, 0.000000000000000000, 0.000000000000000000 ) ) ;
#1145 = EDGE_LOOP ( 'NONE', ( #1238, #1116, #1318, #841 ) ) ;
#1146 = DIRECTION ( 'NONE',  ( -1.000000000000000000, 3.252606517456513302E-16, 0.000000000000000000 ) ) ;
#1147 = CARTESIAN_POINT ( 'NONE',  ( -6.985388409953196209, 10.00221719230748718, -10.00000000000000000 ) ) ;
#1148 = CARTESIAN_POINT ( 'NONE',  ( 0.000000000000000000, 0.000000000000000000, 50.79999999999999716 ) ) ;
#1149 = AXIS2_PLACEMENT_3D ( 'NONE', #1223, #319, #1157 ) ;
#1150 = ORIENTED_EDGE ( 'NONE', *, *, #570, .F. ) ;
#1151 = LINE ( 'NONE', #1719, #1399 ) ;
#1152 = AXIS2_PLACEMENT_3D ( 'NONE', #1431, #575, #1169 ) ;
#1153 = ORIENTED_EDGE ( 'NONE', *, *, #1046, .F. ) ;
#1154 = CARTESIAN_POINT ( 'NONE',  ( 1.322875655532295136, 1.500000000000000000, 62.30000000000000426 ) ) ;
#1155 = CIRCLE ( 'NONE', #1338, 12.19999999999999929 ) ;
#1156 = EDGE_CURVE ( 'NONE', #948, #954, #726, .T. ) ;
#1157 = DIRECTION ( 'NONE',  ( 1.000000000000000000, 0.000000000000000000, 0.000000000000000000 ) ) ;
#1158 = DIRECTION ( 'NONE',  ( 1.000000000000000000, 0.000000000000000000, 0.000000000000000000 ) ) ;
#1159 = ORIENTED_EDGE ( 'NONE', *, *, #1358, .T. ) ;
#1160 = FACE_OUTER_BOUND ( 'NONE', #1465, .T. ) ;
#1161 = ORIENTED_EDGE ( 'NONE', *, *, #1203, .F. ) ;
#1162 = CARTESIAN_POINT ( 'NONE',  ( 7.014611590046757605, 7.992412504492561354, -10.00000000000000000 ) ) ;
#1163 = ORIENTED_EDGE ( 'NONE', *, *, #555, .T. ) ;
#1164 = ADVANCED_FACE ( 'NONE', ( #1160 ), #1007, .T. ) ;
#1165 = DIRECTION ( 'NONE',  ( -1.000000000000000000, 0.000000000000000000, 0.000000000000000000 ) ) ;
#1166 = DIRECTION ( 'NONE',  ( 0.000000000000000000, 0.000000000000000000, -1.000000000000000000 ) ) ;
#1167 = FACE_OUTER_BOUND ( 'NONE', #1571, .T. ) ;
#1168 = AXIS2_PLACEMENT_3D ( 'NONE', #1372, #372, #801 ) ;
#1169 = DIRECTION ( 'NONE',  ( 1.000000000000000000, 0.000000000000000000, 0.000000000000000000 ) ) ;
#1170 = CIRCLE ( 'NONE', #698, 12.50000000000000000 ) ;
#1171 = ADVANCED_FACE ( 'NONE', ( #741 ), #286, .T. ) ;
#1172 = EDGE_LOOP ( 'NONE', ( #628, #1774, #49, #1018 ) ) ;
#1173 = CARTESIAN_POINT ( 'NONE',  ( 1.186467655771840102, 1.500000000000000000, 62.14022541105146757 ) ) ;
#1174 = PERSON_AND_ORGANIZATION_ROLE ( 'design_owner' ) ;
#1175 = VERTEX_POINT ( 'NONE', #567 ) ;
#1176 = CARTESIAN_POINT ( 'NONE',  ( 0.000000000000000000, 0.000000000000000000, 30.80000000000000071 ) ) ;
#1177 = DIRECTION ( 'NONE',  ( 1.000000000000000000, 0.000000000000000000, 0.000000000000000000 ) ) ;
#1178 = ORIENTED_EDGE ( 'NONE', *, *, #1203, .T. ) ;
#1179 = EDGE_CURVE ( 'NONE', #195, #1006, #266, .T. ) ;
#1180 = DIRECTION ( 'NONE',  ( -0.7071067811865444641, 8.659560562354895880E-17, 0.7071067811865505703 ) ) ;
#1181 = ORIENTED_EDGE ( 'NONE', *, *, #453, .F. ) ;
#1182 = DIRECTION ( 'NONE',  ( -0.000000000000000000, -0.000000000000000000, 1.000000000000000000 ) ) ;
#1183 = ORIENTED_EDGE ( 'NONE', *, *, #806, .T. ) ;
#1184 = LINE ( 'NONE', #34, #769 ) ;
#1185 = CARTESIAN_POINT ( 'NONE',  ( 0.2500000000000019984, -7.750000000000001776, -2.000000000000000000 ) ) ;
#1186 = FACE_BOUND ( 'NONE', #9, .T. ) ;
#1187 = FACE_OUTER_BOUND ( 'NONE', #945, .T. ) ;
#1188 = AXIS2_PLACEMENT_3D ( 'NONE', #1683, #1079, #1254 ) ;
#1189 = EDGE_CURVE ( 'NONE', #1309, #512, #1714, .T. ) ;
#1190 = ORIENTED_EDGE ( 'NONE', *, *, #1051, .T. ) ;
#1191 = DIRECTION ( 'NONE',  ( -0.000000000000000000, -0.000000000000000000, 1.000000000000000000 ) ) ;
#1192 = DATE_AND_TIME ( #1347, #1600 ) ;
#1193 = ORIENTED_EDGE ( 'NONE', *, *, #1308, .F. ) ;
#1194 = DIRECTION ( 'NONE',  ( -0.000000000000000000, -0.000000000000000000, 1.000000000000000000 ) ) ;
#1195 = DIRECTION ( 'NONE',  ( 0.000000000000000000, 0.000000000000000000, -1.000000000000000000 ) ) ;
#1196 = CARTESIAN_POINT ( 'NONE',  ( 0.000000000000000000, 0.000000000000000000, 29.80000000000000071 ) ) ;
#1197 = AXIS2_PLACEMENT_3D ( 'NONE', #1811, #1598, #1271 ) ;
#1198 = ORIENTED_EDGE ( 'NONE', *, *, #108, .F. ) ;
#1199 = CARTESIAN_POINT ( 'NONE',  ( -1.186467655771841434, 1.500000000000000000, 62.14022541105146757 ) ) ;
#1200 = CIRCLE ( 'NONE', #299, 1.250000000000000222 ) ;
#1201 = PERSON_AND_ORGANIZATION ( #1276, #1290 ) ;
#1202 = VERTEX_POINT ( 'NONE', #857 ) ;
#1203 = EDGE_CURVE ( 'NONE', #1135, #1738, #1865, .T. ) ;
#1204 = DIRECTION ( 'NONE',  ( 1.000000000000000000, 0.000000000000000000, 0.000000000000000000 ) ) ;
#1205 = EDGE_LOOP ( 'NONE', ( #930, #1687 ) ) ;
#1206 = DIRECTION ( 'NONE',  ( -0.000000000000000000, -0.000000000000000000, 1.000000000000000000 ) ) ;
#1207 = UNCERTAINTY_MEASURE_WITH_UNIT (LENGTH_MEASURE( 1.000000000000000082E-05 ), #505, 'distance_accuracy_value', 'NONE');
#1208 = ORIENTED_EDGE ( 'NONE', *, *, #353, .F. ) ;
#1209 = LINE ( 'NONE', #30, #343 ) ;
#1210 = PERSON_AND_ORGANIZATION ( #1276, #1290 ) ;
#1211 = EDGE_LOOP ( 'NONE', ( #1764, #279 ) ) ;
#1212 = CIRCLE ( 'NONE', #1243, 2.000000000000000000 ) ;
#1213 = AXIS2_PLACEMENT_3D ( 'NONE', #1282, #1299, #1420 ) ;
#1214 = ADVANCED_FACE ( 'NONE', ( #305 ), #1310, .T. ) ;
#1215 = DIRECTION ( 'NONE',  ( 0.000000000000000000, 0.000000000000000000, 1.000000000000000000 ) ) ;
#1216 = DIRECTION ( 'NONE',  ( 0.000000000000000000, 0.000000000000000000, 1.000000000000000000 ) ) ;
#1217 = CARTESIAN_POINT ( 'NONE',  ( 12.50000000000000000, 1.530808498934191521E-15, 31.30000000000000071 ) ) ;
#1218 = AXIS2_PLACEMENT_3D ( 'NONE', #934, #1400, #789 ) ;
#1219 = VECTOR ( 'NONE', #721, 1000.000000000000000 ) ;
#1220 = ORIENTED_EDGE ( 'NONE', *, *, #1379, .F. ) ;
#1221 = DIRECTION ( 'NONE',  ( -0.000000000000000000, -0.000000000000000000, 1.000000000000000000 ) ) ;
#1222 = ORIENTED_EDGE ( 'NONE', *, *, #511, .F. ) ;
#1223 = CARTESIAN_POINT ( 'NONE',  ( 0.000000000000000000, 0.000000000000000000, 62.30000000000000426 ) ) ;
#1224 = DIRECTION ( 'NONE',  ( 1.000000000000000000, 0.000000000000000000, 0.000000000000000000 ) ) ;
#1225 = PRODUCT_RELATED_PRODUCT_CATEGORY ( 'detail', '', ( #164 ) ) ;
#1226 = PLANE ( 'NONE',  #1344 ) ;
#1227 = CARTESIAN_POINT ( 'NONE',  ( 3.500000000000000000, 4.286263797015736595E-16, 53.29999999999999716 ) ) ;
#1228 = VERTEX_POINT ( 'NONE', #354 ) ;
#1229 = CARTESIAN_POINT ( 'NONE',  ( 7.250000000000000888, -1.581642626083388159E-15, 44.29999999999999005 ) ) ;
#1230 = AXIS2_PLACEMENT_3D ( 'NONE', #1610, #498, #935 ) ;
#1231 = VERTEX_POINT ( 'NONE', #1034 ) ;
#1232 = CARTESIAN_POINT ( 'NONE',  ( -6.985388409953197097, 14.99241250449256313, -11.00000000000000000 ) ) ;
#1233 = VECTOR ( 'NONE', #1682, 1000.000000000000000 ) ;
#1234 = CARTESIAN_POINT ( 'NONE',  ( -6.985388409953197097, 14.99241250449256313, -11.00000000000000000 ) ) ;
#1235 = CARTESIAN_POINT ( 'NONE',  ( -0.2499999999999980571, -7.750000000000001776, -4.000000000000000000 ) ) ;
#1236 = DIRECTION ( 'NONE',  ( -0.000000000000000000, -0.000000000000000000, 1.000000000000000000 ) ) ;
#1237 = EDGE_CURVE ( 'NONE', #247, #173, #844, .T. ) ;
#1238 = ORIENTED_EDGE ( 'NONE', *, *, #1780, .F. ) ;
#1239 = DIRECTION ( 'NONE',  ( -0.000000000000000000, -0.000000000000000000, 1.000000000000000000 ) ) ;
#1240 = VERTEX_POINT ( 'NONE', #1043 ) ;
#1241 = DIRECTION ( 'NONE',  ( 1.000000000000000000, 0.000000000000000000, 0.000000000000000000 ) ) ;
#1242 = DIRECTION ( 'NONE',  ( 1.000000000000000000, 0.000000000000000000, 0.000000000000000000 ) ) ;
#1243 = AXIS2_PLACEMENT_3D ( 'NONE', #1626, #913, #1483 ) ;
#1244 = CIRCLE ( 'NONE', #496, 3.250000000000000444 ) ;
#1245 = DIRECTION ( 'NONE',  ( 1.000000000000000000, 0.000000000000000000, 0.000000000000000000 ) ) ;
#1246 = CARTESIAN_POINT ( 'NONE',  ( 0.2500000000000026090, -9.750000000000001776, 0.000000000000000000 ) ) ;
#1247 = ORIENTED_EDGE ( 'NONE', *, *, #108, .T. ) ;
#1248 = LINE ( 'NONE', #549, #190 ) ;
#1249 = EDGE_CURVE ( 'NONE', #346, #948, #904, .T. ) ;
#1250 = CIRCLE ( 'NONE', #438, 1.250000000000000222 ) ;
#1251 = ORIENTED_EDGE ( 'NONE', *, *, #479, .T. ) ;
#1252 = LINE ( 'NONE', #1695, #1368 ) ;
#1253 = ADVANCED_FACE ( 'NONE', ( #313 ), #1755, .F. ) ;
#1254 = DIRECTION ( 'NONE',  ( 1.000000000000000000, 0.000000000000000000, 0.000000000000000000 ) ) ;
#1255 = DIRECTION ( 'NONE',  ( 0.000000000000000000, 0.000000000000000000, 1.000000000000000000 ) ) ;
#1256 = ORIENTED_EDGE ( 'NONE', *, *, #1457, .F. ) ;
#1257 = DIRECTION ( 'NONE',  ( -1.000000000000000000, 0.000000000000000000, 0.000000000000000000 ) ) ;
#1258 = VERTEX_POINT ( 'NONE', #1486 ) ;
#1259 = FACE_OUTER_BOUND ( 'NONE', #1342, .T. ) ;
#1260 = VECTOR ( 'NONE', #1081, 1000.000000000000000 ) ;
#1261 = ADVANCED_FACE ( 'NONE', ( #1187 ), #200, .F. ) ;
#1262 = CIRCLE ( 'NONE', #330, 3.250000000000000444 ) ;
#1263 = PLANE ( 'NONE',  #468 ) ;
#1264 = CARTESIAN_POINT ( 'NONE',  ( 0.000000000000000000, 0.000000000000000000, 62.30000000000000426 ) ) ;
#1265 = EDGE_LOOP ( 'NONE', ( #1220, #491, #199, #1768 ) ) ;
#1266 = DIRECTION ( 'NONE',  ( -0.000000000000000000, -0.000000000000000000, 1.000000000000000000 ) ) ;
#1267 = ORIENTED_EDGE ( 'NONE', *, *, #1808, .T. ) ;
#1268 = FACE_OUTER_BOUND ( 'NONE', #289, .T. ) ;
#1269 = EDGE_CURVE ( 'NONE', #1677, #346, #1535, .T. ) ;
#1270 = LINE ( 'NONE', #1698, #1219 ) ;
#1271 = DIRECTION ( 'NONE',  ( -1.000000000000000000, 0.000000000000000000, 0.000000000000000000 ) ) ;
#1272 = ORIENTED_EDGE ( 'NONE', *, *, #1702, .F. ) ;
#1273 = DIRECTION ( 'NONE',  ( -1.000000000000000000, 0.000000000000000000, 0.000000000000000000 ) ) ;
#1274 = ORIENTED_EDGE ( 'NONE', *, *, #1576, .T. ) ;
#1275 = CARTESIAN_POINT ( 'NONE',  ( -0.2499999999999973910, 9.750000000000001776, -4.000000000000000000 ) ) ;
#1276 = PERSON ( 'UNSPECIFIED', 'UNSPECIFIED', 'UNSPECIFIED', ('UNSPECIFIED'), ('UNSPECIFIED'), ('UNSPECIFIED') ) ;
#1277 = AXIS2_PLACEMENT_3D ( 'NONE', #1828, #1820, #1390 ) ;
#1278 = DIRECTION ( 'NONE',  ( -0.000000000000000000, 0.000000000000000000, 1.000000000000000000 ) ) ;
#1279 = APPROVAL ( #909, 'UNSPECIFIED' ) ;
#1280 = DIRECTION ( 'NONE',  ( -1.000000000000000000, -1.239088197126290817E-16, 0.000000000000000000 ) ) ;
#1281 = EDGE_LOOP ( 'NONE', ( #88, #1462, #1386, #823 ) ) ;
#1282 = CARTESIAN_POINT ( 'NONE',  ( -11.19999999999999751, 1.371604415045035316E-15, 29.80000000000000071 ) ) ;
#1283 = ORIENTED_EDGE ( 'NONE', *, *, #1385, .F. ) ;
#1284 = DIRECTION ( 'NONE',  ( 0.000000000000000000, 0.000000000000000000, -1.000000000000000000 ) ) ;
#1285 = EDGE_CURVE ( 'NONE', #293, #277, #418, .T. ) ;
#1286 = AXIS2_PLACEMENT_3D ( 'NONE', #1115, #1409, #82 ) ;
#1287 = DIRECTION ( 'NONE',  ( -1.000000000000000000, 0.000000000000000000, 0.000000000000000000 ) ) ;
#1288 = CARTESIAN_POINT ( 'NONE',  ( -1.500000000000003109, 8.500000000000000000, 47.29999999999999716 ) ) ;
#1289 = CIRCLE ( 'NONE', #1566, 1.500000000000000000 ) ;
#1290 = ORGANIZATION ( 'UNSPECIFIED', 'UNSPECIFIED', '' ) ;
#1291 = EDGE_LOOP ( 'NONE', ( #1247, #770 ) ) ;
#1292 = DIRECTION ( 'NONE',  ( 1.000000000000000000, 0.000000000000000000, 0.000000000000000000 ) ) ;
#1293 = ADVANCED_FACE ( 'NONE', ( #66 ), #1320, .F. ) ;
#1294 = ORIENTED_EDGE ( 'NONE', *, *, #1562, .F. ) ;
#1295 = FACE_OUTER_BOUND ( 'NONE', #21, .T. ) ;
#1296 = CARTESIAN_POINT ( 'NONE',  ( -0.2499999999999973910, 9.750000000000001776, 0.000000000000000000 ) ) ;
#1297 = CYLINDRICAL_SURFACE ( 'NONE', #84, 3.250000000000000444 ) ;
#1298 = VERTEX_POINT ( 'NONE', #208 ) ;
#1299 = DIRECTION ( 'NONE',  ( 1.224646799147353207E-16, 1.000000000000000000, -0.000000000000000000 ) ) ;
#1300 = AXIS2_PLACEMENT_3D ( 'NONE', #347, #931, #1498 ) ;
#1301 = ORIENTED_EDGE ( 'NONE', *, *, #912, .F. ) ;
#1302 = CYLINDRICAL_SURFACE ( 'NONE', #979, 1.250000000000000222 ) ;
#1303 = ADVANCED_FACE ( 'NONE', ( #1773 ), #1330, .T. ) ;
#1304 = ORIENTED_EDGE ( 'NONE', *, *, #48, .F. ) ;
#1305 = TOROIDAL_SURFACE ( 'NONE', #501, 12.00000000000000000, 0.5000000000000000000 ) ;
#1306 = DIRECTION ( 'NONE',  ( -1.000000000000000000, 0.000000000000000000, 0.000000000000000000 ) ) ;
#1307 = DIRECTION ( 'NONE',  ( 0.000000000000000000, 0.000000000000000000, 1.000000000000000000 ) ) ;
#1308 = EDGE_CURVE ( 'NONE', #1024, #1044, #749, .T. ) ;
#1309 = VERTEX_POINT ( 'NONE', #189 ) ;
#1310 = CYLINDRICAL_SURFACE ( 'NONE', #1770, 12.19999999999999929 ) ;
#1311 = ORIENTED_EDGE ( 'NONE', *, *, #53, .F. ) ;
#1312 = LINE ( 'NONE', #1154, #589 ) ;
#1313 = EDGE_LOOP ( 'NONE', ( #1718, #219 ) ) ;
#1314 = ADVANCED_FACE ( 'NONE', ( #627 ), #1054, .T. ) ;
#1315 = CARTESIAN_POINT ( 'NONE',  ( 11.19999999999999751, 0.000000000000000000, 30.80000000000000071 ) ) ;
#1316 = PLANE ( 'NONE',  #753 ) ;
#1317 = AXIS2_PLACEMENT_3D ( 'NONE', #1362, #653, #929 ) ;
#1318 = ORIENTED_EDGE ( 'NONE', *, *, #235, .T. ) ;
#1319 = CIRCLE ( 'NONE', #57, 12.00000000000000000 ) ;
#1320 = PLANE ( 'NONE',  #725 ) ;
#1321 = EDGE_LOOP ( 'NONE', ( #584, #1272, #1651, #1640, #1091, #1163 ) ) ;
#1322 = LINE ( 'NONE', #478, #858 ) ;
#1323 = CC_DESIGN_APPROVAL ( #1279, ( #911 ) ) ;
#1324 = PERSON_AND_ORGANIZATION ( #1276, #1290 ) ;
#1325 = ORIENTED_EDGE ( 'NONE', *, *, #38, .F. ) ;
#1326 = LINE ( 'NONE', #758, #316 ) ;
#1327 = DIRECTION ( 'NONE',  ( -1.000000000000000000, 0.000000000000000000, 0.000000000000000000 ) ) ;
#1328 = EDGE_CURVE ( 'NONE', #1430, #574, #941, .T. ) ;
#1329 = ORIENTED_EDGE ( 'NONE', *, *, #898, .T. ) ;
#1330 = CYLINDRICAL_SURFACE ( 'NONE', #449, 12.19999999999999929 ) ;
#1331 = VERTEX_POINT ( 'NONE', #487 ) ;
#1332 = CARTESIAN_POINT ( 'NONE',  ( -3.122849337825750617E-15, 8.500000000000000000, 47.29999999999999716 ) ) ;
#1333 = AXIS2_PLACEMENT_3D ( 'NONE', #1275, #1146, #1593 ) ;
#1334 = COORDINATED_UNIVERSAL_TIME_OFFSET ( 5, 0, .BEHIND. ) ;
#1335 = B_SPLINE_CURVE_WITH_KNOTS ( 'NONE', 3,
 ( #1605, #10, #1173, #144 ),
 .UNSPECIFIED., .F., .F.,
 ( 4, 4 ),
 ( 0.000000000000000000, 0.0004900530547375979776 ),
 .UNSPECIFIED. ) ;
#1336 = AXIS2_PLACEMENT_3D ( 'NONE', #1632, #1083, #1353 ) ;
#1337 = VERTEX_POINT ( 'NONE', #1637 ) ;
#1338 = AXIS2_PLACEMENT_3D ( 'NONE', #24, #79, #309 ) ;
#1339 = LINE ( 'NONE', #185, #787 ) ;
#1340 = AXIS2_PLACEMENT_3D ( 'NONE', #312, #893, #462 ) ;
#1341 = PRODUCT_DEFINITION ( 'UNKNOWN', '', #451, #1514 ) ;
#1342 = EDGE_LOOP ( 'NONE', ( #157, #230, #411, #675 ) ) ;
#1343 = DIRECTION ( 'NONE',  ( 0.000000000000000000, 0.000000000000000000, 1.000000000000000000 ) ) ;
#1344 = AXIS2_PLACEMENT_3D ( 'NONE', #1798, #688, #670 ) ;
#1345 = EDGE_LOOP ( 'NONE', ( #1848, #1055, #1393, #94 ) ) ;
#1346 = CARTESIAN_POINT ( 'NONE',  ( 0.2500000000000026090, -9.750000000000001776, -4.000000000000000000 ) ) ;
#1347 = CALENDAR_DATE ( 2026, 16, 9 ) ;
#1348 = ORIENTED_EDGE ( 'NONE', *, *, #1812, .T. ) ;
#1349 = FACE_OUTER_BOUND ( 'NONE', #729, .T. ) ;
#1350 = VERTEX_POINT ( 'NONE', #345 ) ;
#1351 = CARTESIAN_POINT ( 'NONE',  ( -6.985388409953197986, 7.992412504492563130, -11.00000000000000000 ) ) ;
#1352 = ORIENTED_EDGE ( 'NONE', *, *, #917, .T. ) ;
#1353 = DIRECTION ( 'NONE',  ( 1.000000000000000000, 0.000000000000000000, 0.000000000000000000 ) ) ;
#1354 = CIRCLE ( 'NONE', #1599, 2.500000000000000444 ) ;
#1355 = EDGE_CURVE ( 'NONE', #1451, #1365, #905, .T. ) ;
#1356 = APPROVAL_DATE_TIME ( #939, #1652 ) ;
#1357 = ORIENTED_EDGE ( 'NONE', *, *, #703, .T. ) ;
#1358 = EDGE_CURVE ( 'NONE', #1202, #322, #780, .T. ) ;
#1359 = CARTESIAN_POINT ( 'NONE',  ( 3.500000000000000000, 4.286263797015736595E-16, 53.29999999999999716 ) ) ;
#1360 = EDGE_CURVE ( 'NONE', #512, #1085, #1745, .T. ) ;
#1361 = CARTESIAN_POINT ( 'NONE',  ( 0.000000000000000000, 0.000000000000000000, -10.00000000000000000 ) ) ;
#1362 = CARTESIAN_POINT ( 'NONE',  ( -8.500000000000000000, -1.734723475976807094E-15, 44.29999999999999005 ) ) ;
#1363 = VERTEX_POINT ( 'NONE', #104 ) ;
#1364 = FACE_OUTER_BOUND ( 'NONE', #78, .T. ) ;
#1365 = VERTEX_POINT ( 'NONE', #1090 ) ;
#1366 = EDGE_CURVE ( 'NONE', #599, #665, #514, .T. ) ;
#1367 = LINE ( 'NONE', #165, #622 ) ;
#1368 = VECTOR ( 'NONE', #1528, 1000.000000000000000 ) ;
#1369 = AXIS2_PLACEMENT_3D ( 'NONE', #1332, #1182, #919 ) ;
#1370 = CYLINDRICAL_SURFACE ( 'NONE', #119, 1.500000000000000000 ) ;
#1371 = DIRECTION ( 'NONE',  ( 1.000000000000000000, 0.000000000000000000, 0.000000000000000000 ) ) ;
#1372 = CARTESIAN_POINT ( 'NONE',  ( 0.000000000000000000, 0.000000000000000000, 50.29999999999999716 ) ) ;
#1373 = EDGE_CURVE ( 'NONE', #1024, #1135, #944, .T. ) ;
#1374 = EDGE_LOOP ( 'NONE', ( #724, #431 ) ) ;
#1375 = FACE_OUTER_BOUND ( 'NONE', #999, .T. ) ;
#1376 = ORIENTED_EDGE ( 'NONE', *, *, #577, .F. ) ;
#1377 = DIRECTION ( 'NONE',  ( -0.000000000000000000, -0.000000000000000000, -1.000000000000000000 ) ) ;
#1378 = CARTESIAN_POINT ( 'NONE',  ( -7.250000000000000000, -1.734723475976807094E-15, 44.29999999999999005 ) ) ;
#1379 = EDGE_CURVE ( 'NONE', #1028, #915, #962, .T. ) ;
#1380 = CARTESIAN_POINT ( 'NONE',  ( 7.014611590046757605, 7.992412504492561354, -11.00000000000000000 ) ) ;
#1381 = DIRECTION ( 'NONE',  ( -3.252606517456513302E-16, -1.000000000000000000, 0.000000000000000000 ) ) ;
#1382 = VERTEX_POINT ( 'NONE', #837 ) ;
#1383 = DIRECTION ( 'NONE',  ( 0.000000000000000000, -0.000000000000000000, 1.000000000000000000 ) ) ;
#1384 = AXIS2_PLACEMENT_3D ( 'NONE', #1503, #323, #1073 ) ;
#1385 = EDGE_CURVE ( 'NONE', #1202, #610, #1801, .T. ) ;
#1386 = ORIENTED_EDGE ( 'NONE', *, *, #577, .T. ) ;
#1387 = DIRECTION ( 'NONE',  ( 0.000000000000000000, -0.000000000000000000, 1.000000000000000000 ) ) ;
#1388 = AXIS2_PLACEMENT_3D ( 'NONE', #1070, #54, #332 ) ;
#1389 = CARTESIAN_POINT ( 'NONE',  ( 0.000000000000000000, 0.000000000000000000, 29.80000000000000071 ) ) ;
#1390 = DIRECTION ( 'NONE',  ( 1.000000000000000000, 0.000000000000000000, 0.000000000000000000 ) ) ;
#1391 = EDGE_CURVE ( 'NONE', #1048, #322, #174, .T. ) ;
#1392 = CARTESIAN_POINT ( 'NONE',  ( 1.322875655532295136, 1.500000000000000000, 54.30000000000000426 ) ) ;
#1393 = ORIENTED_EDGE ( 'NONE', *, *, #1555, .T. ) ;
#1394 = CARTESIAN_POINT ( 'NONE',  ( -11.00000000000000178, -1.428561776189968632E-15, 50.79999999999999716 ) ) ;
#1395 = EDGE_LOOP ( 'NONE', ( #862, #1864, #928, #1059 ) ) ;
#1396 = CARTESIAN_POINT ( 'NONE',  ( -12.50000000000000000, 0.000000000000000000, 31.30000000000000071 ) ) ;
#1397 = ADVANCED_FACE ( 'NONE', ( #1098 ), #689, .T. ) ;
#1398 = CIRCLE ( 'NONE', #153, 12.19999999999999929 ) ;
#1399 = VECTOR ( 'NONE', #142, 1000.000000000000000 ) ;
#1400 = DIRECTION ( 'NONE',  ( 1.224646799147353207E-16, 1.000000000000000000, -0.000000000000000000 ) ) ;
#1401 = FACE_OUTER_BOUND ( 'NONE', #981, .T. ) ;
#1402 = CIRCLE ( 'NONE', #1731, 1.500000000000000000 ) ;
#1403 = ORIENTED_EDGE ( 'NONE', *, *, #1827, .T. ) ;
#1404 = CARTESIAN_POINT ( 'NONE',  ( -9.750000000000000000, -1.581642626083387962E-15, 44.29999999999999005 ) ) ;
#1405 = ORIENTED_EDGE ( 'NONE', *, *, #1689, .T. ) ;
#1406 = CARTESIAN_POINT ( 'NONE',  ( 0.2500000000000026090, -9.750000000000001776, -4.000000000000000000 ) ) ;
#1407 = VECTOR ( 'NONE', #389, 1000.000000000000000 ) ;
#1408 = DIRECTION ( 'NONE',  ( -1.000000000000000000, 0.000000000000000000, 0.000000000000000000 ) ) ;
#1409 = DIRECTION ( 'NONE',  ( -0.000000000000000000, -0.000000000000000000, 1.000000000000000000 ) ) ;
#1410 = ORIENTED_EDGE ( 'NONE', *, *, #72, .F. ) ;
#1411 = PLANE ( 'NONE',  #69 ) ;
#1412 = ORIENTED_EDGE ( 'NONE', *, *, #470, .T. ) ;
#1413 = CARTESIAN_POINT ( 'NONE',  ( -0.2499999999999973910, 9.750000000000001776, -2.000000000000000000 ) ) ;
#1414 = EDGE_CURVE ( 'NONE', #1634, #358, #680, .T. ) ;
#1415 = AXIS2_PLACEMENT_3D ( 'NONE', #971, #978, #662 ) ;
#1416 = VECTOR ( 'NONE', #35, 1000.000000000000000 ) ;
#1417 = DIRECTION ( 'NONE',  ( -0.000000000000000000, 0.000000000000000000, 1.000000000000000000 ) ) ;
#1418 = CYLINDRICAL_SURFACE ( 'NONE', #969, 2.500000000000000444 ) ;
#1419 = EDGE_LOOP ( 'NONE', ( #539, #324, #298, #260 ) ) ;
#1420 = DIRECTION ( 'NONE',  ( -1.000000000000000000, 1.224646799147351482E-16, 0.000000000000000000 ) ) ;
#1421 = ORIENTED_EDGE ( 'NONE', *, *, #321, .T. ) ;
#1422 = CARTESIAN_POINT ( 'NONE',  ( 0.000000000000000000, 0.000000000000000000, -2.000000000000000000 ) ) ;
#1423 = CC_DESIGN_DATE_AND_TIME_ASSIGNMENT ( #1192, #754, ( #1341 ) ) ;
#1424 = ORIENTED_EDGE ( 'NONE', *, *, #198, .F. ) ;
#1425 = CARTESIAN_POINT ( 'NONE',  ( 0.000000000000000000, -8.500000000000000000, 50.79999999999999716 ) ) ;
#1426 = DIRECTION ( 'NONE',  ( 1.000000000000000000, 0.000000000000000000, 0.000000000000000000 ) ) ;
#1427 = TOROIDAL_SURFACE ( 'NONE', #1753, 12.00000000000000000, 0.5000000000000000000 ) ;
#1428 = AXIS2_PLACEMENT_3D ( 'NONE', #43, #636, #1076 ) ;
#1429 = EDGE_CURVE ( 'NONE', #1815, #1337, #205, .T. ) ;
#1430 = VERTEX_POINT ( 'NONE', #1217 ) ;
#1431 = CARTESIAN_POINT ( 'NONE',  ( 0.000000000000000000, -8.500000000000000000, 47.29999999999999716 ) ) ;
#1432 = ORIENTED_EDGE ( 'NONE', *, *, #93, .F. ) ;
#1433 = DIRECTION ( 'NONE',  ( 0.000000000000000000, 0.000000000000000000, 1.000000000000000000 ) ) ;
#1434 = CARTESIAN_POINT ( 'NONE',  ( -0.2499999999999980571, 7.750000000000001776, -4.000000000000000000 ) ) ;
#1435 = DIRECTION ( 'NONE',  ( 0.000000000000000000, 0.000000000000000000, 1.000000000000000000 ) ) ;
#1436 = EDGE_CURVE ( 'NONE', #1331, #838, #1523, .T. ) ;
#1437 = VERTEX_POINT ( 'NONE', #382 ) ;
#1438 = DIRECTION ( 'NONE',  ( 0.000000000000000000, -0.000000000000000000, 1.000000000000000000 ) ) ;
#1439 = ORIENTED_EDGE ( 'NONE', *, *, #1179, .T. ) ;
#1440 = DIRECTION ( 'NONE',  ( 1.000000000000000000, 0.000000000000000000, -0.000000000000000000 ) ) ;
#1441 = ORIENTED_EDGE ( 'NONE', *, *, #1285, .T. ) ;
#1442 = AXIS2_PLACEMENT_3D ( 'NONE', #1026, #419, #1000 ) ;
#1443 = CARTESIAN_POINT ( 'NONE',  ( 7.014611590046757605, 7.992412504492561354, -10.00000000000000000 ) ) ;
#1444 = CARTESIAN_POINT ( 'NONE',  ( -0.2499999999999973910, 9.750000000000001776, -4.000000000000000000 ) ) ;
#1445 = CIRCLE ( 'NONE', #640, 3.500000000000000000 ) ;
#1446 = EDGE_CURVE ( 'NONE', #717, #599, #1549, .T. ) ;
#1447 = ORIENTED_EDGE ( 'NONE', *, *, #1711, .F. ) ;
#1448 = DIRECTION ( 'NONE',  ( 1.000000000000000000, 0.000000000000000000, 0.000000000000000000 ) ) ;
#1449 = EDGE_LOOP ( 'NONE', ( #44, #743 ) ) ;
#1450 = DIRECTION ( 'NONE',  ( 1.000000000000000000, 0.000000000000000000, 0.000000000000000000 ) ) ;
#1451 = VERTEX_POINT ( 'NONE', #217 ) ;
#1452 = CARTESIAN_POINT ( 'NONE',  ( -2.000000000000000000, 0.000000000000000000, 62.30000000000000426 ) ) ;
#1453 = DIRECTION ( 'NONE',  ( 1.000000000000000000, 0.000000000000000000, 0.000000000000000000 ) ) ;
#1454 = CIRCLE ( 'NONE', #767, 12.00000000000000000 ) ;
#1455 = EDGE_LOOP ( 'NONE', ( #879, #686 ) ) ;
#1456 = DIRECTION ( 'NONE',  ( -0.000000000000000000, 0.000000000000000000, 1.000000000000000000 ) ) ;
#1457 = EDGE_CURVE ( 'NONE', #851, #159, #1111, .T. ) ;
#1458 = VECTOR ( 'NONE', #557, 1000.000000000000000 ) ;
#1459 = ORIENTED_EDGE ( 'NONE', *, *, #365, .T. ) ;
#1460 = PLANE ( 'NONE',  #1333 ) ;
#1461 = EDGE_CURVE ( 'NONE', #532, #222, #390, .T. ) ;
#1462 = ORIENTED_EDGE ( 'NONE', *, *, #1414, .T. ) ;
#1463 = DIRECTION ( 'NONE',  ( 1.000000000000000000, 0.000000000000000000, 0.000000000000000000 ) ) ;
#1464 = FACE_BOUND ( 'NONE', #1265, .T. ) ;
#1465 = EDGE_LOOP ( 'NONE', ( #990, #972 ) ) ;
#1466 = DIRECTION ( 'NONE',  ( 1.000000000000000000, -1.239088197126291310E-16, 0.000000000000000000 ) ) ;
#1467 = EDGE_LOOP ( 'NONE', ( #1009, #1348, #136, #499 ) ) ;
#1468 = FACE_OUTER_BOUND ( 'NONE', #690, .T. ) ;
#1469 = CALENDAR_DATE ( 2026, 16, 9 ) ;
#1470 = ORIENTED_EDGE ( 'NONE', *, *, #1269, .F. ) ;
#1471 = EDGE_CURVE ( 'NONE', #1784, #1175, #237, .T. ) ;
#1472 = DIRECTION ( 'NONE',  ( 1.000000000000000000, 0.000000000000000000, 0.000000000000000000 ) ) ;
#1473 = CARTESIAN_POINT ( 'NONE',  ( 2.000000000000000000, 2.449293598294706414E-16, 62.04999999999999005 ) ) ;
#1474 = VECTOR ( 'NONE', #1206, 1000.000000000000000 ) ;
#1475 = CARTESIAN_POINT ( 'NONE',  ( -8.500000000000000000, -1.734723475976807094E-15, 47.79999999999999716 ) ) ;
#1476 = VECTOR ( 'NONE', #215, 1000.000000000000000 ) ;
#1477 = CARTESIAN_POINT ( 'NONE',  ( 0.000000000000000000, 0.000000000000000000, -2.000000000000000000 ) ) ;
#1478 = ORIENTED_EDGE ( 'NONE', *, *, #1812, .F. ) ;
#1479 = DIRECTION ( 'NONE',  ( 1.000000000000000000, 0.000000000000000000, 0.000000000000000000 ) ) ;
#1480 = COORDINATED_UNIVERSAL_TIME_OFFSET ( 5, 0, .BEHIND. ) ;
#1481 = ORIENTED_EDGE ( 'NONE', *, *, #570, .T. ) ;
#1482 = CC_DESIGN_PERSON_AND_ORGANIZATION_ASSIGNMENT ( #171, #317, ( #1341 ) ) ;
#1483 = DIRECTION ( 'NONE',  ( 1.000000000000000000, 0.000000000000000000, 0.000000000000000000 ) ) ;
#1484 = CARTESIAN_POINT ( 'NONE',  ( -8.500000000000000000, -1.734723475976807094E-15, 44.29999999999999005 ) ) ;
#1485 = DIRECTION ( 'NONE',  ( 0.000000000000000000, 0.000000000000000000, 1.000000000000000000 ) ) ;
#1486 = CARTESIAN_POINT ( 'NONE',  ( -6.985388409953197986, 7.992412504492563130, -10.00000000000000000 ) ) ;
#1487 = EDGE_LOOP ( 'NONE', ( #1830, #607, #937, #871 ) ) ;
#1488 = FACE_OUTER_BOUND ( 'NONE', #1715, .T. ) ;
#1489 = AXIS2_PLACEMENT_3D ( 'NONE', #1422, #1807, #523 ) ;
#1490 = VECTOR ( 'NONE', #384, 1000.000000000000000 ) ;
#1491 = ORIENTED_EDGE ( 'NONE', *, *, #1429, .F. ) ;
#1492 = CARTESIAN_POINT ( 'NONE',  ( -8.500000000000000000, -1.734723475976807094E-15, 44.29999999999999005 ) ) ;
#1493 = ORIENTED_EDGE ( 'NONE', *, *, #1746, .T. ) ;
#1494 = EDGE_CURVE ( 'NONE', #1677, #1331, #826, .T. ) ;
#1495 = CARTESIAN_POINT ( 'NONE',  ( -2.750000000000002665, 3.367778697655224463E-16, -2.000000000000000000 ) ) ;
#1496 = CIRCLE ( 'NONE', #866, 12.19999999999999929 ) ;
#1497 = ORIENTED_EDGE ( 'NONE', *, *, #1003, .T. ) ;
#1498 = DIRECTION ( 'NONE',  ( 1.000000000000000000, 0.000000000000000000, -0.000000000000000000 ) ) ;
#1499 = EDGE_CURVE ( 'NONE', #1240, #601, #1655, .T. ) ;
#1500 = ORIENTED_EDGE ( 'NONE', *, *, #1494, .F. ) ;
#1501 = LINE ( 'NONE', #1378, #1508 ) ;
#1502 = CARTESIAN_POINT ( 'NONE',  ( -6.985388409953197986, 7.992412504492563130, -11.00000000000000000 ) ) ;
#1503 = CARTESIAN_POINT ( 'NONE',  ( -0.2499999999999973910, -9.750000000000001776, -4.000000000000000000 ) ) ;
#1504 = EDGE_CURVE ( 'NONE', #60, #265, #92, .T. ) ;
#1505 = AXIS2_PLACEMENT_3D ( 'NONE', #158, #885, #1273 ) ;
#1506 = ORIENTED_EDGE ( 'NONE', *, *, #840, .T. ) ;
#1507 = LINE ( 'NONE', #356, #1519 ) ;
#1508 = VECTOR ( 'NONE', #1797, 1000.000000000000000 ) ;
#1509 = ORIENTED_EDGE ( 'NONE', *, *, #495, .T. ) ;
#1510 = ADVANCED_FACE ( 'NONE', ( #1401 ), #810, .F. ) ;
#1511 = CARTESIAN_POINT ( 'NONE',  ( 0.000000000000000000, 0.000000000000000000, 50.29999999999999716 ) ) ;
#1512 = DIRECTION ( 'NONE',  ( 1.000000000000000000, 0.000000000000000000, 0.000000000000000000 ) ) ;
#1513 = CARTESIAN_POINT ( 'NONE',  ( 0.2500000000000026090, 9.750000000000001776, -4.000000000000000000 ) ) ;
#1514 = DESIGN_CONTEXT ( 'detailed design', #262, 'design' ) ;
#1515 = ORIENTED_EDGE ( 'NONE', *, *, #1064, .T. ) ;
#1516 = DIRECTION ( 'NONE',  ( 0.000000000000000000, 0.000000000000000000, 1.000000000000000000 ) ) ;
#1517 = EDGE_LOOP ( 'NONE', ( #1311, #1478, #1099, #631 ) ) ;
#1518 = CARTESIAN_POINT ( 'NONE',  ( -3.122849337825750617E-15, 8.500000000000000000, 50.79999999999999716 ) ) ;
#1519 = VECTOR ( 'NONE', #629, 1000.000000000000000 ) ;
#1520 = ADVANCED_FACE ( 'NONE', ( #113 ), #672, .T. ) ;
#1521 = CARTESIAN_POINT ( 'NONE',  ( 0.000000000000000000, 0.000000000000000000, 30.80000000000000071 ) ) ;
#1522 = CARTESIAN_POINT ( 'NONE',  ( 0.000000000000000000, 0.000000000000000000, 50.79999999999999716 ) ) ;
#1523 = LINE ( 'NONE', #254, #83 ) ;
#1524 = AXIS2_PLACEMENT_3D ( 'NONE', #1361, #1663, #525 ) ;
#1525 = EDGE_LOOP ( 'NONE', ( #1256, #1533, #450, #1857 ) ) ;
#1526 = DIRECTION ( 'NONE',  ( 1.000000000000000000, 0.000000000000000000, 0.000000000000000000 ) ) ;
#1527 = VERTEX_POINT ( 'NONE', #1725 ) ;
#1528 = DIRECTION ( 'NONE',  ( -0.000000000000000000, -0.000000000000000000, 1.000000000000000000 ) ) ;
#1529 = EDGE_CURVE ( 'NONE', #574, #1430, #391, .T. ) ;
#1530 = CARTESIAN_POINT ( 'NONE',  ( 0.000000000000000000, 0.000000000000000000, 0.000000000000000000 ) ) ;
#1531 = CARTESIAN_POINT ( 'NONE',  ( -0.2499999999999973910, -9.750000000000001776, -2.000000000000000000 ) ) ;
#1532 = DIRECTION ( 'NONE',  ( 0.000000000000000000, -0.000000000000000000, 1.000000000000000000 ) ) ;
#1533 = ORIENTED_EDGE ( 'NONE', *, *, #53, .T. ) ;
#1534 = DIRECTION ( 'NONE',  ( -2.981555974335137194E-16, 1.000000000000000000, 0.000000000000000000 ) ) ;
#1535 = CIRCLE ( 'NONE', #1025, 2.750000000000002665 ) ;
#1536 = VERTEX_POINT ( 'NONE', #409 ) ;
#1537 = DIRECTION ( 'NONE',  ( 1.239088197126294761E-16, 1.000000000000000000, 0.000000000000000000 ) ) ;
#1538 = LOCAL_TIME ( 16, 10, 33.00000000000000000, #1334 ) ;
#1539 = CARTESIAN_POINT ( 'NONE',  ( -3.122849337825750617E-15, 8.500000000000000000, 47.29999999999999716 ) ) ;
#1540 = CARTESIAN_POINT ( 'NONE',  ( -1.500000000000000000, -8.500000000000000000, 47.29999999999999716 ) ) ;
#1541 = EDGE_CURVE ( 'NONE', #1527, #173, #444, .T. ) ;
#1542 = EDGE_LOOP ( 'NONE', ( #477, #1470, #141, #785 ) ) ;
#1543 = DIRECTION ( 'NONE',  ( 0.000000000000000000, 0.000000000000000000, 1.000000000000000000 ) ) ;
#1544 = ORIENTED_EDGE ( 'NONE', *, *, #303, .F. ) ;
#1545 = FACE_OUTER_BOUND ( 'NONE', #1281, .T. ) ;
#1546 = AXIS2_PLACEMENT_3D ( 'NONE', #1049, #1796, #1306 ) ;
#1547 = VECTOR ( 'NONE', #1125, 1000.000000000000000 ) ;
#1548 = DIRECTION ( 'NONE',  ( -0.000000000000000000, -0.000000000000000000, 1.000000000000000000 ) ) ;
#1549 = LINE ( 'NONE', #1540, #609 ) ;
#1550 = ADVANCED_FACE ( 'NONE', ( #565 ), #1297, .T. ) ;
#1551 = ORIENTED_EDGE ( 'NONE', *, *, #992, .F. ) ;
#1552 = DIRECTION ( 'NONE',  ( 0.000000000000000000, 0.000000000000000000, -1.000000000000000000 ) ) ;
#1553 = CIRCLE ( 'NONE', #742, 1.500000000000000000 ) ;
#1554 = ORIENTED_EDGE ( 'NONE', *, *, #492, .F. ) ;
#1555 = EDGE_CURVE ( 'NONE', #532, #821, #1717, .T. ) ;
#1556 = DIRECTION ( 'NONE',  ( 0.000000000000000000, 1.000000000000000000, 0.000000000000000000 ) ) ;
#1557 = ADVANCED_FACE ( 'NONE', ( #732 ), #1772, .T. ) ;
#1558 = CARTESIAN_POINT ( 'NONE',  ( 1.499999999999996891, 8.500000000000000000, 50.79999999999999716 ) ) ;
#1559 = CARTESIAN_POINT ( 'NONE',  ( 0.2500000000000026090, 9.750000000000001776, -4.000000000000000000 ) ) ;
#1560 = ORIENTED_EDGE ( 'NONE', *, *, #139, .F. ) ;
#1561 = FACE_OUTER_BOUND ( 'NONE', #719, .T. ) ;
#1562 = EDGE_CURVE ( 'NONE', #269, #60, #1578, .T. ) ;
#1563 = EDGE_LOOP ( 'NONE', ( #436, #109, #777, #1732 ) ) ;
#1564 = PLANE ( 'NONE',  #1 ) ;
#1565 = AXIS2_PLACEMENT_3D ( 'NONE', #463, #1620, #894 ) ;
#1566 = AXIS2_PLACEMENT_3D ( 'NONE', #1061, #45, #1204 ) ;
#1567 = LOCAL_TIME ( 16, 10, 33.00000000000000000, #348 ) ;
#1568 = ADVANCED_FACE ( 'NONE', ( #855 ), #883, .F. ) ;
#1569 = CYLINDRICAL_SURFACE ( 'NONE', #536, 2.500000000000000444 ) ;
#1570 = DIRECTION ( 'NONE',  ( -0.000000000000000000, -0.000000000000000000, 1.000000000000000000 ) ) ;
#1571 = EDGE_LOOP ( 'NONE', ( #97, #249 ) ) ;
#1572 = DIRECTION ( 'NONE',  ( -0.000000000000000000, 0.000000000000000000, 1.000000000000000000 ) ) ;
#1573 = EDGE_LOOP ( 'NONE', ( #56, #1803 ) ) ;
#1574 = CARTESIAN_POINT ( 'NONE',  ( 8.500000000000000000, -1.734723475976807094E-15, 44.29999999999999005 ) ) ;
#1575 = VERTEX_POINT ( 'NONE', #1014 ) ;
#1576 = EDGE_CURVE ( 'NONE', #1771, #1363, #1319, .T. ) ;
#1577 = CARTESIAN_POINT ( 'NONE',  ( 0.000000000000000000, 0.000000000000000000, 30.80000000000000071 ) ) ;
#1578 = LINE ( 'NONE', #593, #1087 ) ;
#1579 = AXIS2_PLACEMENT_3D ( 'NONE', #422, #1433, #870 ) ;
#1580 = CIRCLE ( 'NONE', #1428, 2.500000000000000444 ) ;
#1581 = EDGE_LOOP ( 'NONE', ( #1150, #1701 ) ) ;
#1582 = FACE_OUTER_BOUND ( 'NONE', #663, .T. ) ;
#1583 = EDGE_CURVE ( 'NONE', #1337, #1815, #516, .T. ) ;
#1584 = ORIENTED_EDGE ( 'NONE', *, *, #1780, .T. ) ;
#1585 = ORIENTED_EDGE ( 'NONE', *, *, #1355, .F. ) ;
#1586 = EDGE_CURVE ( 'NONE', #541, #1692, #611, .T. ) ;
#1587 = CARTESIAN_POINT ( 'NONE',  ( 7.014611590046756717, 14.99241250449256313, -11.00000000000000000 ) ) ;
#1588 = CARTESIAN_POINT ( 'NONE',  ( 1.500000000000000000, -8.500000000000000000, 47.29999999999999716 ) ) ;
#1589 = ORIENTED_EDGE ( 'NONE', *, *, #400, .T. ) ;
#1590 = CARTESIAN_POINT ( 'NONE',  ( -2.000000000000000000, 0.000000000000000000, 62.04999999999999005 ) ) ;
#1591 = ADVANCED_FACE ( 'NONE', ( #696 ), #1735, .F. ) ;
#1592 = EDGE_LOOP ( 'NONE', ( #117, #578, #466, #859 ) ) ;
#1593 = DIRECTION ( 'NONE',  ( -3.252606517456513302E-16, -1.000000000000000000, 0.000000000000000000 ) ) ;
#1594 = ORIENTED_EDGE ( 'NONE', *, *, #1752, .T. ) ;
#1595 = VECTOR ( 'NONE', #1134, 1000.000000000000000 ) ;
#1596 = CYLINDRICAL_SURFACE ( 'NONE', #1071, 12.19999999999999929 ) ;
#1597 = APPROVAL ( #1767, 'UNSPECIFIED' ) ;
#1598 = DIRECTION ( 'NONE',  ( -0.000000000000000000, -0.000000000000000000, -1.000000000000000000 ) ) ;
#1599 = AXIS2_PLACEMENT_3D ( 'NONE', #933, #739, #1177 ) ;
#1600 = LOCAL_TIME ( 16, 10, 33.00000000000000000, #630 ) ;
#1601 = EDGE_LOOP ( 'NONE', ( #1694, #1515, #27, #1813, #257, #1665, #1198, #1712 ) ) ;
#1602 = ADVANCED_FACE ( 'NONE', ( #1700 ), #416, .F. ) ;
#1603 = DIRECTION ( 'NONE',  ( -2.981555974335137194E-16, -1.000000000000000000, 0.000000000000000000 ) ) ;
#1604 = EDGE_LOOP ( 'NONE', ( #106, #11, #1267, #867 ) ) ;
#1605 = CARTESIAN_POINT ( 'NONE',  ( 0.9013878188659868451, 1.500000000000000000, 62.30000000000000426 ) ) ;
#1606 = CARTESIAN_POINT ( 'NONE',  ( -12.19999999999999929, 1.494069094959770859E-15, -2.000000000000000000 ) ) ;
#1607 = DIRECTION ( 'NONE',  ( 0.000000000000000000, 0.000000000000000000, 1.000000000000000000 ) ) ;
#1608 = CIRCLE ( 'NONE', #951, 2.000000000000000000 ) ;
#1609 = ORIENTED_EDGE ( 'NONE', *, *, #1285, .F. ) ;
#1610 = CARTESIAN_POINT ( 'NONE',  ( -3.122849337825750617E-15, 8.500000000000000000, 50.79999999999999716 ) ) ;
#1611 = ADVANCED_FACE ( 'NONE', ( #846 ), #1418, .F. ) ;
#1612 = VERTEX_POINT ( 'NONE', #1853 ) ;
#1613 = FACE_OUTER_BOUND ( 'NONE', #1592, .T. ) ;
#1614 = APPROVAL_STATUS ( 'not_yet_approved' ) ;
#1615 = ORIENTED_EDGE ( 'NONE', *, *, #128, .T. ) ;
#1616 = AXIS2_PLACEMENT_3D ( 'NONE', #1176, #805, #1165 ) ;
#1617 = FACE_OUTER_BOUND ( 'NONE', #1145, .T. ) ;
#1618 = LINE ( 'NONE', #1050, #998 ) ;
#1619 = FACE_BOUND ( 'NONE', #63, .T. ) ;
#1620 = DIRECTION ( 'NONE',  ( 0.000000000000000000, 1.000000000000000000, 0.000000000000000000 ) ) ;
#1621 = VERTEX_POINT ( 'NONE', #1588 ) ;
#1622 = DIRECTION ( 'NONE',  ( 0.000000000000000000, 0.000000000000000000, 1.000000000000000000 ) ) ;
#1623 = DATE_TIME_ROLE ( 'classification_date' ) ;
#1624 = VERTEX_POINT ( 'NONE', #1140 ) ;
#1625 = EDGE_CURVE ( 'NONE', #1331, #948, #1262, .T. ) ;
#1626 = CARTESIAN_POINT ( 'NONE',  ( 0.000000000000000000, 0.000000000000000000, 62.04999999999999005 ) ) ;
#1627 = DIRECTION ( 'NONE',  ( -0.000000000000000000, -0.000000000000000000, 1.000000000000000000 ) ) ;
#1628 = LINE ( 'NONE', #748, #772 ) ;
#1629 = VECTOR ( 'NONE', #1194, 1000.000000000000000 ) ;
#1630 = CARTESIAN_POINT ( 'NONE',  ( 0.000000000000000000, 0.000000000000000000, 31.30000000000000071 ) ) ;
#1631 = EDGE_LOOP ( 'NONE', ( #368, #1035, #1190, #984 ) ) ;
#1632 = CARTESIAN_POINT ( 'NONE',  ( 8.500000000000000000, -1.734723475976807094E-15, 50.79999999999999716 ) ) ;
#1633 = SHAPE_DEFINITION_REPRESENTATION ( #31, #172 ) ;
#1634 = VERTEX_POINT ( 'NONE', #435 ) ;
#1635 = DIRECTION ( 'NONE',  ( 1.000000000000000000, 0.000000000000000000, 0.000000000000000000 ) ) ;
#1636 = ORIENTED_EDGE ( 'NONE', *, *, #453, .T. ) ;
#1637 = CARTESIAN_POINT ( 'NONE',  ( -2.000000000000000000, 0.000000000000000000, 53.29999999999999716 ) ) ;
#1638 = CIRCLE ( 'NONE', #1069, 1.249999999999999334 ) ;
#1639 = ADVANCED_FACE ( 'NONE', ( #291, #148, #914, #1464 ), #197, .F. ) ;
#1640 = ORIENTED_EDGE ( 'NONE', *, *, #1046, .T. ) ;
#1641 = PLANE ( 'NONE',  #1300 ) ;
#1642 = TOROIDAL_SURFACE ( 'NONE', #828, 12.00000000000000000, 0.5000000000000000000 ) ;
#1643 = DATE_AND_TIME ( #480, #1567 ) ;
#1644 = ORIENTED_EDGE ( 'NONE', *, *, #387, .T. ) ;
#1645 = CARTESIAN_POINT ( 'NONE',  ( -6.985388409953197986, 7.992412504492563130, -10.00000000000000000 ) ) ;
#1646 = ADVANCED_FACE ( 'NONE', ( #1349 ), #1742, .T. ) ;
#1647 = PLANE ( 'NONE',  #1675 ) ;
#1648 = CARTESIAN_POINT ( 'NONE',  ( 0.2500000000000026090, 9.750000000000001776, -2.000000000000000000 ) ) ;
#1649 = ORIENTED_EDGE ( 'NONE', *, *, #378, .F. ) ;
#1650 = FACE_OUTER_BOUND ( 'NONE', #426, .T. ) ;
#1651 = ORIENTED_EDGE ( 'NONE', *, *, #757, .F. ) ;
#1652 = APPROVAL ( #1614, 'UNSPECIFIED' ) ;
#1653 = LINE ( 'NONE', #819, #1407 ) ;
#1654 = DIRECTION ( 'NONE',  ( 1.000000000000000000, 0.000000000000000000, 0.000000000000000000 ) ) ;
#1655 = CIRCLE ( 'NONE', #847, 12.19999999999999929 ) ;
#1656 = EDGE_CURVE ( 'NONE', #1621, #717, #1289, .T. ) ;
#1657 = VERTEX_POINT ( 'NONE', #1041 ) ;
#1658 = LINE ( 'NONE', #1346, #218 ) ;
#1659 = CIRCLE ( 'NONE', #26, 3.250000000000000444 ) ;
#1660 = EDGE_LOOP ( 'NONE', ( #181, #1585, #1403, #1062 ) ) ;
#1661 = APPROVAL_PERSON_ORGANIZATION ( #1324, #1597, #32 ) ;
#1662 = DIRECTION ( 'NONE',  ( -0.000000000000000000, -0.000000000000000000, 1.000000000000000000 ) ) ;
#1663 = DIRECTION ( 'NONE',  ( 0.000000000000000000, 0.000000000000000000, -1.000000000000000000 ) ) ;
#1664 = CARTESIAN_POINT ( 'NONE',  ( 7.014611590046757605, 7.992412504492561354, -11.00000000000000000 ) ) ;
#1665 = ORIENTED_EDGE ( 'NONE', *, *, #479, .F. ) ;
#1666 = DIRECTION ( 'NONE',  ( 0.000000000000000000, 0.000000000000000000, -1.000000000000000000 ) ) ;
#1667 = EDGE_CURVE ( 'NONE', #1634, #568, #1779, .T. ) ;
#1668 = ORIENTED_EDGE ( 'NONE', *, *, #245, .F. ) ;
#1669 = DIRECTION ( 'NONE',  ( -0.000000000000000000, -0.000000000000000000, 1.000000000000000000 ) ) ;
#1670 = AXIS2_PLACEMENT_3D ( 'NONE', #676, #386, #118 ) ;
#1671 = AXIS2_PLACEMENT_3D ( 'NONE', #231, #1239, #1100 ) ;
#1672 = CARTESIAN_POINT ( 'NONE',  ( 0.000000000000000000, -8.500000000000000000, 47.29999999999999716 ) ) ;
#1673 = DIRECTION ( 'NONE',  ( -1.000000000000000000, 0.000000000000000000, 0.000000000000000000 ) ) ;
#1674 = CARTESIAN_POINT ( 'NONE',  ( 0.000000000000000000, 0.000000000000000000, 0.000000000000000000 ) ) ;
#1675 = AXIS2_PLACEMENT_3D ( 'NONE', #884, #1744, #37 ) ;
#1676 = VECTOR ( 'NONE', #1287, 1000.000000000000000 ) ;
#1677 = VERTEX_POINT ( 'NONE', #624 ) ;
#1678 = DIRECTION ( 'NONE',  ( -0.000000000000000000, -0.000000000000000000, -1.000000000000000000 ) ) ;
#1679 = ORIENTED_EDGE ( 'NONE', *, *, #1529, .F. ) ;
#1680 = ADVANCED_FACE ( 'NONE', ( #747 ), #461, .T. ) ;
#1681 = DIRECTION ( 'NONE',  ( 0.000000000000000000, -1.000000000000000000, 0.000000000000000000 ) ) ;
#1682 = DIRECTION ( 'NONE',  ( -0.000000000000000000, -0.000000000000000000, 1.000000000000000000 ) ) ;
#1683 = CARTESIAN_POINT ( 'NONE',  ( -8.500000000000000000, -1.734723475976807094E-15, 47.79999999999999716 ) ) ;
#1684 = CARTESIAN_POINT ( 'NONE',  ( 0.000000000000000000, 0.000000000000000000, 53.29999999999999716 ) ) ;
#1685 = EDGE_LOOP ( 'NONE', ( #132, #1584, #1357, #779, #1153, #887 ) ) ;
#1686 = CARTESIAN_POINT ( 'NONE',  ( 11.19999999999999751, 0.000000000000000000, 29.80000000000000071 ) ) ;
#1687 = ORIENTED_EDGE ( 'NONE', *, *, #1711, .T. ) ;
#1688 = DIRECTION ( 'NONE',  ( -0.000000000000000000, -0.000000000000000000, 1.000000000000000000 ) ) ;
#1689 = EDGE_CURVE ( 'NONE', #1365, #1451, #1200, .T. ) ;
#1690 = CARTESIAN_POINT ( 'NONE',  ( 12.00000000000000000, 0.000000000000000000, 50.29999999999999716 ) ) ;
#1691 = DIRECTION ( 'NONE',  ( 0.000000000000000000, 1.000000000000000000, 0.000000000000000000 ) ) ;
#1692 = VERTEX_POINT ( 'NONE', #1473 ) ;
#1693 = CARTESIAN_POINT ( 'NONE',  ( -3.250000000000000444, 3.980102097228898231E-16, 0.000000000000000000 ) ) ;
#1694 = ORIENTED_EDGE ( 'NONE', *, *, #1586, .T. ) ;
#1695 = CARTESIAN_POINT ( 'NONE',  ( 0.2500000000000019984, -7.750000000000001776, -4.000000000000000000 ) ) ;
#1696 = AXIS2_PLACEMENT_3D ( 'NONE', #1095, #1669, #959 ) ;
#1697 = B_SPLINE_CURVE_WITH_KNOTS ( 'NONE', 3,
 ( #192, #1199, #1775, #1066 ),
 .UNSPECIFIED., .F., .F.,
 ( 4, 4 ),
 ( 0.000000000000000000, 0.0004900530547375985197 ),
 .UNSPECIFIED. ) ;
#1698 = CARTESIAN_POINT ( 'NONE',  ( -6.985388409953197986, 7.992412504492563130, -10.00000000000000000 ) ) ;
#1699 = ADVANCED_FACE ( 'NONE', ( #632, #641 ), #1316, .F. ) ;
#1700 = FACE_OUTER_BOUND ( 'NONE', #813, .T. ) ;
#1701 = ORIENTED_EDGE ( 'NONE', *, *, #128, .F. ) ;
#1702 = EDGE_CURVE ( 'NONE', #265, #1258, #320, .T. ) ;
#1703 = CARTESIAN_POINT ( 'NONE',  ( 0.000000000000000000, 0.000000000000000000, 54.30000000000000426 ) ) ;
#1704 = ORIENTED_EDGE ( 'NONE', *, *, #677, .F. ) ;
#1705 = CARTESIAN_POINT ( 'NONE',  ( -0.2499999999999973910, -9.750000000000001776, -2.000000000000000000 ) ) ;
#1706 = EDGE_CURVE ( 'NONE', #1298, #601, #351, .T. ) ;
#1707 = LINE ( 'NONE', #1434, #196 ) ;
#1708 = DIRECTION ( 'NONE',  ( 1.000000000000000000, 0.000000000000000000, 0.000000000000000000 ) ) ;
#1709 = ORIENTED_EDGE ( 'NONE', *, *, #1189, .F. ) ;
#1710 = DIRECTION ( 'NONE',  ( -0.000000000000000000, -0.000000000000000000, 1.000000000000000000 ) ) ;
#1711 = EDGE_CURVE ( 'NONE', #610, #1202, #1354, .T. ) ;
#1712 = ORIENTED_EDGE ( 'NONE', *, *, #1032, .T. ) ;
#1713 = FACE_OUTER_BOUND ( 'NONE', #1720, .T. ) ;
#1714 = CIRCLE ( 'NONE', #1859, 1.749999999999994671 ) ;
#1715 = EDGE_LOOP ( 'NONE', ( #556, #68, #1636, #856 ) ) ;
#1716 = FACE_OUTER_BOUND ( 'NONE', #1395, .T. ) ;
#1717 = LINE ( 'NONE', #1444, #268 ) ;
#1718 = ORIENTED_EDGE ( 'NONE', *, *, #212, .T. ) ;
#1719 = CARTESIAN_POINT ( 'NONE',  ( 2.000000000000000000, 2.449293598294706414E-16, 62.30000000000000426 ) ) ;
#1720 = EDGE_LOOP ( 'NONE', ( #1441, #1850 ) ) ;
#1721 = DIRECTION ( 'NONE',  ( -0.000000000000000000, 0.000000000000000000, 1.000000000000000000 ) ) ;
#1722 = EDGE_CURVE ( 'NONE', #293, #1536, #155, .T. ) ;
#1723 = CIRCLE ( 'NONE', #1489, 12.19999999999999929 ) ;
#1724 = DIRECTION ( 'NONE',  ( -0.000000000000000000, -0.000000000000000000, -1.000000000000000000 ) ) ;
#1725 = CARTESIAN_POINT ( 'NONE',  ( -1.500000000000003109, 8.500000000000000000, 47.29999999999999716 ) ) ;
#1726 = AXIS2_PLACEMENT_3D ( 'NONE', #440, #1721, #288 ) ;
#1727 = EDGE_CURVE ( 'NONE', #169, #1430, #576, .T. ) ;
#1728 = VECTOR ( 'NONE', #1266, 1000.000000000000000 ) ;
#1729 = ORIENTED_EDGE ( 'NONE', *, *, #1499, .T. ) ;
#1730 = DIRECTION ( 'NONE',  ( 0.000000000000000000, 1.000000000000000000, 0.000000000000000000 ) ) ;
#1731 = AXIS2_PLACEMENT_3D ( 'NONE', #1518, #1030, #369 ) ;
#1732 = ORIENTED_EDGE ( 'NONE', *, *, #1727, .F. ) ;
#1733 = DIRECTION ( 'NONE',  ( 0.000000000000000000, 0.000000000000000000, 1.000000000000000000 ) ) ;
#1734 = CARTESIAN_POINT ( 'NONE',  ( 1.749999999999994671, 2.143131898507861395E-16, 62.30000000000000426 ) ) ;
#1735 = PLANE ( 'NONE',  #1141 ) ;
#1736 = ORIENTED_EDGE ( 'NONE', *, *, #1156, .F. ) ;
#1737 = CARTESIAN_POINT ( 'NONE',  ( 0.000000000000000000, 0.000000000000000000, 31.30000000000000071 ) ) ;
#1738 = VERTEX_POINT ( 'NONE', #178 ) ;
#1739 = DIRECTION ( 'NONE',  ( 0.000000000000000000, 0.000000000000000000, 1.000000000000000000 ) ) ;
#1740 = ORIENTED_EDGE ( 'NONE', *, *, #986, .T. ) ;
#1741 = DIRECTION ( 'NONE',  ( -0.000000000000000000, -0.000000000000000000, -1.000000000000000000 ) ) ;
#1742 = CYLINDRICAL_SURFACE ( 'NONE', #1388, 3.250000000000000444 ) ;
#1743 = ADVANCED_FACE ( 'NONE', ( #1031 ), #1835, .T. ) ;
#1744 = DIRECTION ( 'NONE',  ( 0.000000000000000000, 0.000000000000000000, 1.000000000000000000 ) ) ;
#1745 = LINE ( 'NONE', #28, #667 ) ;
#1746 = EDGE_CURVE ( 'NONE', #358, #1624, #25, .T. ) ;
#1747 = ORIENTED_EDGE ( 'NONE', *, *, #259, .T. ) ;
#1748 = CARTESIAN_POINT ( 'NONE',  ( 8.500000000000000000, -1.734723475976807094E-15, 47.79999999999999716 ) ) ;
#1749 = VERTEX_POINT ( 'NONE', #474 ) ;
#1750 = DIRECTION ( 'NONE',  ( 1.224646799147353207E-16, 1.000000000000000000, -0.000000000000000000 ) ) ;
#1751 = DIRECTION ( 'NONE',  ( 1.000000000000000000, 0.000000000000000000, -0.000000000000000000 ) ) ;
#1752 = EDGE_CURVE ( 'NONE', #1621, #665, #1618, .T. ) ;
#1753 = AXIS2_PLACEMENT_3D ( 'NONE', #792, #1758, #1479 ) ;
#1754 = CARTESIAN_POINT ( 'NONE',  ( 0.000000000000000000, 0.000000000000000000, -2.000000000000000000 ) ) ;
#1755 = PLANE ( 'NONE',  #1565 ) ;
#1756 = AXIS2_PLACEMENT_3D ( 'NONE', #540, #831, #1383 ) ;
#1757 = ORIENTED_EDGE ( 'NONE', *, *, #1379, .T. ) ;
#1758 = DIRECTION ( 'NONE',  ( 0.000000000000000000, 0.000000000000000000, 1.000000000000000000 ) ) ;
#1759 = APPROVAL_DATE_TIME ( #620, #1597 ) ;
#1760 = EDGE_LOOP ( 'NONE', ( #1736, #1740, #965, #339 ) ) ;
#1761 = FACE_OUTER_BOUND ( 'NONE', #1601, .T. ) ;
#1762 = CARTESIAN_POINT ( 'NONE',  ( 0.000000000000000000, 0.000000000000000000, 30.80000000000000071 ) ) ;
#1763 = ORIENTED_EDGE ( 'NONE', *, *, #681, .F. ) ;
#1764 = ORIENTED_EDGE ( 'NONE', *, *, #1269, .T. ) ;
#1765 = FACE_OUTER_BOUND ( 'NONE', #1542, .T. ) ;
#1766 = EDGE_CURVE ( 'NONE', #1135, #821, #1339, .T. ) ;
#1767 = APPROVAL_STATUS ( 'not_yet_approved' ) ;
#1768 = ORIENTED_EDGE ( 'NONE', *, *, #863, .F. ) ;
#1769 = DIRECTION ( 'NONE',  ( 1.000000000000000000, 0.000000000000000000, -0.000000000000000000 ) ) ;
#1770 = AXIS2_PLACEMENT_3D ( 'NONE', #456, #47, #476 ) ;
#1771 = VERTEX_POINT ( 'NONE', #1096 ) ;
#1772 = CONICAL_SURFACE ( 'NONE', #547, 1.749999999999994671, 0.7853981633974309595 ) ;
#1773 = FACE_OUTER_BOUND ( 'NONE', #1685, .T. ) ;
#1774 = ORIENTED_EDGE ( 'NONE', *, *, #150, .F. ) ;
#1775 = CARTESIAN_POINT ( 'NONE',  ( -1.046866366342213972, 1.500000000000000000, 62.22506709108491663 ) ) ;
#1776 = COORDINATED_UNIVERSAL_TIME_OFFSET ( 5, 0, .BEHIND. ) ;
#1777 = ORIENTED_EDGE ( 'NONE', *, *, #62, .T. ) ;
#1778 = EDGE_CURVE ( 'NONE', #1612, #1784, #1445, .T. ) ;
#1779 = LINE ( 'NONE', #759, #1112 ) ;
#1780 = EDGE_CURVE ( 'NONE', #1749, #439, #659, .T. ) ;
#1781 = ORIENTED_EDGE ( 'NONE', *, *, #1586, .F. ) ;
#1782 = DIRECTION ( 'NONE',  ( 1.000000000000000000, 0.000000000000000000, 0.000000000000000000 ) ) ;
#1783 = AXIS2_PLACEMENT_3D ( 'NONE', #71, #693, #405 ) ;
#1784 = VERTEX_POINT ( 'NONE', #1359 ) ;
#1785 = LINE ( 'NONE', #258, #99 ) ;
#1786 = CALENDAR_DATE ( 2026, 16, 9 ) ;
#1787 = EDGE_LOOP ( 'NONE', ( #149, #701 ) ) ;
#1788 = ADVANCED_FACE ( 'NONE', ( #950 ), #942, .F. ) ;
#1789 = DIRECTION ( 'NONE',  ( -1.000000000000000000, 0.000000000000000000, 0.000000000000000000 ) ) ;
#1790 = CIRCLE ( 'NONE', #775, 12.00000000000000000 ) ;
#1791 = CARTESIAN_POINT ( 'NONE',  ( -7.250000000000000000, -1.734723475976807094E-15, 47.79999999999999716 ) ) ;
#1792 = DIRECTION ( 'NONE',  ( 1.000000000000000000, 0.000000000000000000, 0.000000000000000000 ) ) ;
#1793 = ORIENTED_EDGE ( 'NONE', *, *, #614, .F. ) ;
#1794 = CARTESIAN_POINT ( 'NONE',  ( -11.00000000000000178, -1.428561776189968632E-15, 47.79999999999999716 ) ) ;
#1795 = VERTEX_POINT ( 'NONE', #370 ) ;
#1796 = DIRECTION ( 'NONE',  ( 0.000000000000000000, 0.000000000000000000, -1.000000000000000000 ) ) ;
#1797 = DIRECTION ( 'NONE',  ( -0.000000000000000000, -0.000000000000000000, 1.000000000000000000 ) ) ;
#1798 = CARTESIAN_POINT ( 'NONE',  ( 0.000000000000000000, 0.000000000000000000, -10.00000000000000000 ) ) ;
#1799 = EDGE_CURVE ( 'NONE', #921, #395, #207, .T. ) ;
#1800 = CARTESIAN_POINT ( 'NONE',  ( 2.750000000000002665, 0.000000000000000000, -2.000000000000000000 ) ) ;
#1801 = CIRCLE ( 'NONE', #995, 2.500000000000000444 ) ;
#1802 = VECTOR ( 'NONE', #454, 1000.000000000000000 ) ;
#1803 = ORIENTED_EDGE ( 'NONE', *, *, #1366, .F. ) ;
#1804 = CARTESIAN_POINT ( 'NONE',  ( 0.2500000000000026090, -9.750000000000001776, 0.000000000000000000 ) ) ;
#1805 = LOCAL_TIME ( 16, 10, 33.00000000000000000, #1480 ) ;
#1806 = EDGE_LOOP ( 'NONE', ( #580, #385 ) ) ;
#1807 = DIRECTION ( 'NONE',  ( 0.000000000000000000, 0.000000000000000000, -1.000000000000000000 ) ) ;
#1808 = EDGE_CURVE ( 'NONE', #1044, #222, #649, .T. ) ;
#1809 = DIRECTION ( 'NONE',  ( 0.000000000000000000, 0.000000000000000000, 1.000000000000000000 ) ) ;
#1810 = DIRECTION ( 'NONE',  ( -0.000000000000000000, -0.000000000000000000, 1.000000000000000000 ) ) ;
#1811 = CARTESIAN_POINT ( 'NONE',  ( 0.000000000000000000, 0.000000000000000000, 50.79999999999999716 ) ) ;
#1812 = EDGE_CURVE ( 'NONE', #159, #851, #1170, .T. ) ;
#1813 = ORIENTED_EDGE ( 'NONE', *, *, #400, .F. ) ;
#1814 = CARTESIAN_POINT ( 'NONE',  ( 11.00000000000000178, -1.734723475976807094E-15, 47.79999999999999716 ) ) ;
#1815 = VERTEX_POINT ( 'NONE', #1088 ) ;
#1816 = DIRECTION ( 'NONE',  ( 0.000000000000000000, 0.000000000000000000, -1.000000000000000000 ) ) ;
#1817 = VECTOR ( 'NONE', #1688, 1000.000000000000000 ) ;
#1818 = AXIS2_PLACEMENT_3D ( 'NONE', #657, #1750, #154 ) ;
#1819 = DIRECTION ( 'NONE',  ( -0.000000000000000000, -0.000000000000000000, -1.000000000000000000 ) ) ;
#1820 = DIRECTION ( 'NONE',  ( 0.000000000000000000, 0.000000000000000000, 1.000000000000000000 ) ) ;
#1821 = DIRECTION ( 'NONE',  ( 0.7071067811865444641, 0.000000000000000000, 0.7071067811865505703 ) ) ;
#1822 = AXIS2_PLACEMENT_3D ( 'NONE', #1690, #434, #976 ) ;
#1823 = ORIENTED_EDGE ( 'NONE', *, *, #340, .F. ) ;
#1824 = CARTESIAN_POINT ( 'NONE',  ( 0.000000000000000000, 0.000000000000000000, 29.80000000000000071 ) ) ;
#1825 = ORIENTED_EDGE ( 'NONE', *, *, #1436, .F. ) ;
#1826 = DIRECTION ( 'NONE',  ( -1.000000000000000000, 1.239088197126294761E-16, 0.000000000000000000 ) ) ;
#1827 = EDGE_CURVE ( 'NONE', #1451, #125, #1501, .T. ) ;
#1828 = CARTESIAN_POINT ( 'NONE',  ( 0.000000000000000000, 0.000000000000000000, 54.30000000000000426 ) ) ;
#1829 = CARTESIAN_POINT ( 'NONE',  ( 0.000000000000000000, -8.500000000000000000, 50.79999999999999716 ) ) ;
#1830 = ORIENTED_EDGE ( 'NONE', *, *, #853, .F. ) ;
#1831 = DIRECTION ( 'NONE',  ( 1.000000000000000000, 0.000000000000000000, 0.000000000000000000 ) ) ;
#1832 = VECTOR ( 'NONE', #545, 1000.000000000000000 ) ;
#1833 = EDGE_LOOP ( 'NONE', ( #1143, #70 ) ) ;
#1834 = CARTESIAN_POINT ( 'NONE',  ( 0.000000000000000000, 0.000000000000000000, 50.79999999999999716 ) ) ;
#1835 = CONICAL_SURFACE ( 'NONE', #1027, 1.749999999999994671, 0.7853981633974309595 ) ;
#1836 = ADVANCED_FACE ( 'NONE', ( #234 ), #1370, .F. ) ;
#1837 = FACE_OUTER_BOUND ( 'NONE', #1660, .T. ) ;
#1838 = CARTESIAN_POINT ( 'NONE',  ( 0.000000000000000000, 0.000000000000000000, 53.29999999999999716 ) ) ;
#1839 = VERTEX_POINT ( 'NONE', #524 ) ;
#1840 = CARTESIAN_POINT ( 'NONE',  ( 0.000000000000000000, 0.000000000000000000, -10.00000000000000000 ) ) ;
#1841 = ORIENTED_EDGE ( 'NONE', *, *, #1752, .F. ) ;
#1842 = CYLINDRICAL_SURFACE ( 'NONE', #1696, 1.249999999999999334 ) ;
#1843 = AXIS2_PLACEMENT_3D ( 'NONE', #730, #1739, #1450 ) ;
#1844 = DIRECTION ( 'NONE',  ( 1.000000000000000000, 0.000000000000000000, 0.000000000000000000 ) ) ;
#1845 = DIRECTION ( 'NONE',  ( -0.000000000000000000, -0.000000000000000000, 1.000000000000000000 ) ) ;
#1846 = MANIFOLD_SOLID_BREP ( 'Saliente-Extruir4', #102 ) ;
#1847 = EDGE_CURVE ( 'NONE', #1738, #906, #535, .T. ) ;
#1848 = ORIENTED_EDGE ( 'NONE', *, *, #1373, .F. ) ;
#1849 = CARTESIAN_POINT ( 'NONE',  ( 0.000000000000000000, 0.000000000000000000, 47.29999999999999716 ) ) ;
#1850 = ORIENTED_EDGE ( 'NONE', *, *, #843, .T. ) ;
#1851 = CARTESIAN_POINT ( 'NONE',  ( -3.500000000000000000, 0.000000000000000000, 53.29999999999999716 ) ) ;
#1852 = DIRECTION ( 'NONE',  ( 1.000000000000000000, 0.000000000000000000, 0.000000000000000000 ) ) ;
#1853 = CARTESIAN_POINT ( 'NONE',  ( -3.500000000000000000, 0.000000000000000000, 53.29999999999999716 ) ) ;
#1854 = ADVANCED_FACE ( 'NONE', ( #788 ), #669, .T. ) ;
#1855 = EDGE_LOOP ( 'NONE', ( #336, #318, #733, #1500 ) ) ;
#1856 = CARTESIAN_POINT ( 'NONE',  ( -3.250000000000000444, 3.980102097228898231E-16, -2.000000000000000000 ) ) ;
#1857 = ORIENTED_EDGE ( 'NONE', *, *, #229, .F. ) ;
#1858 = CARTESIAN_POINT ( 'NONE',  ( 12.50000000000000000, 1.530808498934191521E-15, 50.79999999999999716 ) ) ;
#1859 = AXIS2_PLACEMENT_3D ( 'NONE', #437, #278, #1292 ) ;
#1860 = AXIS2_PLACEMENT_3D ( 'NONE', #924, #341, #1769 ) ;
#1861 = EDGE_CURVE ( 'NONE', #1795, #333, #388, .T. ) ;
#1862 = CARTESIAN_POINT ( 'NONE',  ( -0.2499999999999980571, 7.750000000000001776, -2.000000000000000000 ) ) ;
#1863 = DIRECTION ( 'NONE',  ( -0.000000000000000000, -0.000000000000000000, 1.000000000000000000 ) ) ;
#1864 = ORIENTED_EDGE ( 'NONE', *, *, #251, .T. ) ;
#1865 = LINE ( 'NONE', #1017, #697 ) ;
#1866 = CC_DESIGN_PERSON_AND_ORGANIZATION_ASSIGNMENT ( #776, #502, ( #451 ) ) ;
#1867 = VERTEX_POINT ( 'NONE', #968 ) ;
#1868 = DIRECTION ( 'NONE',  ( -0.000000000000000000, -0.000000000000000000, -1.000000000000000000 ) ) ;
#1869 = EDGE_CURVE ( 'NONE', #954, #838, #1659, .T. ) ;
ENDSEC;
END-ISO-10303-21;
