ISO-10303-21;
HEADER;
FILE_DESCRIPTION (( 'STEP AP203' ),
    '1' );
FILE_NAME ('Rueda 01.STEP',
    '2026-09-16T20:54:54',
    ( '' ),
    ( '' ),
    'SwSTEP 2.0',
    'SolidWorks 2022',
    '' );
FILE_SCHEMA (( 'CONFIG_CONTROL_DESIGN' ));
ENDSEC;

DATA;
#1 = EDGE_CURVE ( 'NONE', #2730, #4238, #1643, .T. ) ;
#2 = EDGE_CURVE ( 'NONE', #4771, #2117, #2139, .T. ) ;
#3 = ORIENTED_EDGE ( 'NONE', *, *, #3306, .T. ) ;
#4 = CARTESIAN_POINT ( 'NONE',  ( 28.99999999999999645, 11.26685175719493337, -8.185846958334092704 ) ) ;
#5 = AXIS2_PLACEMENT_3D ( 'NONE', #390, #3019, #1537 ) ;
#6 = CARTESIAN_POINT ( 'NONE',  ( 13.87885064243084088, 8.689758149939789789, 5.120675950111643004 ) ) ;
#7 = FACE_OUTER_BOUND ( 'NONE', #2467, .T. ) ;
#8 = ORIENTED_EDGE ( 'NONE', *, *, #215, .T. ) ;
#9 = AXIS2_PLACEMENT_3D ( 'NONE', #1103, #4137, #1028 ) ;
#10 = ORIENTED_EDGE ( 'NONE', *, *, #731, .T. ) ;
#11 = CARTESIAN_POINT ( 'NONE',  ( 19.21657918408299182, 7.177569081320248401, -5.998119100082755395 ) ) ;
#12 = CARTESIAN_POINT ( 'NONE',  ( 15.68811153057871799, -13.08341020225130080, 13.17909409243162600 ) ) ;
#13 = CC_DESIGN_APPROVAL ( #3698, ( #4081 ) ) ;
#14 = VECTOR ( 'NONE', #1783, 1000.000000000000000 ) ;
#15 = VERTEX_POINT ( 'NONE', #825 ) ;
#16 = DIRECTION ( 'NONE',  ( -0.9343644053566289021, 0.000000000000000000, -0.3563188993058790666 ) ) ;
#17 = CARTESIAN_POINT ( 'NONE',  ( 18.18979366851544555, 10.36248516143040632, 4.280794077331178116 ) ) ;
#18 = CARTESIAN_POINT ( 'NONE',  ( 15.62081702424863572, 0.4651513317862802088, -13.76010474734790634 ) ) ;
#19 = CARTESIAN_POINT ( 'NONE',  ( 16.10191943618044164, 8.807553479222306692, -18.59064827864726865 ) ) ;
#20 = AXIS2_PLACEMENT_3D ( 'NONE', #1539, #1180, #3452 ) ;
#21 = AXIS2_PLACEMENT_3D ( 'NONE', #3645, #157, #465 ) ;
#22 = EDGE_CURVE ( 'NONE', #3199, #2143, #1410, .T. ) ;
#23 = B_SPLINE_CURVE_WITH_KNOTS ( 'NONE', 3,
 ( #4995, #1828, #1444, #4532, #2610, #4142, #285, #3167, #3546, #1592, #12, #4722, #4267, #1611 ),
 .UNSPECIFIED., .F., .F.,
 ( 4, 2, 2, 2, 2, 2, 4 ),
 ( 2.195884966647023754E-07, 0.002395018511917815923, 0.003592417973628388942, 0.004789817435338961961, 0.007184616358760107131, 0.008382015820470678849, 0.009579415282181247965 ),
 .UNSPECIFIED. ) ;
#24 = DIRECTION ( 'NONE',  ( 1.000000000000000000, 1.224646799147353207E-16, -0.000000000000000000 ) ) ;
#25 = VECTOR ( 'NONE', #5041, 1000.000000000000000 ) ;
#26 = DIRECTION ( 'NONE',  ( 1.000000000000000000, 1.224646799147353207E-16, -0.000000000000000000 ) ) ;
#27 = CARTESIAN_POINT ( 'NONE',  ( 15.83221794005226712, -15.80156424917904268, -13.83150632718889916 ) ) ;
#28 = CARTESIAN_POINT ( 'NONE',  ( 18.32527993299565949, 9.633497595943198988, 4.525484578093273313 ) ) ;
#29 = FACE_OUTER_BOUND ( 'NONE', #3386, .T. ) ;
#30 = CARTESIAN_POINT ( 'NONE',  ( 15.64697572671804693, -15.50256273538185425, 14.16594017223759927 ) ) ;
#31 = CARTESIAN_POINT ( 'NONE',  ( 19.06406854674860440, -9.930063972095567237, -2.400185635125266614 ) ) ;
#32 = ADVANCED_FACE ( 'NONE', ( #485 ), #4889, .F. ) ;
#33 = AXIS2_PLACEMENT_3D ( 'NONE', #493, #2067, #2499 ) ;
#34 = EDGE_LOOP ( 'NONE', ( #3879, #3358, #1644, #1062 ) ) ;
#35 = CARTESIAN_POINT ( 'NONE',  ( 18.42344596033373350, 7.439600521754383244, -6.994246018006408327 ) ) ;
#36 = DIRECTION ( 'NONE',  ( 0.3527547862872251749, -0.4295715233571624769, 0.8312835659821870005 ) ) ;
#37 = VERTEX_POINT ( 'NONE', #3941 ) ;
#38 = ORIENTED_EDGE ( 'NONE', *, *, #1204, .F. ) ;
#39 = CARTESIAN_POINT ( 'NONE',  ( 16.91668686200012672, 0.000000000000000000, 0.000000000000000000 ) ) ;
#40 = CARTESIAN_POINT ( 'NONE',  ( 18.92544621947422456, 10.33085506158684197, 3.596619771185479930 ) ) ;
#41 = CARTESIAN_POINT ( 'NONE',  ( 15.00197104962199113, -15.35845830444613291, -14.32193277845519574 ) ) ;
#42 = CARTESIAN_POINT ( 'NONE',  ( 14.70510654245037863, 7.312581296013566323, 8.788959816618781673 ) ) ;
#43 = DIRECTION ( 'NONE',  ( 0.000000000000000000, 1.000000000000000000, 0.000000000000000000 ) ) ;
#44 = DIRECTION ( 'NONE',  ( 0.000000000000000000, 0.1507782145711796806, 0.9885676152953460916 ) ) ;
#45 = CARTESIAN_POINT ( 'NONE',  ( 18.86914364109006925, -6.522842194442510788, 9.122225099329099862 ) ) ;
#46 = AXIS2_PLACEMENT_3D ( 'NONE', #1297, #2836, #1984 ) ;
#47 = EDGE_CURVE ( 'NONE', #999, #4413, #73, .T. ) ;
#48 = DIRECTION ( 'NONE',  ( -1.224646799147353207E-16, 1.000000000000000000, 0.000000000000000000 ) ) ;
#49 = CARTESIAN_POINT ( 'NONE',  ( 19.16226026710410935, 8.631897790152432748, 4.358895529187564399 ) ) ;
#50 = DIRECTION ( 'NONE',  ( 1.000000000000000000, 1.224646799147353207E-16, -0.000000000000000000 ) ) ;
#51 = DIRECTION ( 'NONE',  ( 0.000000000000000000, 1.000000000000000000, 0.000000000000000000 ) ) ;
#52 = VERTEX_POINT ( 'NONE', #2059 ) ;
#53 = ADVANCED_FACE ( 'NONE', ( #3920 ), #3213, .T. ) ;
#54 = ADVANCED_FACE ( 'NONE', ( #2815 ), #3017, .F. ) ;
#55 = ORIENTED_EDGE ( 'NONE', *, *, #4272, .T. ) ;
#56 = CARTESIAN_POINT ( 'NONE',  ( 18.71744488330175926, 7.800526312268186047, 0.000000000000000000 ) ) ;
#57 = DIRECTION ( 'NONE',  ( -1.652117596168388002E-16, 1.000000000000000000, 0.000000000000000000 ) ) ;
#58 = DIRECTION ( 'NONE',  ( -1.499759782661857608E-32, 1.224646799147353207E-16, 1.000000000000000000 ) ) ;
#59 = ORIENTED_EDGE ( 'NONE', *, *, #4294, .F. ) ;
#60 = VERTEX_POINT ( 'NONE', #440 ) ;
#61 = ORIENTED_EDGE ( 'NONE', *, *, #1136, .T. ) ;
#62 = PLANE ( 'NONE',  #2806 ) ;
#63 = CARTESIAN_POINT ( 'NONE',  ( 14.33221794005226712, -6.941031157979783714E-16, 0.000000000000000000 ) ) ;
#64 = DIRECTION ( 'NONE',  ( 0.000000000000000000, -1.000000000000000000, 1.224646799147357891E-16 ) ) ;
#65 = CARTESIAN_POINT ( 'NONE',  ( 15.79337818020424677, 8.294136888308791811, -19.40177755715020069 ) ) ;
#66 = AXIS2_PLACEMENT_3D ( 'NONE', #832, #915, #3277 ) ;
#67 = DIRECTION ( 'NONE',  ( -1.212044605522343980E-16, 1.000000000000000000, 0.000000000000000000 ) ) ;
#68 = DIRECTION ( 'NONE',  ( -1.230660330783644122E-16, 1.000000000000000000, 0.000000000000000000 ) ) ;
#69 = DIRECTION ( 'NONE',  ( 1.000000000000000000, 1.224646799147353207E-16, -0.000000000000000000 ) ) ;
#70 = CARTESIAN_POINT ( 'NONE',  ( 15.39062593997193318, -15.39764335811758755, -14.27981648898476941 ) ) ;
#71 = AXIS2_PLACEMENT_3D ( 'NONE', #2083, #848, #1600 ) ;
#72 = CIRCLE ( 'NONE', #3740, 30.31597898765162924 ) ;
#73 = LINE ( 'NONE', #2361, #77 ) ;
#74 = CARTESIAN_POINT ( 'NONE',  ( 19.18532477622877153, 8.383232432127318390, 4.547256533387178834 ) ) ;
#75 = DIRECTION ( 'NONE',  ( 1.000000000000000000, 1.224646799147353207E-16, -0.000000000000000000 ) ) ;
#76 = CIRCLE ( 'NONE', #4152, 20.99999999999999645 ) ;
#77 = VECTOR ( 'NONE', #1218, 1000.000000000000000 ) ;
#78 = DIRECTION ( 'NONE',  ( -1.224646799147353207E-16, 1.000000000000000000, 0.000000000000000000 ) ) ;
#79 = ORIENTED_EDGE ( 'NONE', *, *, #3244, .T. ) ;
#80 = B_SPLINE_CURVE_WITH_KNOTS ( 'NONE', 3,
 ( #693, #3368, #3905, #474 ),
 .UNSPECIFIED., .F., .F.,
 ( 4, 4 ),
 ( 0.005643343412390347015, 0.006557754667385884244 ),
 .UNSPECIFIED. ) ;
#81 = AXIS2_PLACEMENT_3D ( 'NONE', #2670, #4575, #2297 ) ;
#82 = ORIENTED_EDGE ( 'NONE', *, *, #2530, .T. ) ;
#83 = CARTESIAN_POINT ( 'NONE',  ( 19.14788446560444868, 3.362757642120178581, 4.118190382730769128E-16 ) ) ;
#84 = CARTESIAN_POINT ( 'NONE',  ( 18.86914364109006925, -6.522842194442509900, 9.122225099329099862 ) ) ;
#85 = DIRECTION ( 'NONE',  ( 0.000000000000000000, 0.1507782145711796806, 0.9885676152953460916 ) ) ;
#86 = ORIENTED_EDGE ( 'NONE', *, *, #3964, .F. ) ;
#87 = EDGE_CURVE ( 'NONE', #4534, #1868, #514, .T. ) ;
#88 = AXIS2_PLACEMENT_3D ( 'NONE', #479, #124, #43 ) ;
#89 = EDGE_LOOP ( 'NONE', ( #3027, #572 ) ) ;
#90 = EDGE_LOOP ( 'NONE', ( #1364, #492, #626, #3501 ) ) ;
#91 = CARTESIAN_POINT ( 'NONE',  ( 15.46262465994942481, 8.029789124878176310, 18.46547997704997357 ) ) ;
#92 = CARTESIAN_POINT ( 'NONE',  ( 14.44470321908979749, -5.586475006518490716, -9.445920829213934056 ) ) ;
#93 = CARTESIAN_POINT ( 'NONE',  ( 16.82995825601014417, -3.882181474940671878E-16, 0.000000000000000000 ) ) ;
#94 = COORDINATED_UNIVERSAL_TIME_OFFSET ( 5, 0, .BEHIND. ) ;
#95 = EDGE_CURVE ( 'NONE', #660, #60, #3357, .T. ) ;
#96 = ADVANCED_FACE ( 'NONE', ( #1604 ), #2303, .F. ) ;
#97 = CARTESIAN_POINT ( 'NONE',  ( 12.33221794005227245, -22.99999999999999289, 2.816687638038911563E-15 ) ) ;
#98 = CARTESIAN_POINT ( 'NONE',  ( 5.000000000000006217, -2.012461179749810203, 1.800000000000000266 ) ) ;
#99 = DIRECTION ( 'NONE',  ( 1.000000000000000000, 1.224646799147353207E-16, -0.000000000000000000 ) ) ;
#100 = FACE_OUTER_BOUND ( 'NONE', #4850, .T. ) ;
#101 = CIRCLE ( 'NONE', #1525, 4.391382572891617819 ) ;
#102 = AXIS2_PLACEMENT_3D ( 'NONE', #3849, #1289, #3093 ) ;
#103 = CARTESIAN_POINT ( 'NONE',  ( 18.32625450480175999, 7.281402995321917260, 7.757402985126444328 ) ) ;
#104 = CARTESIAN_POINT ( 'NONE',  ( 15.19102690686197477, -17.73889651796368128, -9.545713471609838408 ) ) ;
#105 = DIRECTION ( 'NONE',  ( -1.499759782661857608E-32, 1.224646799147353207E-16, 1.000000000000000000 ) ) ;
#106 = CARTESIAN_POINT ( 'NONE',  ( 14.99830906674764819, -18.36937357277762928, -10.18345010533726303 ) ) ;
#107 = VERTEX_POINT ( 'NONE', #853 ) ;
#108 = B_SPLINE_CURVE_WITH_KNOTS ( 'NONE', 3,
 ( #1153, #2299, #3096, #415, #1985, #4236, #31, #758, #3047, #4694 ),
 .UNSPECIFIED., .F., .F.,
 ( 4, 2, 2, 2, 4 ),
 ( 0.003757195908566675954, 0.004695483150043991416, 0.005633770391521307312, 0.006572057632998623208, 0.007510344874475938237 ),
 .UNSPECIFIED. ) ;
#109 = ORIENTED_EDGE ( 'NONE', *, *, #4041, .F. ) ;
#110 = LINE ( 'NONE', #1688, #3533 ) ;
#111 = CARTESIAN_POINT ( 'NONE',  ( 15.02560793283365470, 8.782905688999980143, 18.42904663565311907 ) ) ;
#112 = CARTESIAN_POINT ( 'NONE',  ( 15.83483821301496697, -13.77419778954432417, -5.535363528657944343 ) ) ;
#113 = ORIENTED_EDGE ( 'NONE', *, *, #4587, .T. ) ;
#114 = EDGE_CURVE ( 'NONE', #1515, #3050, #742, .T. ) ;
#115 = EDGE_LOOP ( 'NONE', ( #636, #3621, #1446, #220 ) ) ;
#116 = ORIENTED_EDGE ( 'NONE', *, *, #1677, .F. ) ;
#117 = CARTESIAN_POINT ( 'NONE',  ( 0.7352941176470630946, -2.359246039533870917E-15, 0.000000000000000000 ) ) ;
#118 = CARTESIAN_POINT ( 'NONE',  ( 17.75000000000000355, -2.755455298081542313E-16, 0.000000000000000000 ) ) ;
#119 = CARTESIAN_POINT ( 'NONE',  ( 15.37145724498214960, -14.12750954435463058, -13.70358283579308711 ) ) ;
#120 = CARTESIAN_POINT ( 'NONE',  ( 15.20503010338449634, 8.846703834865703442, -18.84733505416341970 ) ) ;
#121 = ORIENTED_EDGE ( 'NONE', *, *, #3307, .T. ) ;
#122 = EDGE_CURVE ( 'NONE', #1104, #1945, #1489, .T. ) ;
#123 = DIRECTION ( 'NONE',  ( -0.3527547862872307260, -0.6578527512995224757, 0.6654275455367766323 ) ) ;
#124 = DIRECTION ( 'NONE',  ( 1.000000000000000000, 1.224646799147353207E-16, -0.000000000000000000 ) ) ;
#125 = EDGE_CURVE ( 'NONE', #627, #3930, #3421, .T. ) ;
#126 = CARTESIAN_POINT ( 'NONE',  ( 14.32001258001401034, -1.210534225837925248, 10.70859810400099121 ) ) ;
#127 = CARTESIAN_POINT ( 'NONE',  ( 19.21697865132097505, -3.475879289146782014, 8.681616582757527567 ) ) ;
#128 = DIRECTION ( 'NONE',  ( 1.226200593105923645E-16, -1.000000000000000000, 0.000000000000000000 ) ) ;
#129 = CARTESIAN_POINT ( 'NONE',  ( 19.89999999999999147, -1.224646799147470365E-17, 0.000000000000000000 ) ) ;
#130 = CARTESIAN_POINT ( 'NONE',  ( 16.16137039704821277, 8.138455651402626501, -18.71537191549413848 ) ) ;
#131 = ORIENTED_EDGE ( 'NONE', *, *, #1894, .F. ) ;
#132 = CARTESIAN_POINT ( 'NONE',  ( 15.36364019208341247, -18.06792597210784024, -9.878531509761900864 ) ) ;
#133 = AXIS2_PLACEMENT_3D ( 'NONE', #963, #2519, #4517 ) ;
#134 = ORIENTED_EDGE ( 'NONE', *, *, #2581, .T. ) ;
#135 = FACE_OUTER_BOUND ( 'NONE', #1562, .T. ) ;
#136 = FACE_OUTER_BOUND ( 'NONE', #2611, .T. ) ;
#137 = CARTESIAN_POINT ( 'NONE',  ( 15.71430869653328877, 8.614708974115432127, -19.15188037231126827 ) ) ;
#138 = ORIENTED_EDGE ( 'NONE', *, *, #4733, .T. ) ;
#139 = ORIENTED_EDGE ( 'NONE', *, *, #954, .T. ) ;
#140 = EDGE_LOOP ( 'NONE', ( #1300, #3896, #4289, #831 ) ) ;
#141 = DIRECTION ( 'NONE',  ( 1.000000000000000000, 1.224646799147353207E-16, -0.000000000000000000 ) ) ;
#142 = CARTESIAN_POINT ( 'NONE',  ( 15.19102690686196944, 19.96189834571306676, -2.704017343235000759 ) ) ;
#143 = CARTESIAN_POINT ( 'NONE',  ( 15.46262465994940349, 20.16462055182432422, 2.670718676749354703 ) ) ;
#144 = PERSON_AND_ORGANIZATION_ROLE ( 'classification_officer' ) ;
#145 = ORIENTED_EDGE ( 'NONE', *, *, #981, .T. ) ;
#146 = EDGE_CURVE ( 'NONE', #4507, #4967, #1956, .T. ) ;
#147 = CARTESIAN_POINT ( 'NONE',  ( 15.83221794005226357, -5.104060959258758464E-16, 0.000000000000000000 ) ) ;
#148 = CARTESIAN_POINT ( 'NONE',  ( 16.10191943618044519, 3.801848445188117598, -20.21710043773716592 ) ) ;
#149 = CARTESIAN_POINT ( 'NONE',  ( 15.02560793283365825, -14.81299777405161322, 14.04792828807463501 ) ) ;
#150 = DIRECTION ( 'NONE',  ( -1.224646799147353207E-16, 1.000000000000000000, 0.000000000000000000 ) ) ;
#151 = CARTESIAN_POINT ( 'NONE',  ( 19.08509607658064411, -10.06354678238467315, -1.073916725115394932 ) ) ;
#152 = APPROVAL ( #2023, 'UNSPECIFIED' ) ;
#153 = ADVANCED_FACE ( 'NONE', ( #2960 ), #1898, .T. ) ;
#154 = DIRECTION ( 'NONE',  ( 0.000000000000000000, -1.000000000000000000, 1.224646799147354686E-16 ) ) ;
#155 = FACE_OUTER_BOUND ( 'NONE', #4695, .T. ) ;
#156 = ORIENTED_EDGE ( 'NONE', *, *, #3460, .T. ) ;
#157 = DIRECTION ( 'NONE',  ( 1.286465501812323225E-16, -0.8883932117545746410, 0.4590833271949565364 ) ) ;
#158 = TOROIDAL_SURFACE ( 'NONE', #817, 5.130157361851829911, 0.7500000000000000000 ) ;
#159 = EDGE_CURVE ( 'NONE', #991, #2320, #4170, .T. ) ;
#160 = ORIENTED_EDGE ( 'NONE', *, *, #3431, .F. ) ;
#161 = ORIENTED_EDGE ( 'NONE', *, *, #1015, .T. ) ;
#162 = AXIS2_PLACEMENT_3D ( 'NONE', #375, #1207, #4309 ) ;
#163 = AXIS2_PLACEMENT_3D ( 'NONE', #4377, #4691, #2415 ) ;
#164 = CARTESIAN_POINT ( 'NONE',  ( 19.89969812418834749, -1.228343711612165424E-17, 0.000000000000000000 ) ) ;
#165 = CARTESIAN_POINT ( 'NONE',  ( 16.07878658978781772, -17.74704625936847435, -10.49913781503318866 ) ) ;
#166 = CARTESIAN_POINT ( 'NONE',  ( 15.83221794005619465, 8.363770030990254511, -19.26285046149898506 ) ) ;
#167 = VERTEX_POINT ( 'NONE', #4790 ) ;
#168 = VERTEX_POINT ( 'NONE', #4196 ) ;
#169 = CIRCLE ( 'NONE', #4156, 24.66778205994773643 ) ;
#170 = ORIENTED_EDGE ( 'NONE', *, *, #4426, .T. ) ;
#171 = CARTESIAN_POINT ( 'NONE',  ( 14.80283521913048261, 20.48195222315400699, -2.618594532623202298 ) ) ;
#172 = CARTESIAN_POINT ( 'NONE',  ( 14.33221794005226712, 3.186989538156446705E-31, 0.000000000000000000 ) ) ;
#173 = AXIS2_PLACEMENT_3D ( 'NONE', #1010, #4786, #2511 ) ;
#174 = ORIENTED_EDGE ( 'NONE', *, *, #4172, .F. ) ;
#175 = VECTOR ( 'NONE', #3279, 1000.000000000000114 ) ;
#176 = DIRECTION ( 'NONE',  ( -1.652117596168388002E-16, 1.000000000000000000, 0.000000000000000000 ) ) ;
#177 = CARTESIAN_POINT ( 'NONE',  ( 13.83221794005226535, -7.553354557553463399E-16, 0.000000000000000000 ) ) ;
#178 = DIRECTION ( 'NONE',  ( 0.000000000000000000, 0.4590833271949418259, -0.8883932117545823015 ) ) ;
#179 = CARTESIAN_POINT ( 'NONE',  ( 10.00000000000000533, -1.224646799147352665E-15, 0.000000000000000000 ) ) ;
#180 = CARTESIAN_POINT ( 'NONE',  ( 19.10189779210495331, -9.781944734457077573, -2.120963863640100033 ) ) ;
#181 = EDGE_CURVE ( 'NONE', #5033, #3217, #4244, .T. ) ;
#182 = TOROIDAL_SURFACE ( 'NONE', #4408, 55.18023718033725089, 0.7500000000000000000 ) ;
#183 = FACE_OUTER_BOUND ( 'NONE', #820, .T. ) ;
#184 = DIRECTION ( 'NONE',  ( -0.000000000000000000, 0.000000000000000000, -1.000000000000000000 ) ) ;
#185 = VECTOR ( 'NONE', #2887, 1000.000000000000227 ) ;
#186 = ORIENTED_EDGE ( 'NONE', *, *, #4962, .T. ) ;
#187 = CARTESIAN_POINT ( 'NONE',  ( 14.33221794005226890, -18.36699211836383583, 10.18104122985270976 ) ) ;
#188 = EDGE_CURVE ( 'NONE', #4629, #4826, #2695, .T. ) ;
#189 = CIRCLE ( 'NONE', #4090, 236.2527857348446503 ) ;
#190 = CIRCLE ( 'NONE', #4416, 2.700000000000010392 ) ;
#191 = ORIENTED_EDGE ( 'NONE', *, *, #944, .T. ) ;
#192 = VERTEX_POINT ( 'NONE', #1448 ) ;
#193 = EDGE_CURVE ( 'NONE', #4708, #1036, #1472, .T. ) ;
#194 = CARTESIAN_POINT ( 'NONE',  ( 18.13424309457172257, -11.08202350442305395, -2.812190412536465178 ) ) ;
#195 = DIRECTION ( 'NONE',  ( 1.000000000000000000, 1.224646799147353207E-16, -0.000000000000000000 ) ) ;
#196 = CARTESIAN_POINT ( 'NONE',  ( 0.7352941176470663143, -25.94117647058823906, 0.000000000000000000 ) ) ;
#197 = ORIENTED_EDGE ( 'NONE', *, *, #529, .F. ) ;
#198 = EDGE_LOOP ( 'NONE', ( #3677, #4528, #4873, #4914, #3350, #2824, #4086 ) ) ;
#199 = CIRCLE ( 'NONE', #4514, 1.499999999999997780 ) ;
#200 = ORIENTED_EDGE ( 'NONE', *, *, #889, .T. ) ;
#201 = CARTESIAN_POINT ( 'NONE',  ( 19.06317880188180069, 6.622261377254140768, -7.785194668863907097 ) ) ;
#202 = CARTESIAN_POINT ( 'NONE',  ( 14.70510654246227311, -6.099085611835032061, -9.670616038725453834 ) ) ;
#203 = VERTEX_POINT ( 'NONE', #4510 ) ;
#204 = ORIENTED_EDGE ( 'NONE', *, *, #870, .F. ) ;
#205 = CARTESIAN_POINT ( 'NONE',  ( 18.13424309457172257, -10.54866641194501753, -3.339476114887074853 ) ) ;
#206 = CARTESIAN_POINT ( 'NONE',  ( 15.36364019208473053, 3.811745585297064753, -20.23625284769789445 ) ) ;
#207 = DIRECTION ( 'NONE',  ( 0.3527547862872305595, -0.9233425533333267099, -0.1516660474705637529 ) ) ;
#208 = CARTESIAN_POINT ( 'NONE',  ( 18.97544250898642915, -5.954864440424916694, -8.870595902771180263 ) ) ;
#209 = CARTESIAN_POINT ( 'NONE',  ( 19.11239656173321322, -9.955059783330709067, 0.5481701044807388845 ) ) ;
#210 = EDGE_CURVE ( 'NONE', #2894, #471, #4063, .T. ) ;
#211 = DIRECTION ( 'NONE',  ( -1.499759782661857608E-32, 1.224646799147353207E-16, 1.000000000000000000 ) ) ;
#212 = CARTESIAN_POINT ( 'NONE',  ( 14.32001258001401034, -6.955978413083076646E-16, 0.000000000000000000 ) ) ;
#213 = FACE_OUTER_BOUND ( 'NONE', #4724, .T. ) ;
#214 = VERTEX_POINT ( 'NONE', #642 ) ;
#215 = EDGE_CURVE ( 'NONE', #805, #4189, #1075, .T. ) ;
#216 = VERTEX_POINT ( 'NONE', #2208 ) ;
#217 = CARTESIAN_POINT ( 'NONE',  ( 15.94569792126944208, 20.74318141162189733, -2.575685648638616598 ) ) ;
#218 = CARTESIAN_POINT ( 'NONE',  ( 14.33221794005226712, 8.861462174840808004, 18.94409715601184985 ) ) ;
#219 = DIRECTION ( 'NONE',  ( -1.000000000000000000, -1.224646799147353207E-16, 0.000000000000000000 ) ) ;
#220 = ORIENTED_EDGE ( 'NONE', *, *, #923, .F. ) ;
#221 = EDGE_CURVE ( 'NONE', #3552, #3472, #3415, .T. ) ;
#222 = EDGE_CURVE ( 'NONE', #688, #1049, #659, .T. ) ;
#223 = ORIENTED_EDGE ( 'NONE', *, *, #2572, .F. ) ;
#224 = AXIS2_PLACEMENT_3D ( 'NONE', #2817, #2417, #3943 ) ;
#225 = DIRECTION ( 'NONE',  ( -1.214306433183764966E-16, 1.000000000000000000, 0.000000000000000000 ) ) ;
#226 = CARTESIAN_POINT ( 'NONE',  ( 15.88143132485929776, -9.880702706857711348, -11.57025864749131472 ) ) ;
#227 = CALENDAR_DATE ( 2026, 16, 9 ) ;
#228 = ORIENTED_EDGE ( 'NONE', *, *, #1679, .T. ) ;
#229 = EDGE_CURVE ( 'NONE', #4835, #2894, #4298, .T. ) ;
#230 = EDGE_CURVE ( 'NONE', #2750, #3050, #1640, .T. ) ;
#231 = DIRECTION ( 'NONE',  ( -1.000000000000000000, 0.000000000000000000, 0.000000000000000000 ) ) ;
#232 = CARTESIAN_POINT ( 'NONE',  ( 15.95993128910245673, 8.133138015330505510, 14.16888689386095379 ) ) ;
#233 = FACE_OUTER_BOUND ( 'NONE', #1992, .T. ) ;
#234 = DIRECTION ( 'NONE',  ( 1.000000000000000000, 1.224646799147353207E-16, -0.000000000000000000 ) ) ;
#235 = CARTESIAN_POINT ( 'NONE',  ( 19.06317880188177227, -5.357768813684853804, -8.703902292643654448 ) ) ;
#236 = DIRECTION ( 'NONE',  ( -0.000000000000000000, 0.000000000000000000, -1.000000000000000000 ) ) ;
#237 = CARTESIAN_POINT ( 'NONE',  ( 13.87885064243083910, -2.184769284849841675, 9.846827004800758232 ) ) ;
#238 = CARTESIAN_POINT ( 'NONE',  ( 15.83221794005226357, 8.271592331946822085, 19.30235115974420168 ) ) ;
#239 = DIRECTION ( 'NONE',  ( 1.224646799147353207E-16, -1.000000000000000000, 0.000000000000000000 ) ) ;
#240 = VERTEX_POINT ( 'NONE', #2859 ) ;
#241 = ORIENTED_EDGE ( 'NONE', *, *, #3825, .F. ) ;
#242 = DIRECTION ( 'NONE',  ( -1.000000000000000000, -1.224646799147353207E-16, 0.000000000000000000 ) ) ;
#243 = DIRECTION ( 'NONE',  ( -1.700015784817311728E-16, 1.000000000000000000, 0.000000000000000000 ) ) ;
#244 = CARTESIAN_POINT ( 'NONE',  ( 15.83221794005619820, 4.555987326269551829, 20.50007406123777187 ) ) ;
#245 = CARTESIAN_POINT ( 'NONE',  ( 15.71530254681541550, 4.289272393702642461, -20.55747403371114856 ) ) ;
#246 = VERTEX_POINT ( 'NONE', #4096 ) ;
#247 = EDGE_CURVE ( 'NONE', #972, #2504, #1080, .T. ) ;
#248 = VERTEX_POINT ( 'NONE', #768 ) ;
#249 = TOROIDAL_SURFACE ( 'NONE', #3657, 16.30704420490882001, 10.28806150457966240 ) ;
#250 = ORIENTED_EDGE ( 'NONE', *, *, #715, .T. ) ;
#251 = CARTESIAN_POINT ( 'NONE',  ( 14.44494051783086874, -5.586991625304405851, 9.446055851889710198 ) ) ;
#252 = DIRECTION ( 'NONE',  ( -1.224646799147353207E-16, 1.000000000000000000, 0.000000000000000000 ) ) ;
#253 = EDGE_CURVE ( 'NONE', #500, #4189, #1232, .T. ) ;
#254 = COORDINATED_UNIVERSAL_TIME_OFFSET ( 5, 0, .BEHIND. ) ;
#255 = B_SPLINE_CURVE_WITH_KNOTS ( 'NONE', 3,
 ( #3209, #871, #4761, #2431, #2757, #3962, #1287, #1703, #1194, #4276, #4295, #1977, #794, #2358, #821, #3886, #2382, #3914 ),
 .UNSPECIFIED., .F., .F.,
 ( 4, 2, 2, 2, 2, 2, 2, 2, 4 ),
 ( 0.000000000000000000, 0.0009387931093094918460, 0.001877586218618983692, 0.002816379327928475538, 0.003755172437237968251, 0.004693965546547460531, 0.005632758655856953678, 0.006571551765166445958, 0.007510344874475938237 ),
 .UNSPECIFIED. ) ;
#256 = CIRCLE ( 'NONE', #819, 24.66778205994773643 ) ;
#257 = EDGE_LOOP ( 'NONE', ( #3981, #4022, #2631, #2649, #3327, #1127, #2608 ) ) ;
#258 = ORIENTED_EDGE ( 'NONE', *, *, #382, .F. ) ;
#259 = CIRCLE ( 'NONE', #2144, 26.52882011201362999 ) ;
#260 = DIRECTION ( 'NONE',  ( 1.224646799147353207E-16, -1.000000000000000000, 0.000000000000000000 ) ) ;
#261 = DIRECTION ( 'NONE',  ( 0.000000000000000000, 0.9867767030090062175, -0.1620855897317074190 ) ) ;
#262 = CARTESIAN_POINT ( 'NONE',  ( 19.18532477622877508, -4.109367176670689403, -8.606348203437116595 ) ) ;
#263 = EDGE_CURVE ( 'NONE', #1832, #685, #4473, .T. ) ;
#264 = CARTESIAN_POINT ( 'NONE',  ( -36.17039518766870287, -3.665085850861714789, 3.623364898117457322 ) ) ;
#265 = CARTESIAN_POINT ( 'NONE',  ( 18.47703959845298982, -3.576355827043583790, -9.303017652092217205 ) ) ;
#266 = LINE ( 'NONE', #593, #3681 ) ;
#267 = CIRCLE ( 'NONE', #1744, 0.7499999999999997780 ) ;
#268 = CIRCLE ( 'NONE', #2385, 55.18023718033725800 ) ;
#269 = CARTESIAN_POINT ( 'NONE',  ( 14.15900358777834001, -1.440269452739116440, 10.42844467398010266 ) ) ;
#270 = DIRECTION ( 'NONE',  ( -1.301042606982605567E-16, 1.000000000000000000, 0.000000000000000000 ) ) ;
#271 = CIRCLE ( 'NONE', #1834, 17.97821543665478217 ) ;
#272 = DIRECTION ( 'NONE',  ( -0.9837142954526579830, -0.1797392136459947387, 0.000000000000000000 ) ) ;
#273 = CIRCLE ( 'NONE', #3513, 10.77680223744217436 ) ;
#274 = ORIENTED_EDGE ( 'NONE', *, *, #2530, .F. ) ;
#275 = CARTESIAN_POINT ( 'NONE',  ( 15.10479532739162423, 8.860561337530468151, 18.93819087443011284 ) ) ;
#276 = CARTESIAN_POINT ( 'NONE',  ( 16.01996565806089023, 20.68175288830232361, -1.923730161774979575 ) ) ;
#277 = CARTESIAN_POINT ( 'NONE',  ( 15.79337818020432138, 8.294136888307713562, 19.40177755715058794 ) ) ;
#278 = CARTESIAN_POINT ( 'NONE',  ( 15.46262465994940349, 20.16462055182431712, -2.670718676749404441 ) ) ;
#279 = ORIENTED_EDGE ( 'NONE', *, *, #1, .F. ) ;
#280 = VECTOR ( 'NONE', #2339, 1000.000000000000000 ) ;
#281 = ORIENTED_EDGE ( 'NONE', *, *, #253, .F. ) ;
#282 = AXIS2_PLACEMENT_3D ( 'NONE', #3290, #1378, #2936 ) ;
#283 = DIRECTION ( 'NONE',  ( -1.609682944677043619E-16, 1.000000000000000000, 0.000000000000000000 ) ) ;
#284 = ADVANCED_FACE ( 'NONE', ( #400 ), #158, .F. ) ;
#285 = CARTESIAN_POINT ( 'NONE',  ( 15.88145966259519071, -9.880952578872092218, 11.57038416721325724 ) ) ;
#286 = DIRECTION ( 'NONE',  ( -1.499759782661857608E-32, 1.224646799147353207E-16, 1.000000000000000000 ) ) ;
#287 = DIRECTION ( 'NONE',  ( 1.000000000000000000, 1.224646799147353207E-16, -0.000000000000000000 ) ) ;
#288 = CARTESIAN_POINT ( 'NONE',  ( 18.23879110075061405, 7.259641436962328775, -8.277301975592498806 ) ) ;
#289 = CARTESIAN_POINT ( 'NONE',  ( 15.64697572671804338, -18.26316505185059924, -10.36629705423919390 ) ) ;
#290 = CARTESIAN_POINT ( 'NONE',  ( 0.5000000000000003331, 25.50000000000000000, 0.000000000000000000 ) ) ;
#291 = AXIS2_PLACEMENT_3D ( 'NONE', #4033, #548, #1411 ) ;
#292 = EDGE_CURVE ( 'NONE', #660, #5033, #2681, .T. ) ;
#293 = EDGE_CURVE ( 'NONE', #1336, #579, #3906, .T. ) ;
#294 = DIRECTION ( 'NONE',  ( 8.294471464601281835E-17, -1.000000000000000000, 1.243449787580175483E-14 ) ) ;
#295 = DIRECTION ( 'NONE',  ( 0.000000000000000000, 1.000000000000000000, 0.000000000000000000 ) ) ;
#296 = CARTESIAN_POINT ( 'NONE',  ( 18.97571454878588071, 10.03009672927416673, -3.676533059664199854 ) ) ;
#297 = ORIENTED_EDGE ( 'NONE', *, *, #1445, .T. ) ;
#298 = CARTESIAN_POINT ( 'NONE',  ( 29.00000000000000000, -4.303554425042062093, -13.24497860528943427 ) ) ;
#299 = CARTESIAN_POINT ( 'NONE',  ( 15.68811153057870378, 18.33117834410607117, -2.971875524667306312 ) ) ;
#300 = CARTESIAN_POINT ( 'NONE',  ( 15.71329586650395704, 8.906910227507964350, 19.24207437488502492 ) ) ;
#301 = DIRECTION ( 'NONE',  ( -2.168404344971007882E-16, 1.000000000000000000, 0.000000000000000000 ) ) ;
#302 = ORIENTED_EDGE ( 'NONE', *, *, #193, .T. ) ;
#303 = B_SPLINE_CURVE_WITH_KNOTS ( 'NONE', 3,
 ( #4932, #364, #3492, #4601, #723, #4643 ),
 .UNSPECIFIED., .F., .F.,
 ( 4, 2, 4 ),
 ( 4.869836444787269487E-07, 0.001177246115843747420, 0.002354005248043016408 ),
 .UNSPECIFIED. ) ;
#304 = ORIENTED_EDGE ( 'NONE', *, *, #3393, .T. ) ;
#305 = CARTESIAN_POINT ( 'NONE',  ( 16.16137039704821277, 20.40832198700110567, 0.000000000000000000 ) ) ;
#306 =( BOUNDED_SURFACE ( )  B_SPLINE_SURFACE ( 3, 2, ( 
 ( #3565, #2468, #2062 ),
 ( #132, #4304, #1299 ),
 ( #910, #4002, #1714 ),
 ( #106, #1654, #2838 ) ),
 .UNSPECIFIED., .F., .F., .F. ) 
 B_SPLINE_SURFACE_WITH_KNOTS ( ( 4, 4 ),
 ( 3, 3 ),
 ( 0.000000000000000000, 0.0008361757575728812541 ),
 ( 0.000000000000000000, 1.000000000000000000 ),
 .UNSPECIFIED. ) 
 GEOMETRIC_REPRESENTATION_ITEM ( )  RATIONAL_B_SPLINE_SURFACE ( (
 ( 1.000000000000000000, 0.7392545563716670376, 1.000000000000000000),
 ( 1.000000000000000000, 0.7514166459590061464, 1.000000000000000000),
 ( 1.000000000000000000, 0.7616871162901377446, 1.000000000000000000),
 ( 1.000000000000000000, 0.7696469335709794635, 1.000000000000000000) ) ) 
 REPRESENTATION_ITEM ( '' )  SURFACE ( )  );
#307 = DIRECTION ( 'NONE',  ( 0.1774377838674797703, -0.9711185500547424576, -0.1595136188410646028 ) ) ;
#308 = ORIENTED_EDGE ( 'NONE', *, *, #4320, .T. ) ;
#309 = VECTOR ( 'NONE', #3523, 1000.000000000000114 ) ;
#310 = PLANE ( 'NONE',  #2319 ) ;
#311 = CARTESIAN_POINT ( 'NONE',  ( 15.68811153057870733, 8.491067218599654964, 16.51562657324154415 ) ) ;
#312 = DIRECTION ( 'NONE',  ( -1.224646799147353207E-16, 1.000000000000000000, 0.000000000000000000 ) ) ;
#313 = CARTESIAN_POINT ( 'NONE',  ( 15.83221794005226002, -18.08874173569043364, -10.66805682886768736 ) ) ;
#314 = DIRECTION ( 'NONE',  ( 1.000000000000000000, 1.224646799147353207E-16, -0.000000000000000000 ) ) ;
#315 = AXIS2_PLACEMENT_3D ( 'NONE', #1288, #3181, #1978 ) ;
#316 = ADVANCED_FACE ( 'NONE', ( #1951 ), #1754, .T. ) ;
#317 = FACE_OUTER_BOUND ( 'NONE', #3617, .T. ) ;
#318 = DIRECTION ( 'NONE',  ( 1.000000000000000000, 1.224646799147353207E-16, -0.000000000000000000 ) ) ;
#319 = CARTESIAN_POINT ( 'NONE',  ( 18.42339492369414344, -1.907485148478751169, -10.03158128453567954 ) ) ;
#320 = B_SPLINE_CURVE_WITH_KNOTS ( 'NONE', 3,
 ( #3008, #4171, #5018, #1860, #1907, #4636, #3389, #2662 ),
 .UNSPECIFIED., .F., .F.,
 ( 4, 2, 2, 4 ),
 ( 0.002354005248043016408, 0.002940625393446004605, 0.003527245538848992369, 0.004700485829654968764 ),
 .UNSPECIFIED. ) ;
#321 = ORIENTED_EDGE ( 'NONE', *, *, #3660, .F. ) ;
#322 = CYLINDRICAL_SURFACE ( 'NONE', #3266, 4.000000000000002665 ) ;
#323 = DIRECTION ( 'NONE',  ( -1.499759782661857608E-32, 1.224646799147353207E-16, 1.000000000000000000 ) ) ;
#324 = CARTESIAN_POINT ( 'NONE',  ( 14.33221794005226712, -6.941031157979783714E-16, 0.000000000000000000 ) ) ;
#325 = DIRECTION ( 'NONE',  ( -0.000000000000000000, 0.000000000000000000, -1.000000000000000000 ) ) ;
#326 = ORIENTED_EDGE ( 'NONE', *, *, #1801, .F. ) ;
#327 = EDGE_CURVE ( 'NONE', #4313, #922, #384, .T. ) ;
#328 = ORIENTED_EDGE ( 'NONE', *, *, #1696, .F. ) ;
#329 = CARTESIAN_POINT ( 'NONE',  ( 14.95638818340800213, 8.796127330051058735, -18.51573347036176997 ) ) ;
#330 = DIRECTION ( 'NONE',  ( 0.000000000000000000, -1.000000000000000000, 0.000000000000000000 ) ) ;
#331 = AXIS2_PLACEMENT_3D ( 'NONE', #1995, #791, #3439 ) ;
#332 = CARTESIAN_POINT ( 'NONE',  ( 16.82995825601014062, 32.99874609610467502, 0.000000000000000000 ) ) ;
#333 = DIRECTION ( 'NONE',  ( 0.000000000000000000, -1.000000000000000000, 1.224646799147353454E-16 ) ) ;
#334 = VECTOR ( 'NONE', #5040, 1000.000000000000000 ) ;
#335 = CARTESIAN_POINT ( 'NONE',  ( 14.53391428651585215, -18.24256449823874604, 10.05518089759254430 ) ) ;
#336 = CARTESIAN_POINT ( 'NONE',  ( 15.68821549964284578, 8.490993074428926590, -16.51514045178022272 ) ) ;
#337 = CARTESIAN_POINT ( 'NONE',  ( 19.21697865132095373, -2.290880778086889169, -9.066645939007621280 ) ) ;
#338 = B_SPLINE_CURVE_WITH_KNOTS ( 'NONE', 3,
 ( #2917, #165, #4059, #4750 ),
 .UNSPECIFIED., .F., .F.,
 ( 4, 4 ),
 ( 0.000000000000000000, 0.0006860111871049781465 ),
 .UNSPECIFIED. ) ;
#339 = AXIS2_PLACEMENT_3D ( 'NONE', #4908, #2077, #2221 ) ;
#340 = CARTESIAN_POINT ( 'NONE',  ( 17.50000000000000000, -3.061616997868382155E-16, 0.000000000000000000 ) ) ;
#341 = DIRECTION ( 'NONE',  ( 0.5375397459477546658, 0.8432384132180076319, 0.000000000000000000 ) ) ;
#342 = CARTESIAN_POINT ( 'NONE',  ( 15.46262465994939994, -14.74371166033294855, -14.01312337512076311 ) ) ;
#343 = CIRCLE ( 'NONE', #173, 25.19959792024635092 ) ;
#344 = EDGE_LOOP ( 'NONE', ( #4365, #61, #3258, #3365 ) ) ;
#345 = DIRECTION ( 'NONE',  ( -1.000000000000000000, -8.462101261039414178E-17, -1.164708318489093331E-16 ) ) ;
#346 = AXIS2_PLACEMENT_3D ( 'NONE', #1964, #2743, #371 ) ;
#347 = CARTESIAN_POINT ( 'NONE',  ( 18.48494877390132274, -9.926706213636920850, 0.2626263223333243357 ) ) ;
#348 = CARTESIAN_POINT ( 'NONE',  ( 15.42014407859631753, 8.944409292389805088, 19.48793456928967061 ) ) ;
#349 = DIRECTION ( 'NONE',  ( -0.000000000000000000, 0.000000000000000000, -1.000000000000000000 ) ) ;
#350 = EDGE_LOOP ( 'NONE', ( #3572, #1107, #532, #4912 ) ) ;
#351 = ADVANCED_FACE ( 'NONE', ( #2878 ), #925, .F. ) ;
#352 = ORIENTED_EDGE ( 'NONE', *, *, #2622, .T. ) ;
#353 = CARTESIAN_POINT ( 'NONE',  ( 19.18575889800546719, 8.378470657323381587, -4.550914017007789525 ) ) ;
#354 = DIRECTION ( 'NONE',  ( -1.224646799147353207E-16, 1.000000000000000000, 0.000000000000000000 ) ) ;
#355 = TOROIDAL_SURFACE ( 'NONE', #1928, 26.58148327662222954, 0.4999999999999933942 ) ;
#356 = TOROIDAL_SURFACE ( 'NONE', #4742, 30.00000000000000711, 2.999999999999988898 ) ;
#357 = DIRECTION ( 'NONE',  ( 1.012148567159331355E-16, -0.9885676152953464246, -0.1507782145711772936 ) ) ;
#358 = CARTESIAN_POINT ( 'NONE',  ( 19.11275066977680126, 7.735908568505808880, 6.286600013937456488 ) ) ;
#359 = CARTESIAN_POINT ( 'NONE',  ( 18.86914364109006925, -0.08481919454785216694, -11.21406557679531701 ) ) ;
#360 = CARTESIAN_POINT ( 'NONE',  ( 15.88143132485930131, 7.950664829131431688, -12.97251324632068581 ) ) ;
#361 = LINE ( 'NONE', #3442, #3996 ) ;
#362 = AXIS2_PLACEMENT_3D ( 'NONE', #3462, #357, #4560 ) ;
#363 = CARTESIAN_POINT ( 'NONE',  ( 16.07878658978781417, 4.501134540365039349, -20.12285600109381534 ) ) ;
#364 = CARTESIAN_POINT ( 'NONE',  ( 14.15892888244487935, -10.36301731419367123, -1.852647436892149502 ) ) ;
#365 = EDGE_CURVE ( 'NONE', #805, #4157, #1311, .T. ) ;
#366 = B_SPLINE_CURVE_WITH_KNOTS ( 'NONE', 3,
 ( #4631, #3051, #4699, #2700, #329, #806, #2330, #3899, #3855, #2727 ),
 .UNSPECIFIED., .F., .F.,
 ( 4, 2, 2, 2, 4 ),
 ( 5.651432409918388849E-07, 0.0003283357421052437585, 0.0006561063409694957438, 0.0009838769398337477833, 0.001311647538697999606 ),
 .UNSPECIFIED. ) ;
#367 = ORIENTED_EDGE ( 'NONE', *, *, #4255, .F. ) ;
#368 = CARTESIAN_POINT ( 'NONE',  ( 16.16137039704821277, -4.700965456367184473E-16, 0.000000000000000000 ) ) ;
#369 = CARTESIAN_POINT ( 'NONE',  ( 0.3619247386862572968, -26.14030680603400114, 0.000000000000000000 ) ) ;
#370 = DIRECTION ( 'NONE',  ( -1.224646799147353207E-16, 1.000000000000000000, 0.000000000000000000 ) ) ;
#371 = DIRECTION ( 'NONE',  ( -1.000000000000000000, 0.000000000000000000, 0.000000000000000000 ) ) ;
#372 = ORIENTED_EDGE ( 'NONE', *, *, #1051, .T. ) ;
#373 = ORIENTED_EDGE ( 'NONE', *, *, #2934, .F. ) ;
#374 = CARTESIAN_POINT ( 'NONE',  ( 19.08509607658118767, 8.772812783849591511, -5.046387503279101239 ) ) ;
#375 = CARTESIAN_POINT ( 'NONE',  ( 15.83221794005226357, -5.104060959258758464E-16, 0.000000000000000000 ) ) ;
#376 = EDGE_CURVE ( 'NONE', #691, #456, #4149, .T. ) ;
#377 = EDGE_CURVE ( 'NONE', #2105, #1902, #4970, .T. ) ;
#378 = CARTESIAN_POINT ( 'NONE',  ( 15.70453756401723311, 13.61581148269756802, 3.746410448528118220 ) ) ;
#379 = DIRECTION ( 'NONE',  ( -1.000000000000000000, 0.000000000000000000, 0.000000000000000000 ) ) ;
#380 = LINE ( 'NONE', #1952, #658 ) ;
#381 = DIRECTION ( 'NONE',  ( -1.000000000000000000, -1.224646799147353207E-16, -0.000000000000000000 ) ) ;
#382 = EDGE_CURVE ( 'NONE', #471, #246, #405, .T. ) ;
#383 = AXIS2_PLACEMENT_3D ( 'NONE', #4209, #323, #1538 ) ;
#384 = B_SPLINE_CURVE_WITH_KNOTS ( 'NONE', 3,
 ( #2847, #2102, #92, #4042 ),
 .UNSPECIFIED., .F., .F.,
 ( 4, 4 ),
 ( 2.204532649876385374E-07, 0.0009207377340520663412 ),
 .UNSPECIFIED. ) ;
#385 = LINE ( 'NONE', #3394, #2465 ) ;
#386 = CONICAL_SURFACE ( 'NONE', #2192, 25.94117647058823550, 0.4899573262537279539 ) ;
#387 = CARTESIAN_POINT ( 'NONE',  ( 14.33221794005226890, -20.99999999999999645, 2.571758278209441267E-15 ) ) ;
#388 = LINE ( 'NONE', #1533, #280 ) ;
#389 = ORIENTED_EDGE ( 'NONE', *, *, #4573, .F. ) ;
#390 = CARTESIAN_POINT ( 'NONE',  ( -36.17039518766870287, 0.000000000000000000, 0.000000000000000000 ) ) ;
#391 = LINE ( 'NONE', #369, #1057 ) ;
#392 = DIRECTION ( 'NONE',  ( 1.224646799147353207E-16, -1.000000000000000000, 0.000000000000000000 ) ) ;
#393 = EDGE_LOOP ( 'NONE', ( #951, #2124, #1058, #3758 ) ) ;
#394 = EDGE_LOOP ( 'NONE', ( #1521, #4547, #1360, #4655 ) ) ;
#395 = CARTESIAN_POINT ( 'NONE',  ( 14.33221794005226712, 3.186989538156446705E-31, 0.000000000000000000 ) ) ;
#396 = DIRECTION ( 'NONE',  ( -1.230660330783644122E-16, 1.000000000000000000, 0.000000000000000000 ) ) ;
#397 = ORIENTED_EDGE ( 'NONE', *, *, #3640, .T. ) ;
#398 = EDGE_CURVE ( 'NONE', #1767, #834, #1896, .T. ) ;
#399 = CARTESIAN_POINT ( 'NONE',  ( 14.33221794005226712, -6.941031157979783714E-16, 0.000000000000000000 ) ) ;
#400 = FACE_OUTER_BOUND ( 'NONE', #3069, .T. ) ;
#401 = DIRECTION ( 'NONE',  ( 1.000000000000000000, 1.224646799147353207E-16, -0.000000000000000000 ) ) ;
#402 = PERSON_AND_ORGANIZATION ( #2229, #3757 ) ;
#403 = EDGE_CURVE ( 'NONE', #1590, #3930, #527, .T. ) ;
#404 = CIRCLE ( 'NONE', #1409, 0.7500000000000000000 ) ;
#405 = CIRCLE ( 'NONE', #2767, 17.97821543665478217 ) ;
#406 = EDGE_CURVE ( 'NONE', #246, #4856, #72, .T. ) ;
#407 = DIRECTION ( 'NONE',  ( 1.000000000000000000, 1.224646799147353207E-16, -0.000000000000000000 ) ) ;
#408 = EDGE_CURVE ( 'NONE', #713, #3529, #2703, .T. ) ;
#409 = DIRECTION ( 'NONE',  ( 1.224646799147353207E-16, -1.000000000000000000, 0.000000000000000000 ) ) ;
#410 = CARTESIAN_POINT ( 'NONE',  ( 19.06317880188183977, -0.7814993828074427995, 10.19082236600394964 ) ) ;
#411 = DIRECTION ( 'NONE',  ( -1.700015784817311728E-16, 1.000000000000000000, 0.000000000000000000 ) ) ;
#412 = CARTESIAN_POINT ( 'NONE',  ( 19.21697865115010728, 7.182602253115536683, 5.988524711070347450 ) ) ;
#413 = VECTOR ( 'NONE', #3776, 1000.000000000000000 ) ;
#414 = CARTESIAN_POINT ( 'NONE',  ( 18.42320388915669227, -10.13067713915213020, 1.287960124610016299 ) ) ;
#415 = CARTESIAN_POINT ( 'NONE',  ( 19.18566567905907405, -9.453650895060764725, -1.244305488026439699 ) ) ;
#416 = TOROIDAL_SURFACE ( 'NONE', #3271, 19.49999999999999645, 1.500000000000001332 ) ;
#417 = ORIENTED_EDGE ( 'NONE', *, *, #423, .T. ) ;
#418 = CARTESIAN_POINT ( 'NONE',  ( -36.17039518766870287, -3.714685179391185699, 3.672399620161315159 ) ) ;
#419 = DIRECTION ( 'NONE',  ( -1.000000000000000000, -1.224646799147353207E-16, 0.000000000000000000 ) ) ;
#420 = VERTEX_POINT ( 'NONE', #3988 ) ;
#421 = PRODUCT_DEFINITION_FORMATION_WITH_SPECIFIED_SOURCE ( 'ANY', '', #1915, .NOT_KNOWN. ) ;
#422 = ORIENTED_EDGE ( 'NONE', *, *, #292, .F. ) ;
#423 = EDGE_CURVE ( 'NONE', #248, #3382, #4558, .T. ) ;
#424 = CARTESIAN_POINT ( 'NONE',  ( 28.99999999999999645, -4.198442943339807165, -4.150650600467988838 ) ) ;
#425 = CARTESIAN_POINT ( 'NONE',  ( 28.99999999999999645, 7.312581296013566323, 8.788959816618781673 ) ) ;
#426 = CARTESIAN_POINT ( 'NONE',  ( 15.31675430528525261, -0.06654737675792973817, -12.73119017914627094 ) ) ;
#427 = MECHANICAL_CONTEXT ( 'NONE', #1335, 'mechanical' ) ;
#428 = TOROIDAL_SURFACE ( 'NONE', #1105, 6.869842638148169200, 0.7500000000000000000 ) ;
#429 = ORIENTED_EDGE ( 'NONE', *, *, #215, .F. ) ;
#430 = EDGE_CURVE ( 'NONE', #1776, #1803, #1485, .T. ) ;
#431 = CIRCLE ( 'NONE', #1991, 2.700000000000010392 ) ;
#432 = CARTESIAN_POINT ( 'NONE',  ( 14.70510654246227134, 10.61850939826812201, 4.238740146298038525 ) ) ;
#433 = DIRECTION ( 'NONE',  ( 1.000000000000000000, 1.224646799147353207E-16, -0.000000000000000000 ) ) ;
#434 = CARTESIAN_POINT ( 'NONE',  ( 19.22466309474269153, -3.170129186669857990, 8.749244077578557821 ) ) ;
#435 = B_SPLINE_CURVE_WITH_KNOTS ( 'NONE', 3,
 ( #238, #1813, #2248, #2714, #3114, #2316, #2646, #1936, #4667, #4180 ),
 .UNSPECIFIED., .F., .F.,
 ( 4, 2, 2, 2, 4 ),
 ( 0.000000000000000000, 0.0002960619375290565822, 0.0005921238750581131645, 0.0008881858125871697467, 0.001184247750116226329 ),
 .UNSPECIFIED. ) ;
#436 = ADVANCED_FACE ( 'NONE', ( #3175 ), #736, .F. ) ;
#437 = EDGE_CURVE ( 'NONE', #1049, #688, #4225, .T. ) ;
#438 = ADVANCED_FACE ( 'NONE', ( #4555 ), #4819, .T. ) ;
#439 = AXIS2_PLACEMENT_3D ( 'NONE', #641, #286, #3736 ) ;
#440 = CARTESIAN_POINT ( 'NONE',  ( 18.13424309457171901, 10.61850939826812201, 4.238740146298038525 ) ) ;
#441 = CARTESIAN_POINT ( 'NONE',  ( 19.10133534113260012, -9.784147695349579621, 2.125735065671303214 ) ) ;
#442 = DIRECTION ( 'NONE',  ( -1.652117596168388002E-16, 1.000000000000000000, 0.000000000000000000 ) ) ;
#443 = CARTESIAN_POINT ( 'NONE',  ( 15.80802606972442348, -18.13864773526893259, 10.58287252308418935 ) ) ;
#444 = EDGE_LOOP ( 'NONE', ( #3625, #308, #3, #3775 ) ) ;
#445 = EDGE_LOOP ( 'NONE', ( #2548, #4265, #2097 ) ) ;
#446 = CARTESIAN_POINT ( 'NONE',  ( 18.13424309457171901, -0.7499815780235447038, 11.40864529650967896 ) ) ;
#447 = CARTESIAN_POINT ( 'NONE',  ( 15.83221794005226357, -5.104060959258758464E-16, 0.000000000000000000 ) ) ;
#448 = CARTESIAN_POINT ( 'NONE',  ( 15.83480435235251704, 7.889917293309121504, -12.57422595532363374 ) ) ;
#449 = ORIENTED_EDGE ( 'NONE', *, *, #3312, .T. ) ;
#450 = ORIENTED_EDGE ( 'NONE', *, *, #403, .T. ) ;
#451 = ORIENTED_EDGE ( 'NONE', *, *, #3448, .F. ) ;
#452 = CARTESIAN_POINT ( 'NONE',  ( 12.33221794005226535, 21.49999999999999645, 0.000000000000000000 ) ) ;
#453 = DIRECTION ( 'NONE',  ( 1.000000000000000000, 1.224646799147353207E-16, -0.000000000000000000 ) ) ;
#454 = CARTESIAN_POINT ( 'NONE',  ( 15.22970941425003844, -17.66592359818684699, -9.471900310835138725 ) ) ;
#455 = PERSON_AND_ORGANIZATION ( #2229, #3757 ) ;
#456 = VERTEX_POINT ( 'NONE', #2259 ) ;
#457 = DIRECTION ( 'NONE',  ( -1.000000000000000000, -1.224646799147353207E-16, 0.000000000000000000 ) ) ;
#458 = PLANE ( 'NONE',  #4999 ) ;
#459 = CARTESIAN_POINT ( 'NONE',  ( 18.92545337849321285, -6.243761770949032730, 8.982032942009334775 ) ) ;
#460 = TOROIDAL_SURFACE ( 'NONE', #4204, 25.50000000000000355, 0.4999999999999978351 ) ;
#461 = DIRECTION ( 'NONE',  ( -1.000000000000000000, 0.000000000000000000, 0.000000000000000000 ) ) ;
#462 = CARTESIAN_POINT ( 'NONE',  ( 15.22970941424992475, -17.66592359818666580, 9.471900310835428272 ) ) ;
#463 = CC_DESIGN_PERSON_AND_ORGANIZATION_ASSIGNMENT ( #4398, #4431, ( #421 ) ) ;
#464 = DIRECTION ( 'NONE',  ( -1.337428530231552063E-16, 1.000000000000000000, 0.000000000000000000 ) ) ;
#465 = DIRECTION ( 'NONE',  ( 1.244921246426975043E-14, 0.4590833271949565364, 0.8883932117545746410 ) ) ;
#466 = ORIENTED_EDGE ( 'NONE', *, *, #4520, .F. ) ;
#467 = EDGE_CURVE ( 'NONE', #2496, #4835, #571, .T. ) ;
#468 = DIRECTION ( 'NONE',  ( 1.000000000000000000, 1.224646799147353207E-16, -0.000000000000000000 ) ) ;
#469 = CARTESIAN_POINT ( 'NONE',  ( 14.33221794005226712, 5.836302901449458957, -0.8901640288046851479 ) ) ;
#470 = DIRECTION ( 'NONE',  ( 0.000000000000000000, -1.000000000000000000, 1.224646799147350989E-16 ) ) ;
#471 = VERTEX_POINT ( 'NONE', #1855 ) ;
#472 = ORIENTED_EDGE ( 'NONE', *, *, #2729, .F. ) ;
#473 = ORIENTED_EDGE ( 'NONE', *, *, #3595, .T. ) ;
#474 = CARTESIAN_POINT ( 'NONE',  ( 14.70510654245038040, -0.7499815780237349960, -11.40864529650966652 ) ) ;
#475 = DIRECTION ( 'NONE',  ( 1.000000000000000000, 1.224646799147353207E-16, -0.000000000000000000 ) ) ;
#476 = DIRECTION ( 'NONE',  ( 1.000000000000000000, 1.224646799147353207E-16, 0.000000000000000000 ) ) ;
#477 = DIRECTION ( 'NONE',  ( -8.654148491563312670E-17, 1.000000000000000000, 0.000000000000000000 ) ) ;
#478 = VERTEX_POINT ( 'NONE', #3782 ) ;
#479 = CARTESIAN_POINT ( 'NONE',  ( 10.00000000000000533, -1.224646799147352665E-15, 0.000000000000000000 ) ) ;
#480 = CARTESIAN_POINT ( 'NONE',  ( 15.34988357635248235, -18.06214794643731381, -9.872686953465079185 ) ) ;
#481 = FACE_OUTER_BOUND ( 'NONE', #394, .T. ) ;
#482 = CARTESIAN_POINT ( 'NONE',  ( 19.21657918408299892, -2.281169416565674624, 9.071449539562429720 ) ) ;
#483 = CIRCLE ( 'NONE', #1904, 55.18023718033725089 ) ;
#484 = CIRCLE ( 'NONE', #4641, 10.77680223744217436 ) ;
#485 = FACE_OUTER_BOUND ( 'NONE', #2822, .T. ) ;
#486 =( BOUNDED_SURFACE ( )  B_SPLINE_SURFACE ( 3, 2, ( 
 ( #3656, #1034, #504 ),
 ( #1697, #3231, #2980 ),
 ( #1061, #1545, #1520 ),
 ( #3073, #3003, #1879 ) ),
 .UNSPECIFIED., .F., .F., .T. ) 
 B_SPLINE_SURFACE_WITH_KNOTS ( ( 4, 4 ),
 ( 3, 3 ),
 ( -3.794707603699265519E-18, 0.0008361757575728830973 ),
 ( 0.000000000000000000, 1.000000000000000000 ),
 .UNSPECIFIED. ) 
 GEOMETRIC_REPRESENTATION_ITEM ( )  RATIONAL_B_SPLINE_SURFACE ( (
 ( 1.000000000000000000, 0.7392545563716665935, 1.000000000000000000),
 ( 1.000000000000000000, 0.7514166459590062574, 1.000000000000000000),
 ( 1.000000000000000000, 0.7616871162901377446, 1.000000000000000000),
 ( 1.000000000000000000, 0.7696469335709784643, 1.000000000000000000) ) ) 
 REPRESENTATION_ITEM ( '' )  SURFACE ( )  );
#487 = DIRECTION ( 'NONE',  ( 0.000000000000000000, 0.4590833271949564809, 0.8883932117545746410 ) ) ;
#488 = CARTESIAN_POINT ( 'NONE',  ( 20.00000000000000000, 0.000000000000000000, 0.000000000000000000 ) ) ;
#489 = AXIS2_PLACEMENT_3D ( 'NONE', #2261, #307, #4969 ) ;
#490 = EDGE_LOOP ( 'NONE', ( #1798, #4603, #3768, #4428 ) ) ;
#491 = AXIS2_PLACEMENT_3D ( 'NONE', #3346, #211, #154 ) ;
#492 = ORIENTED_EDGE ( 'NONE', *, *, #1358, .T. ) ;
#493 = CARTESIAN_POINT ( 'NONE',  ( 20.00000000000000000, 0.000000000000000000, 0.000000000000000000 ) ) ;
#494 = CARTESIAN_POINT ( 'NONE',  ( 20.00000000000000355, 4.007032904195614975, -20.61416229936821054 ) ) ;
#495 = CARTESIAN_POINT ( 'NONE',  ( 15.49185737752257275, -17.12541074827298360, -8.925163767834042972 ) ) ;
#496 = ORIENTED_EDGE ( 'NONE', *, *, #2039, .F. ) ;
#497 = AXIS2_PLACEMENT_3D ( 'NONE', #4599, #2246, #294 ) ;
#498 = EDGE_LOOP ( 'NONE', ( #3493, #3722, #2794, #1305 ) ) ;
#499 = EDGE_CURVE ( 'NONE', #1716, #945, #484, .T. ) ;
#500 = VERTEX_POINT ( 'NONE', #4858 ) ;
#501 = FACE_OUTER_BOUND ( 'NONE', #784, .T. ) ;
#502 = DIRECTION ( 'NONE',  ( -0.000000000000000000, 0.000000000000000000, -1.000000000000000000 ) ) ;
#503 = CIRCLE ( 'NONE', #3111, 0.4999999999999997780 ) ;
#504 = CARTESIAN_POINT ( 'NONE',  ( 15.46262465994942659, -14.74371166033295388, -14.01312337512076844 ) ) ;
#505 = AXIS2_PLACEMENT_3D ( 'NONE', #1440, #4939, #3023 ) ;
#506 = DIRECTION ( 'NONE',  ( 0.000000000000000000, -1.000000000000000000, 1.224646799147353207E-16 ) ) ;
#507 = DIRECTION ( 'NONE',  ( -6.609232856433456499E-17, -0.4488827966982565920, -0.8935906416409875597 ) ) ;
#508 = CYLINDRICAL_SURFACE ( 'NONE', #1815, 20.99999999999999645 ) ;
#509 = CARTESIAN_POINT ( 'NONE',  ( 19.27715863625270742, 4.101532431080391561, 5.200410587522426057E-16 ) ) ;
#510 = DIRECTION ( 'NONE',  ( 1.000000000000000000, 1.224646799147353207E-16, -0.000000000000000000 ) ) ;
#511 = CARTESIAN_POINT ( 'NONE',  ( 19.08509607658173479, -4.131162478823629414, 9.239143225823903904 ) ) ;
#512 = CIRCLE ( 'NONE', #3686, 20.91421356237308871 ) ;
#513 = VECTOR ( 'NONE', #2652, 1000.000000000000000 ) ;
#514 = LINE ( 'NONE', #4743, #4564 ) ;
#515 = CARTESIAN_POINT ( 'NONE',  ( 18.97549644782105460, -10.27638166833542144, 2.921988910936290651 ) ) ;
#516 = LINE ( 'NONE', #2061, #309 ) ;
#517 = ORIENTED_EDGE ( 'NONE', *, *, #1867, .F. ) ;
#518 = DIRECTION ( 'NONE',  ( 1.000000000000000000, 1.224646799147353207E-16, -0.000000000000000000 ) ) ;
#519 = ORIENTED_EDGE ( 'NONE', *, *, #2720, .F. ) ;
#520 = CARTESIAN_POINT ( 'NONE',  ( 18.18957372837409991, -0.8686214870355808415, 11.17905976472077256 ) ) ;
#521 = DIRECTION ( 'NONE',  ( -0.3527547862872290052, -0.8361468832529018735, 0.4200267257900497375 ) ) ;
#522 = CARTESIAN_POINT ( 'NONE',  ( 14.33221794005226890, -15.27856463851679969, 14.28179930958331489 ) ) ;
#523 = ORIENTED_EDGE ( 'NONE', *, *, #1740, .F. ) ;
#524 = VERTEX_POINT ( 'NONE', #305 ) ;
#525 = ORIENTED_EDGE ( 'NONE', *, *, #3265, .T. ) ;
#526 = CARTESIAN_POINT ( 'NONE',  ( 14.43467158840842579, 20.71799027951204053, 2.579823483968217701 ) ) ;
#527 = LINE ( 'NONE', #2803, #3977 ) ;
#528 = CARTESIAN_POINT ( 'NONE',  ( 15.04388330914848915, -6.756250178984653409, -10.00073349413141877 ) ) ;
#529 = EDGE_CURVE ( 'NONE', #3730, #2726, #1878, .T. ) ;
#530 = EDGE_CURVE ( 'NONE', #4608, #680, #1544, .T. ) ;
#531 = VERTEX_POINT ( 'NONE', #1060 ) ;
#532 = ORIENTED_EDGE ( 'NONE', *, *, #4795, .F. ) ;
#533 = ORIENTED_EDGE ( 'NONE', *, *, #3518, .F. ) ;
#534 = CARTESIAN_POINT ( 'NONE',  ( 16.16137039704820921, 20.31429751936824957, 1.956763301910335873 ) ) ;
#535 = EDGE_LOOP ( 'NONE', ( #3192, #1749, #297, #3479 ) ) ;
#536 = CARTESIAN_POINT ( 'NONE',  ( 15.42014407859632463, 4.218541415280467888, -21.02346212435687534 ) ) ;
#537 = DIRECTION ( 'NONE',  ( 0.000000000000000000, -0.5877852522924804646, -0.8090169943749422332 ) ) ;
#538 = CARTESIAN_POINT ( 'NONE',  ( 18.48501557096720660, -2.821459213065033111, -9.520576808463713903 ) ) ;
#539 = ADVANCED_FACE ( 'NONE', ( #2952 ), #3095, .F. ) ;
#540 = CARTESIAN_POINT ( 'NONE',  ( 15.19930687606360387, -15.36485180047884569, -14.31509375072989521 ) ) ;
#541 = CARTESIAN_POINT ( 'NONE',  ( 14.95638818340800213, 3.767058574559717599, 20.14977696273044216 ) ) ;
#542 = CARTESIAN_POINT ( 'NONE',  ( 0.1003018758116594883, -25.19959792024635448, 3.131469283182625906E-15 ) ) ;
#543 = EDGE_LOOP ( 'NONE', ( #1281, #3756, #2218, #4754 ) ) ;
#544 = CARTESIAN_POINT ( 'NONE',  ( 17.00000000000000000, -3.673940397442058882E-16, 0.000000000000000000 ) ) ;
#545 = AXIS2_PLACEMENT_3D ( 'NONE', #4820, #4439, #4491 ) ;
#546 = ORIENTED_EDGE ( 'NONE', *, *, #114, .F. ) ;
#547 = EDGE_LOOP ( 'NONE', ( #523, #174, #2340, #241 ) ) ;
#548 = DIRECTION ( 'NONE',  ( -1.000000000000000000, -1.224646799147353207E-16, 0.000000000000000000 ) ) ;
#549 = CARTESIAN_POINT ( 'NONE',  ( 19.89969812418835104, -25.19959792024635092, 3.086060693282999444E-15 ) ) ;
#550 = CARTESIAN_POINT ( 'NONE',  ( 14.33221794005226535, 4.007032904195955147, 20.61416229936813949 ) ) ;
#551 = AXIS2_PLACEMENT_3D ( 'NONE', #3865, #747, #3843 ) ;
#552 = ORIENTED_EDGE ( 'NONE', *, *, #1612, .T. ) ;
#553 = VERTEX_POINT ( 'NONE', #4141 ) ;
#554 = ORIENTED_EDGE ( 'NONE', *, *, #2436, .F. ) ;
#555 = CARTESIAN_POINT ( 'NONE',  ( 18.58817071265350762, -8.539301101228392810, 0.000000000000000000 ) ) ;
#556 = EDGE_CURVE ( 'NONE', #1278, #2155, #3102, .T. ) ;
#557 = CARTESIAN_POINT ( 'NONE',  ( 15.10479532739164910, 20.74935387096671846, 2.574671775175809252 ) ) ;
#558 = CALENDAR_DATE ( 2026, 16, 9 ) ;
#559 = B_SPLINE_CURVE_WITH_KNOTS ( 'NONE', 3,
 ( #432, #2830, #4686, #4736 ),
 .UNSPECIFIED., .F., .F.,
 ( 4, 4 ),
 ( 2.204532649875793510E-07, 0.0009207377340520675338 ),
 .UNSPECIFIED. ) ;
#560 = ORIENTED_EDGE ( 'NONE', *, *, #4013, .T. ) ;
#561 = DIRECTION ( 'NONE',  ( 1.000000000000000000, 1.224646799147353207E-16, -0.000000000000000000 ) ) ;
#562 = ADVANCED_FACE ( 'NONE', ( #3731 ), #2274, .T. ) ;
#563 = CARTESIAN_POINT ( 'NONE',  ( 19.40278114366668305, 0.000000000000000000, 0.000000000000000000 ) ) ;
#564 = CARTESIAN_POINT ( 'NONE',  ( 15.19609989511502768, -18.22417657730546381, 10.03658125037667936 ) ) ;
#565 = DIRECTION ( 'NONE',  ( 0.000000000000000000, -1.000000000000000000, 0.000000000000000000 ) ) ;
#566 = CARTESIAN_POINT ( 'NONE',  ( 19.11958564739175159, -9.926476629384881178, -0.2691077121338787403 ) ) ;
#567 = EDGE_CURVE ( 'NONE', #3577, #4493, #366, .T. ) ;
#568 = CARTESIAN_POINT ( 'NONE',  ( 15.14241462648020509, 3.641919973445037595, 19.90761551365752169 ) ) ;
#569 = CARTESIAN_POINT ( 'NONE',  ( 15.00197104962198758, 20.84347464719607856, 2.559211720763678422 ) ) ;
#570 = EDGE_LOOP ( 'NONE', ( #2749, #1614, #3901, #2182, #3829, #610 ) ) ;
#571 = CIRCLE ( 'NONE', #4882, 26.14030680603399759 ) ;
#572 = ORIENTED_EDGE ( 'NONE', *, *, #1203, .F. ) ;
#573 = AXIS2_PLACEMENT_3D ( 'NONE', #1926, #2285, #330 ) ;
#574 = AXIS2_PLACEMENT_3D ( 'NONE', #3138, #2834, #128 ) ;
#575 = DIRECTION ( 'NONE',  ( -1.224646799147353207E-16, 1.000000000000000000, 0.000000000000000000 ) ) ;
#576 = B_SPLINE_CURVE_WITH_KNOTS ( 'NONE', 3,
 ( #3053, #3785, #4922, #2207 ),
 .UNSPECIFIED., .F., .F.,
 ( 4, 4 ),
 ( 0.000000000000000000, 0.0006860111871049751108 ),
 .UNSPECIFIED. ) ;
#577 = CARTESIAN_POINT ( 'NONE',  ( 14.43467158840843112, 8.855769020983423445, 18.90677036083581797 ) ) ;
#578 = CARTESIAN_POINT ( 'NONE',  ( 15.62081702424863572, -12.94289761839101693, -4.694491416468562051 ) ) ;
#579 = VERTEX_POINT ( 'NONE', #5034 ) ;
#580 = ORIENTED_EDGE ( 'NONE', *, *, #1929, .F. ) ;
#581 = ORIENTED_EDGE ( 'NONE', *, *, #2861, .F. ) ;
#582 = CARTESIAN_POINT ( 'NONE',  ( 18.80661654244303804, 7.330859852423626144, -8.908801989924453935 ) ) ;
#583 = CARTESIAN_POINT ( 'NONE',  ( 13.87885064243084088, -4.020304215065169551, -9.250425552850311206 ) ) ;
#584 = CIRCLE ( 'NONE', #3990, 0.7500000000000006661 ) ;
#585 = DATE_AND_TIME ( #2129, #4177 ) ;
#586 = ORIENTED_EDGE ( 'NONE', *, *, #2317, .T. ) ;
#587 = ADVANCED_FACE ( 'NONE', ( #1564 ), #3101, .T. ) ;
#588 = VECTOR ( 'NONE', #3140, 1000.000000000000227 ) ;
#589 = CARTESIAN_POINT ( 'NONE',  ( 0.3619247386862509130, 26.14030680603399404, 3.201264305873930769E-15 ) ) ;
#590 = CARTESIAN_POINT ( 'NONE',  ( 20.00000000000000000, 0.000000000000000000, 0.000000000000000000 ) ) ;
#591 = FACE_OUTER_BOUND ( 'NONE', #709, .T. ) ;
#592 = CARTESIAN_POINT ( 'NONE',  ( 18.86914364109006570, -6.522842194442662667, -9.122225099328991504 ) ) ;
#593 = CARTESIAN_POINT ( 'NONE',  ( 28.99999999999999645, 10.61850939826811491, -4.238740146298064282 ) ) ;
#594 = VECTOR ( 'NONE', #381, 1000.000000000000000 ) ;
#595 = EDGE_CURVE ( 'NONE', #3654, #2730, #2217, .T. ) ;
#596 = CIRCLE ( 'NONE', #3274, 55.18023718033725089 ) ;
#597 = CARTESIAN_POINT ( 'NONE',  ( 14.15916972526788697, -4.964845214884039848, 9.283452641812257156 ) ) ;
#598 = DIRECTION ( 'NONE',  ( -0.3527547862872285611, 0.1410855578619374939, -0.9250183382583493374 ) ) ;
#599 = VECTOR ( 'NONE', #1569, 1000.000000000000000 ) ;
#600 = PLANE ( 'NONE',  #3919 ) ;
#601 = EDGE_CURVE ( 'NONE', #3602, #1862, #1056, .T. ) ;
#602 = EDGE_CURVE ( 'NONE', #4413, #52, #1971, .T. ) ;
#603 = ADVANCED_FACE ( 'NONE', ( #2820 ), #1166, .F. ) ;
#604 = AXIS2_PLACEMENT_3D ( 'NONE', #3965, #69, #3067 ) ;
#605 = ORIENTED_EDGE ( 'NONE', *, *, #3917, .F. ) ;
#606 = CARTESIAN_POINT ( 'NONE',  ( 15.93116551049795682, 16.77606359313910289, -3.227314967797991319 ) ) ;
#607 = DIRECTION ( 'NONE',  ( 0.000000000000000000, -1.000000000000000000, 1.224646799147352714E-16 ) ) ;
#608 = CYLINDRICAL_SURFACE ( 'NONE', #674, 2.700000000000010392 ) ;
#609 = ORIENTED_EDGE ( 'NONE', *, *, #4581, .T. ) ;
#610 = ORIENTED_EDGE ( 'NONE', *, *, #1844, .F. ) ;
#611 = EDGE_CURVE ( 'NONE', #999, #1725, #1890, .T. ) ;
#612 = AXIS2_PLACEMENT_3D ( 'NONE', #2426, #790, #3957 ) ;
#613 = ORIENTED_EDGE ( 'NONE', *, *, #4795, .T. ) ;
#614 = CARTESIAN_POINT ( 'NONE',  ( 15.42014407859633351, -15.77015268526270297, 14.52874170911595364 ) ) ;
#615 = FACE_OUTER_BOUND ( 'NONE', #2873, .T. ) ;
#616 = EDGE_LOOP ( 'NONE', ( #4212, #2472, #1916, #1395, #2131, #3729, #304, #787, #4062, #1563, #2393, #4360, #2093, #4392 ) ) ;
#617 = DIRECTION ( 'NONE',  ( 0.1774377838674791041, -0.4517986021563036303, -0.8742962060685198766 ) ) ;
#618 = CARTESIAN_POINT ( 'NONE',  ( -36.17039518766870287, 2.650113081033909967, -5.275578092813913322 ) ) ;
#619 = CARTESIAN_POINT ( 'NONE',  ( 14.99830906674764108, 4.008587971037313125, -20.61717158056870858 ) ) ;
#620 = CARTESIAN_POINT ( 'NONE',  ( 18.97667301655054928, -5.213717797205063675, -9.339940595702010739 ) ) ;
#621 = CARTESIAN_POINT ( 'NONE',  ( 10.00000000000000888, 269.1527857348445991, 0.000000000000000000 ) ) ;
#622 = CARTESIAN_POINT ( 'NONE',  ( 14.33221794005226890, -18.30413442075662900, -10.11745976218452725 ) ) ;
#623 = DIRECTION ( 'NONE',  ( 0.000000000000000000, 0.000000000000000000, -1.000000000000000000 ) ) ;
#624 = EDGE_CURVE ( 'NONE', #3325, #1965, #4637, .T. ) ;
#625 = CARTESIAN_POINT ( 'NONE',  ( 19.10189779209455097, 9.160430807941844833, -4.033787043573378917 ) ) ;
#626 = ORIENTED_EDGE ( 'NONE', *, *, #4587, .F. ) ;
#627 = VERTEX_POINT ( 'NONE', #3569 ) ;
#628 = PLANE ( 'NONE',  #4306 ) ;
#629 = FACE_OUTER_BOUND ( 'NONE', #2656, .T. ) ;
#630 = CARTESIAN_POINT ( 'NONE',  ( 14.02300515190535002, 7.365284118190129625, -7.224333027558738074 ) ) ;
#631 = CARTESIAN_POINT ( 'NONE',  ( 15.41316552742295265, 3.751435507998884145, -20.11954404975597654 ) ) ;
#632 = ORIENTED_EDGE ( 'NONE', *, *, #611, .F. ) ;
#633 = CIRCLE ( 'NONE', #3471, 0.7500000000000004441 ) ;
#634 = EDGE_LOOP ( 'NONE', ( #581, #918, #2447, #4506 ) ) ;
#635 = EDGE_CURVE ( 'NONE', #2120, #1515, #4220, .T. ) ;
#636 = ORIENTED_EDGE ( 'NONE', *, *, #3705, .F. ) ;
#637 = CIRCLE ( 'NONE', #4284, 20.91421356237308871 ) ;
#638 = CARTESIAN_POINT ( 'NONE',  ( 15.46262465994942836, -14.74371166033272473, 14.01312337512101180 ) ) ;
#639 = FACE_OUTER_BOUND ( 'NONE', #2612, .T. ) ;
#640 = ORIENTED_EDGE ( 'NONE', *, *, #4765, .F. ) ;
#641 = CARTESIAN_POINT ( 'NONE',  ( 16.91668686200013028, -30.00000000000000355, 3.673940397442059967E-15 ) ) ;
#642 = CARTESIAN_POINT ( 'NONE',  ( 15.00197104962198935, 4.007032904195955147, 20.61416229936813593 ) ) ;
#643 = DIRECTION ( 'NONE',  ( 1.000000000000000000, 1.224646799147353207E-16, -0.000000000000000000 ) ) ;
#644 = DIRECTION ( 'NONE',  ( 1.000000000000000000, 1.224646799147353207E-16, -0.000000000000000000 ) ) ;
#645 = CARTESIAN_POINT ( 'NONE',  ( 18.44620250683758655, -4.093822668086727568, -9.241993900398981054 ) ) ;
#646 = DIRECTION ( 'NONE',  ( -1.000000000000000000, 0.000000000000000000, 0.000000000000000000 ) ) ;
#647 = CARTESIAN_POINT ( 'NONE',  ( 14.32001258001401212, -10.55855765525255130, -2.157852336385968073 ) ) ;
#648 = LINE ( 'NONE', #4903, #2988 ) ;
#649 = CARTESIAN_POINT ( 'NONE',  ( 19.22459589515231215, 7.339233398184119572, -5.722070356271558467 ) ) ;
#650 = ADVANCED_FACE ( 'NONE', ( #1302 ), #2121, .T. ) ;
#651 = ORIENTED_EDGE ( 'NONE', *, *, #408, .F. ) ;
#652 = ORIENTED_EDGE ( 'NONE', *, *, #122, .F. ) ;
#653 = CARTESIAN_POINT ( 'NONE',  ( 7.418031413246567674, -1.540846755674013973E-15, 0.000000000000000000 ) ) ;
#654 = CARTESIAN_POINT ( 'NONE',  ( 2.021784563346535002, -3.469446951953614189E-15, 0.000000000000000000 ) ) ;
#655 = LINE ( 'NONE', #1484, #1349 ) ;
#656 = FACE_OUTER_BOUND ( 'NONE', #4014, .T. ) ;
#657 = ORIENTED_EDGE ( 'NONE', *, *, #1581, .F. ) ;
#658 = VECTOR ( 'NONE', #792, 1000.000000000000114 ) ;
#659 = CIRCLE ( 'NONE', #2621, 25.00000000000000000 ) ;
#660 = VERTEX_POINT ( 'NONE', #884 ) ;
#661 = DIRECTION ( 'NONE',  ( 0.8823529411764716723, -0.4705882352941158087, 5.763043760693405903E-17 ) ) ;
#662 = DIRECTION ( 'NONE',  ( 1.000000000000000000, 1.224646799147353207E-16, -0.000000000000000000 ) ) ;
#663 = B_SPLINE_CURVE_WITH_KNOTS ( 'NONE', 3,
 ( #3938, #796, #1622, #480, #3515, #2002 ),
 .UNSPECIFIED., .F., .F.,
 ( 4, 2, 4 ),
 ( 2.453269466693398698E-18, 0.0004198938236725298801, 0.0008397876473450573750 ),
 .UNSPECIFIED. ) ;
#664 = CIRCLE ( 'NONE', #3099, 0.7500000000000000000 ) ;
#665 = EDGE_CURVE ( 'NONE', #1541, #1699, #4738, .T. ) ;
#666 = ADVANCED_FACE ( 'NONE', ( #135 ), #2443, .T. ) ;
#667 = AXIS2_PLACEMENT_3D ( 'NONE', #368, #4259, #3797 ) ;
#668 = FACE_OUTER_BOUND ( 'NONE', #2038, .T. ) ;
#669 = CARTESIAN_POINT ( 'NONE',  ( 15.83221794005226357, 8.271592331946822085, 19.30235115974420168 ) ) ;
#670 = DIRECTION ( 'NONE',  ( -1.000000000000000000, -1.224646799147353207E-16, 0.000000000000000000 ) ) ;
#671 = CARTESIAN_POINT ( 'NONE',  ( 16.16137039704821277, -4.700965456367184473E-16, 0.000000000000000000 ) ) ;
#672 = ORIENTED_EDGE ( 'NONE', *, *, #2009, .F. ) ;
#673 = CARTESIAN_POINT ( 'NONE',  ( 19.40278114366668660, -26.58148327662222599, 3.255292841130430549E-15 ) ) ;
#674 = AXIS2_PLACEMENT_3D ( 'NONE', #3702, #3476, #1540 ) ;
#675 = DIRECTION ( 'NONE',  ( 0.000000000000000000, 1.000000000000000000, 0.000000000000000000 ) ) ;
#676 = FACE_OUTER_BOUND ( 'NONE', #732, .T. ) ;
#677 = CC_DESIGN_SECURITY_CLASSIFICATION ( #4081, ( #421 ) ) ;
#678 = CARTESIAN_POINT ( 'NONE',  ( 19.27715863625270742, 6.790366931101592678E-15, 0.000000000000000000 ) ) ;
#679 = CIRCLE ( 'NONE', #2471, 20.40832198700114120 ) ;
#680 = VERTEX_POINT ( 'NONE', #1717 ) ;
#681 = CARTESIAN_POINT ( 'NONE',  ( 14.53391428651585215, 20.66883174079410423, 2.587898148392448583 ) ) ;
#682 = FACE_OUTER_BOUND ( 'NONE', #3903, .T. ) ;
#683 = CARTESIAN_POINT ( 'NONE',  ( 15.36364019208460974, 8.810804028799035237, 18.61196029678303887 ) ) ;
#684 = CARTESIAN_POINT ( 'NONE',  ( 12.33221794005226890, 0.000000000000000000, 0.000000000000000000 ) ) ;
#685 = VERTEX_POINT ( 'NONE', #3545 ) ;
#686 = AXIS2_PLACEMENT_3D ( 'NONE', #324, #3403, #3427 ) ;
#687 = CIRCLE ( 'NONE', #3285, 2.499999999999993339 ) ;
#688 = VERTEX_POINT ( 'NONE', #3598 ) ;
#689 = AXIS2_PLACEMENT_3D ( 'NONE', #1698, #1672, #3582 ) ;
#690 = CARTESIAN_POINT ( 'NONE',  ( 14.99830906674764641, -15.36148519105787180, 14.32345329273162449 ) ) ;
#691 = VERTEX_POINT ( 'NONE', #4335 ) ;
#692 = EDGE_CURVE ( 'NONE', #4310, #2477, #110, .T. ) ;
#693 = CARTESIAN_POINT ( 'NONE',  ( 14.32001258001401034, -1.210534225838107547, -10.70859810400096990 ) ) ;
#694 = CARTESIAN_POINT ( 'NONE',  ( 10.00000000000000533, -1.224646799147352665E-15, 0.000000000000000000 ) ) ;
#695 = DIRECTION ( 'NONE',  ( 1.000000000000000000, 1.224646799147353207E-16, -0.000000000000000000 ) ) ;
#696 = CARTESIAN_POINT ( 'NONE',  ( 15.93119001642230970, 8.253387414877717987, -14.95729430728739473 ) ) ;
#697 = VERTEX_POINT ( 'NONE', #56 ) ;
#698 = CARTESIAN_POINT ( 'NONE',  ( 19.16245220678155192, -1.480367122674703495, -9.554884308318928987 ) ) ;
#699 = B_SPLINE_CURVE_WITH_KNOTS ( 'NONE', 3,
 ( #2433, #2492, #540, #70, #3159, #850, #3136, #1648, #1239, #27 ),
 .UNSPECIFIED., .F., .F.,
 ( 4, 2, 2, 2, 4 ),
 ( 0.000000000000000000, 0.0002946598545078745737, 0.0005893197090157491474, 0.0008839795635236237211, 0.001178639418031498295 ),
 .UNSPECIFIED. ) ;
#700 = CARTESIAN_POINT ( 'NONE',  ( -36.17039518766870287, 0.000000000000000000, 0.000000000000000000 ) ) ;
#701 = EDGE_CURVE ( 'NONE', #1524, #3400, #1366, .T. ) ;
#702 = LINE ( 'NONE', #1195, #4777 ) ;
#703 = CARTESIAN_POINT ( 'NONE',  ( 18.44620250683758655, -2.120335605991864547, 9.883218717134415243 ) ) ;
#704 = ORIENTED_EDGE ( 'NONE', *, *, #3081, .T. ) ;
#705 = DIRECTION ( 'NONE',  ( 0.000000000000000000, 1.000000000000000000, 0.000000000000000000 ) ) ;
#706 = CARTESIAN_POINT ( 'NONE',  ( 14.33221794005226535, 8.874942871418173951, 19.03248247152913208 ) ) ;
#707 = CARTESIAN_POINT ( 'NONE',  ( 14.32001258001400856, 7.273698799234394663, -7.951903686725255938 ) ) ;
#708 = FACE_OUTER_BOUND ( 'NONE', #862, .T. ) ;
#709 = EDGE_LOOP ( 'NONE', ( #3200, #1752, #372, #1037 ) ) ;
#710 = ORIENTED_EDGE ( 'NONE', *, *, #4508, .T. ) ;
#711 = CARTESIAN_POINT ( 'NONE',  ( 15.19102690686196411, -14.56013348537054775, -13.92090543913326250 ) ) ;
#712 = FACE_OUTER_BOUND ( 'NONE', #4652, .T. ) ;
#713 = VERTEX_POINT ( 'NONE', #3354 ) ;
#714 = AXIS2_PLACEMENT_3D ( 'NONE', #4281, #1895, #3066 ) ;
#715 = EDGE_CURVE ( 'NONE', #1897, #524, #4928, .T. ) ;
#716 = LINE ( 'NONE', #1615, #2160 ) ;
#717 = DIRECTION ( 'NONE',  ( 1.000000000000000000, 1.224646799147353207E-16, -0.000000000000000000 ) ) ;
#718 = CARTESIAN_POINT ( 'NONE',  ( 10.00000000000000533, 4.000000000000000888, 0.000000000000000000 ) ) ;
#719 = CARTESIAN_POINT ( 'NONE',  ( 15.80802606972441993, 20.89493066877331984, 2.099905914840740184 ) ) ;
#720 = CARTESIAN_POINT ( 'NONE',  ( 19.32921422716058046, 6.796741902379898423E-15, 0.000000000000000000 ) ) ;
#721 = DIRECTION ( 'NONE',  ( -1.000000000000000000, -8.462101261039250243E-17, 1.164708318489088155E-16 ) ) ;
#722 = DIRECTION ( 'NONE',  ( 1.000000000000000000, 1.224646799147353207E-16, -0.000000000000000000 ) ) ;
#723 = CARTESIAN_POINT ( 'NONE',  ( 13.77803019910893312, -9.926594664305923743, -0.3977383717942216124 ) ) ;
#724 = ADVANCED_FACE ( 'NONE', ( #4084 ), #2495, .T. ) ;
#725 = ORIENTED_EDGE ( 'NONE', *, *, #4921, .F. ) ;
#726 = DIRECTION ( 'NONE',  ( -1.000000000000000000, -1.224646799147353207E-16, 0.000000000000000000 ) ) ;
#727 = CARTESIAN_POINT ( 'NONE',  ( -4.999999999999993783, -3.061616997868382254E-15, 0.000000000000000000 ) ) ;
#728 = CARTESIAN_POINT ( 'NONE',  ( 15.19609989511503301, -15.17693627037370341, -14.23074771616856182 ) ) ;
#729 = ORIENTED_EDGE ( 'NONE', *, *, #2241, .T. ) ;
#730 = B_SPLINE_CURVE_WITH_KNOTS ( 'NONE', 3,
 ( #3441, #1908, #2267, #4539, #1884, #448, #360, #3838, #696, #1551, #336, #1933, #3861, #1091 ),
 .UNSPECIFIED., .F., .F.,
 ( 4, 2, 2, 2, 2, 2, 4 ),
 ( 2.199870357897426738E-07, 0.002394868560576655491, 0.003592192847347089324, 0.004789517134117521856, 0.007184165707658392991, 0.008381489994428831594, 0.009578814281199270197 ),
 .UNSPECIFIED. ) ;
#731 = EDGE_CURVE ( 'NONE', #2504, #4238, #5037, .T. ) ;
#732 = EDGE_LOOP ( 'NONE', ( #2636, #1899, #4054, #533 ) ) ;
#733 = CARTESIAN_POINT ( 'NONE',  ( 19.11958564739336808, 8.188865831908371362, -5.616923857544640519 ) ) ;
#734 = CARTESIAN_POINT ( 'NONE',  ( 15.88143132485930131, -14.05727493470251943, 5.821700143543723449 ) ) ;
#735 = AXIS2_PLACEMENT_3D ( 'NONE', #3468, #1069, #3059 ) ;
#736 = TOROIDAL_SURFACE ( 'NONE', #3653, 5.130157361851829911, 0.7500000000000000000 ) ;
#737 = DIRECTION ( 'NONE',  ( 1.000000000000000000, 1.224646799147353207E-16, -0.000000000000000000 ) ) ;
#738 = CARTESIAN_POINT ( 'NONE',  ( 18.97753207998202640, 7.272065326233094318, 7.838421495181784771 ) ) ;
#739 = B_SPLINE_CURVE_WITH_KNOTS ( 'NONE', 3,
 ( #3999, #2416, #515, #3539, #441, #2033, #1651, #2464, #3921, #3618 ),
 .UNSPECIFIED., .F., .F.,
 ( 4, 2, 2, 2, 4 ),
 ( 0.000000000000000000, 0.0009392989771416692052, 0.001878597954283338410, 0.002817896931425006857, 0.003757195908566675954 ),
 .UNSPECIFIED. ) ;
#740 = AXIS2_PLACEMENT_3D ( 'NONE', #2204, #4917, #252 ) ;
#741 = CARTESIAN_POINT ( 'NONE',  ( 18.36353445633486814, 9.392383442042159913, -4.642763717058722150 ) ) ;
#742 = CIRCLE ( 'NONE', #163, 4.101532431080384455 ) ;
#743 = DIRECTION ( 'NONE',  ( -1.609682944677043619E-16, 1.000000000000000000, 0.000000000000000000 ) ) ;
#744 = CARTESIAN_POINT ( 'NONE',  ( 18.85555543971521431, -0.8100970732475304414, -11.27527182183142962 ) ) ;
#745 = CIRCLE ( 'NONE', #4568, 22.99999999999999289 ) ;
#746 = CARTESIAN_POINT ( 'NONE',  ( 19.14788446560444868, 6.774535411171911911E-15, 0.000000000000000000 ) ) ;
#747 = DIRECTION ( 'NONE',  ( 1.000000000000000000, 1.224646799147353207E-16, -0.000000000000000000 ) ) ;
#748 = EDGE_CURVE ( 'NONE', #3400, #553, #2997, .T. ) ;
#749 = CARTESIAN_POINT ( 'NONE',  ( 18.48494877390132984, -3.317293393386906430, -9.359702633055809073 ) ) ;
#750 = CIRCLE ( 'NONE', #4881, 19.99999999999999645 ) ;
#751 = ORIENTED_EDGE ( 'NONE', *, *, #601, .F. ) ;
#752 = DIRECTION ( 'NONE',  ( 1.000000000000000000, 1.224646799147353207E-16, -0.000000000000000000 ) ) ;
#753 = EDGE_CURVE ( 'NONE', #4157, #713, #1502, .T. ) ;
#754 = ADVANCED_FACE ( 'NONE', ( #629 ), #2245, .T. ) ;
#755 = CIRCLE ( 'NONE', #346, 2.999999999999988898 ) ;
#756 = CARTESIAN_POINT ( 'NONE',  ( 14.32001258001400856, 7.273698799234415979, 7.951903686725237286 ) ) ;
#757 = DIRECTION ( 'NONE',  ( -1.700015784817311728E-16, 1.000000000000000000, 0.000000000000000000 ) ) ;
#758 = CARTESIAN_POINT ( 'NONE',  ( 18.97566032104863609, -10.27574242930844939, -2.921425158652804388 ) ) ;
#759 = ORIENTED_EDGE ( 'NONE', *, *, #1148, .F. ) ;
#760 = ORIENTED_EDGE ( 'NONE', *, *, #181, .T. ) ;
#761 = CARTESIAN_POINT ( 'NONE',  ( 18.18980072945129933, 10.36245261912859128, -4.280799422652152408 ) ) ;
#762 = CARTESIAN_POINT ( 'NONE',  ( 19.90000000000000213, -1.224646799147348492E-17, 0.000000000000000000 ) ) ;
#763 = EDGE_CURVE ( 'NONE', #1665, #15, #1793, .T. ) ;
#764 = B_SPLINE_CURVE_WITH_KNOTS ( 'NONE', 3,
 ( #4788, #1266, #3475, #4627, #2056, #934, #901, #4374, #2491, #2459 ),
 .UNSPECIFIED., .F., .F.,
 ( 4, 2, 2, 2, 4 ),
 ( 5.651432404150947864E-07, 0.0003283357421046759076, 0.0006561063409689367291, 0.0009838769398331976591, 0.001311647538697458155 ),
 .UNSPECIFIED. ) ;
#765 = ORIENTED_EDGE ( 'NONE', *, *, #3431, .T. ) ;
#766 = AXIS2_PLACEMENT_3D ( 'NONE', #4526, #3778, #1053 ) ;
#767 = DIRECTION ( 'NONE',  ( 2.081544907286531627E-16, -0.7111427899707145617, 0.7030476031341463816 ) ) ;
#768 = CARTESIAN_POINT ( 'NONE',  ( 15.22970941425003666, -14.46738312548696825, 13.87431358935456061 ) ) ;
#769 = DIRECTION ( 'NONE',  ( 0.000000000000000000, -0.1620855897317074468, -0.9867767030090063285 ) ) ;
#770 = DIRECTION ( 'NONE',  ( 1.000000000000000000, 1.224646799147353207E-16, -0.000000000000000000 ) ) ;
#771 = CARTESIAN_POINT ( 'NONE',  ( 18.42363533702675582, -1.909488316598290103, -10.03009582309841363 ) ) ;
#772 = DIRECTION ( 'NONE',  ( 1.000000000000000000, 1.224646799147353207E-16, -0.000000000000000000 ) ) ;
#773 = CARTESIAN_POINT ( 'NONE',  ( 14.33221794005226712, -6.941031157979786672E-16, 0.000000000000000000 ) ) ;
#774 = CARTESIAN_POINT ( 'NONE',  ( -4.999999999999993783, 1.326546440824078101E-14, 2.168404344971008868E-16 ) ) ;
#775 = EDGE_CURVE ( 'NONE', #4238, #3635, #2623, .T. ) ;
#776 = VERTEX_POINT ( 'NONE', #3753 ) ;
#777 = CARTESIAN_POINT ( 'NONE',  ( 15.22970941424992120, 3.549241899149075952, 19.72826991950124409 ) ) ;
#778 = DIRECTION ( 'NONE',  ( 0.000000000000000000, 0.000000000000000000, 1.000000000000000000 ) ) ;
#779 = CARTESIAN_POINT ( 'NONE',  ( -4.999999999999993783, 1.326546440824078101E-14, 2.168404344971008868E-16 ) ) ;
#780 = ORIENTED_EDGE ( 'NONE', *, *, #3904, .T. ) ;
#781 = PRODUCT_DEFINITION ( 'UNKNOWN', '', #421, #2322 ) ;
#782 = EDGE_CURVE ( 'NONE', #1684, #2845, #2195, .T. ) ;
#783 = ADVANCED_FACE ( 'NONE', ( #4135 ), #2149, .T. ) ;
#784 = EDGE_LOOP ( 'NONE', ( #2378, #2286, #3206, #1222 ) ) ;
#785 = CARTESIAN_POINT ( 'NONE',  ( 19.16226026720769582, 6.812959107129000103, -6.862449845877204524 ) ) ;
#786 = DIRECTION ( 'NONE',  ( -1.000000000000000000, -8.462101261039250243E-17, 1.164708318489088155E-16 ) ) ;
#787 = ORIENTED_EDGE ( 'NONE', *, *, #2770, .T. ) ;
#788 = ADVANCED_FACE ( 'NONE', ( #682 ), #1771, .T. ) ;
#789 = EDGE_CURVE ( 'NONE', #240, #991, #1247, .T. ) ;
#790 = DIRECTION ( 'NONE',  ( -0.000000000000000000, 0.000000000000000000, -1.000000000000000000 ) ) ;
#791 = DIRECTION ( 'NONE',  ( -1.069396340127215433E-16, 0.7111427899707265521, 0.7030476031341341692 ) ) ;
#792 = DIRECTION ( 'NONE',  ( -5.622149271912026113E-17, 0.4590833271949417704, -0.8883932117545823015 ) ) ;
#793 = CARTESIAN_POINT ( 'NONE',  ( 15.36364019208517995, 8.810804028799191556, -18.61196029678437114 ) ) ;
#794 = CARTESIAN_POINT ( 'NONE',  ( 19.16245220679195427, -4.418577923638300931, 8.600201747333663604 ) ) ;
#795 = VECTOR ( 'NONE', #2359, 1000.000000000000000 ) ;
#796 = CARTESIAN_POINT ( 'NONE',  ( 15.10479532739163844, -18.29993400285377092, -10.11321097889706699 ) ) ;
#797 = CARTESIAN_POINT ( 'NONE',  ( 18.97544250898636875, -0.3964189191919820221, 10.67664433305763438 ) ) ;
#798 = DIRECTION ( 'NONE',  ( 1.000000000000000000, 1.224646799147353207E-16, -0.000000000000000000 ) ) ;
#799 = DIRECTION ( 'NONE',  ( -1.000000000000000000, -8.462101261039414178E-17, -1.164708318489093331E-16 ) ) ;
#800 = PLANE ( 'NONE',  #1383 ) ;
#801 = B_SPLINE_CURVE_WITH_KNOTS ( 'NONE', 3,
 ( #647, #2213, #1843, #3267 ),
 .UNSPECIFIED., .F., .F.,
 ( 4, 4 ),
 ( 0.005643343412390351352, 0.006557754667385884244 ),
 .UNSPECIFIED. ) ;
#802 = CARTESIAN_POINT ( 'NONE',  ( 14.32001258001400856, 7.273698799234394663, -7.951903686725255938 ) ) ;
#803 = ORIENTED_EDGE ( 'NONE', *, *, #4021, .F. ) ;
#804 = EDGE_CURVE ( 'NONE', #2750, #2141, #4450, .T. ) ;
#805 = VERTEX_POINT ( 'NONE', #4235 ) ;
#806 = CARTESIAN_POINT ( 'NONE',  ( 14.80283521913047728, 8.819702708716384620, -18.67030391631877961 ) ) ;
#807 = CARTESIAN_POINT ( 'NONE',  ( 5.000000000000006217, -2.423442683385735097E-15, 2.168404344971008868E-16 ) ) ;
#808 = EDGE_CURVE ( 'NONE', #4310, #4835, #391, .T. ) ;
#809 = ORIENTED_EDGE ( 'NONE', *, *, #159, .T. ) ;
#810 = ORIENTED_EDGE ( 'NONE', *, *, #22, .F. ) ;
#811 = CARTESIAN_POINT ( 'NONE',  ( 19.27715863625270742, -4.101532431080377350, 0.000000000000000000 ) ) ;
#812 = CARTESIAN_POINT ( 'NONE',  ( 18.97544250898636520, 10.03159198219807102, 3.676281338092233675 ) ) ;
#813 = DIRECTION ( 'NONE',  ( 0.000000000000000000, 0.1620855897317074468, 0.9867767030090063285 ) ) ;
#814 = EDGE_CURVE ( 'NONE', #4629, #3457, #2516, .T. ) ;
#815 = EDGE_CURVE ( 'NONE', #2329, #3975, #3956, .T. ) ;
#816 = DIRECTION ( 'NONE',  ( -1.224646799147353207E-16, 1.000000000000000000, 0.000000000000000000 ) ) ;
#817 = AXIS2_PLACEMENT_3D ( 'NONE', #2374, #4271, #1190 ) ;
#818 = ORIENTED_EDGE ( 'NONE', *, *, #2317, .F. ) ;
#819 = AXIS2_PLACEMENT_3D ( 'NONE', #2347, #4678, #396 ) ;
#820 = EDGE_LOOP ( 'NONE', ( #3869, #2344 ) ) ;
#821 = CARTESIAN_POINT ( 'NONE',  ( 19.06415730152600574, -5.350608795071760682, 8.702203838280654580 ) ) ;
#822 = LINE ( 'NONE', #98, #795 ) ;
#823 = CARTESIAN_POINT ( 'NONE',  ( 18.36323743614983428, -10.32852560953874921, 1.766823108660953823 ) ) ;
#824 = CIRCLE ( 'NONE', #4809, 30.31597898765164700 ) ;
#825 = CARTESIAN_POINT ( 'NONE',  ( 14.70510654245038040, -0.7499815780237349960, -11.40864529650966652 ) ) ;
#826 = CARTESIAN_POINT ( 'NONE',  ( 18.92545569602838640, 6.612990523860447389, 8.713758435459753926 ) ) ;
#827 = VECTOR ( 'NONE', #3314, 1000.000000000000000 ) ;
#828 = DIRECTION ( 'NONE',  ( -1.327240333366232074E-16, 1.000000000000000000, 0.000000000000000000 ) ) ;
#829 = DIRECTION ( 'NONE',  ( -1.387778780781445676E-16, 1.000000000000000000, 0.000000000000000000 ) ) ;
#830 = AXIS2_PLACEMENT_3D ( 'NONE', #4745, #518, #4717 ) ;
#831 = ORIENTED_EDGE ( 'NONE', *, *, #467, .F. ) ;
#832 = CARTESIAN_POINT ( 'NONE',  ( 14.33221794005226712, 6.123233995736814107E-17, 0.000000000000000000 ) ) ;
#833 = CARTESIAN_POINT ( 'NONE',  ( -36.17039518766870287, 0.8466611016249488975, -5.154470868202158940 ) ) ;
#834 = VERTEX_POINT ( 'NONE', #706 ) ;
#835 = AXIS2_PLACEMENT_3D ( 'NONE', #3909, #2734, #2355 ) ;
#836 = CIRCLE ( 'NONE', #1098, 10.77680223744217436 ) ;
#837 = ORIENTED_EDGE ( 'NONE', *, *, #3853, .F. ) ;
#838 = ORIENTED_EDGE ( 'NONE', *, *, #4020, .F. ) ;
#839 = CARTESIAN_POINT ( 'NONE',  ( 15.68821549964284223, 18.33069310331377721, 2.971955229163466772 ) ) ;
#840 = DIRECTION ( 'NONE',  ( -0.000000000000000000, 0.000000000000000000, -1.000000000000000000 ) ) ;
#841 = VECTOR ( 'NONE', #957, 1000.000000000000000 ) ;
#842 = SPHERICAL_SURFACE ( 'NONE', #1819, 56.17039518766868156 ) ;
#843 = APPLICATION_PROTOCOL_DEFINITION ( 'international standard', 'config_control_design', 1994, #3399 ) ;
#844 = VECTOR ( 'NONE', #2255, 1000.000000000000114 ) ;
#845 = VERTEX_POINT ( 'NONE', #4605 ) ;
#846 = AXIS2_PLACEMENT_3D ( 'NONE', #3447, #1480, #5047 ) ;
#847 = ORIENTED_EDGE ( 'NONE', *, *, #3459, .F. ) ;
#848 = DIRECTION ( 'NONE',  ( -0.1774377838674802976, 0.1483856688830525183, -0.9728810441808015685 ) ) ;
#849 = CARTESIAN_POINT ( 'NONE',  ( 14.70510654246227311, -0.7499815780235450369, 11.40864529650967896 ) ) ;
#850 = CARTESIAN_POINT ( 'NONE',  ( 15.64624510673250768, -15.50210045098863354, -14.16644553475221890 ) ) ;
#851 = AXIS2_PLACEMENT_3D ( 'NONE', #91, #1160, #16 ) ;
#852 = ADVANCED_FACE ( 'NONE', ( #3092 ), #800, .F. ) ;
#853 = CARTESIAN_POINT ( 'NONE',  ( 16.16137039704821277, 4.416470673144806902, 19.92471814401313068 ) ) ;
#854 = CARTESIAN_POINT ( 'NONE',  ( 19.50000000000000355, -6.123233995736733988E-17, 0.000000000000000000 ) ) ;
#855 = DIRECTION ( 'NONE',  ( 0.5375397459477548878, -0.8432384132180074099, 1.032669223665526030E-16 ) ) ;
#856 = CARTESIAN_POINT ( 'NONE',  ( 15.71430869653328877, -18.22663879816793653, 10.43059780765926270 ) ) ;
#857 = ORIENTED_EDGE ( 'NONE', *, *, #3733, .T. ) ;
#858 = ORIENTED_EDGE ( 'NONE', *, *, #782, .F. ) ;
#859 = CARTESIAN_POINT ( 'NONE',  ( 18.48494877390132274, -2.817748442975430923, 9.522014626598187093 ) ) ;
#860 = CARTESIAN_POINT ( 'NONE',  ( -36.17039518766870287, 0.9569204807014389802, -5.825729718177744765 ) ) ;
#861 = CARTESIAN_POINT ( 'NONE',  ( 14.32001258001401034, -6.955978413083076646E-16, 0.000000000000000000 ) ) ;
#862 = EDGE_LOOP ( 'NONE', ( #2949, #1715, #704, #2520 ) ) ;
#863 = ORIENTED_EDGE ( 'NONE', *, *, #4352, .T. ) ;
#864 = ORIENTED_EDGE ( 'NONE', *, *, #1330, .T. ) ;
#865 = CARTESIAN_POINT ( 'NONE',  ( 0.7352941176470599860, 25.94117647058823195, 3.176877873082251580E-15 ) ) ;
#866 = CARTESIAN_POINT ( 'NONE',  ( 14.44494051783086697, 10.07222349437359732, -4.358068431958127320 ) ) ;
#867 = FACE_OUTER_BOUND ( 'NONE', #616, .T. ) ;
#868 = CARTESIAN_POINT ( 'NONE',  ( 15.42014407859631575, 8.944409292389762456, -19.48793456928968837 ) ) ;
#869 = EDGE_LOOP ( 'NONE', ( #55, #1175, #1421, #1329 ) ) ;
#870 = EDGE_CURVE ( 'NONE', #2100, #3275, #2363, .T. ) ;
#871 = CARTESIAN_POINT ( 'NONE',  ( 18.92544941639021516, -0.2281870275957446903, 10.93662790454939682 ) ) ;
#872 = CARTESIAN_POINT ( 'NONE',  ( 17.00000000000000355, 7.500000000000000000, 0.000000000000000000 ) ) ;
#873 = DIRECTION ( 'NONE',  ( 1.000000000000000000, 1.224646799147353207E-16, -0.000000000000000000 ) ) ;
#874 = CARTESIAN_POINT ( 'NONE',  ( 18.97571454886831788, -5.953506797432874365, 8.869920661497701531 ) ) ;
#875 = AXIS2_PLACEMENT_3D ( 'NONE', #2466, #3241, #1712 ) ;
#876 = VECTOR ( 'NONE', #1870, 1000.000000000000000 ) ;
#877 = CARTESIAN_POINT ( 'NONE',  ( 18.48501606016042231, 7.878330018023080861, 6.044352007105580959 ) ) ;
#878 = CARTESIAN_POINT ( 'NONE',  ( -36.17039518766870287, -4.640560438378839692, 2.398041653079158841 ) ) ;
#879 = FACE_OUTER_BOUND ( 'NONE', #4935, .T. ) ;
#880 = CARTESIAN_POINT ( 'NONE',  ( 15.83221794005226002, 20.91368945140510860, 1.901997247681121994 ) ) ;
#881 = EDGE_CURVE ( 'NONE', #1796, #1774, #1534, .T. ) ;
#882 = ORIENTED_EDGE ( 'NONE', *, *, #1733, .F. ) ;
#883 = VERTEX_POINT ( 'NONE', #4649 ) ;
#884 = CARTESIAN_POINT ( 'NONE',  ( 18.13424309457172257, 7.312581296013566323, 8.788959816618781673 ) ) ;
#885 = DIRECTION ( 'NONE',  ( -0.1774377838674801866, -0.8794111632416212743, 0.4417599334731659999 ) ) ;
#886 = CARTESIAN_POINT ( 'NONE',  ( 15.95993128910245673, -14.90810962961094432, -6.682331708239297896 ) ) ;
#887 = ORIENTED_EDGE ( 'NONE', *, *, #2436, .T. ) ;
#888 = ORIENTED_EDGE ( 'NONE', *, *, #3208, .F. ) ;
#889 = EDGE_CURVE ( 'NONE', #1590, #3001, #1291, .T. ) ;
#890 = ORIENTED_EDGE ( 'NONE', *, *, #3517, .F. ) ;
#891 = CARTESIAN_POINT ( 'NONE',  ( 10.00000000000001243, -3.543224265869489189E-30, 0.000000000000000000 ) ) ;
#892 = CARTESIAN_POINT ( 'NONE',  ( 15.22970941424992297, -5.841921096841585800E-16, 0.000000000000000000 ) ) ;
#893 = CARTESIAN_POINT ( 'NONE',  ( 19.32921422716058046, 8.654862814641560931, 0.000000000000000000 ) ) ;
#894 = DIRECTION ( 'NONE',  ( 1.000000000000000000, 1.224646799147353207E-16, -0.000000000000000000 ) ) ;
#895 = AXIS2_PLACEMENT_3D ( 'NONE', #3648, #1275, #4361 ) ;
#896 = FACE_OUTER_BOUND ( 'NONE', #547, .T. ) ;
#897 = ORIENTED_EDGE ( 'NONE', *, *, #2782, .F. ) ;
#898 = CARTESIAN_POINT ( 'NONE',  ( 15.46262465994942481, 3.691206034922634771, 20.00299123274178470 ) ) ;
#899 = CARTESIAN_POINT ( 'NONE',  ( 13.83221794005226180, 0.000000000000000000, 0.000000000000000000 ) ) ;
#900 = ADVANCED_FACE ( 'NONE', ( #1179 ), #3629, .T. ) ;
#901 = CARTESIAN_POINT ( 'NONE',  ( 14.71846512719366729, 3.870651753841815701, -20.35024487739190135 ) ) ;
#902 = CARTESIAN_POINT ( 'NONE',  ( 18.48501557096720660, -3.313446189027276834, 9.360720549683513525 ) ) ;
#903 = AXIS2_PLACEMENT_3D ( 'NONE', #93, #401, #3203 ) ;
#904 = AXIS2_PLACEMENT_3D ( 'NONE', #395, #4677, #1206 ) ;
#905 = CARTESIAN_POINT ( 'NONE',  ( 0.5000000000000066613, -25.50000000000000355, 3.122849337825751011E-15 ) ) ;
#906 = CARTESIAN_POINT ( 'NONE',  ( -4.999999999999993783, 2.012461179749811979, -1.799999999999999822 ) ) ;
#907 = CARTESIAN_POINT ( 'NONE',  ( 15.19945137117260003, -15.36484139086479850, 14.31510515259508587 ) ) ;
#908 = ORIENTED_EDGE ( 'NONE', *, *, #5044, .F. ) ;
#909 = CIRCLE ( 'NONE', #2220, 7.800526312268187823 ) ;
#910 = CARTESIAN_POINT ( 'NONE',  ( 15.20503010338641481, -18.23531933646187397, -10.04785231196453132 ) ) ;
#911 = ORIENTED_EDGE ( 'NONE', *, *, #1708, .F. ) ;
#912 = CIRCLE ( 'NONE', #2858, 32.89999999999998437 ) ;
#913 = VERTEX_POINT ( 'NONE', #1607 ) ;
#914 = EDGE_CURVE ( 'NONE', #1965, #4708, #516, .T. ) ;
#915 = DIRECTION ( 'NONE',  ( 1.000000000000000000, 1.224646799147353207E-16, -0.000000000000000000 ) ) ;
#916 = CARTESIAN_POINT ( 'NONE',  ( 18.86914364109006570, -0.08481919454766292943, 11.21406557679531524 ) ) ;
#917 = FACE_OUTER_BOUND ( 'NONE', #1574, .T. ) ;
#918 = ORIENTED_EDGE ( 'NONE', *, *, #3135, .T. ) ;
#919 = CONICAL_SURFACE ( 'NONE', #3026, 25.00000000000000000, 0.4899573262537264551 ) ;
#920 = ORIENTED_EDGE ( 'NONE', *, *, #2633, .T. ) ;
#921 = AXIS2_PLACEMENT_3D ( 'NONE', #3950, #2422, #4008 ) ;
#922 = VERTEX_POINT ( 'NONE', #2390 ) ;
#923 = EDGE_CURVE ( 'NONE', #3544, #2252, #3868, .T. ) ;
#924 = DIRECTION ( 'NONE',  ( -8.654148491563312670E-17, 1.000000000000000000, 0.000000000000000000 ) ) ;
#925 = CYLINDRICAL_SURFACE ( 'NONE', #3012, 4.000000000000001776 ) ;
#926 = ADVANCED_FACE ( 'NONE', ( #2437 ), #1874, .F. ) ;
#927 = CARTESIAN_POINT ( 'NONE',  ( 13.77834854798522102, -2.686419159422966274, -9.564943083839287041 ) ) ;
#928 = CIRCLE ( 'NONE', #4583, 24.66778205994773643 ) ;
#929 = APPROVAL_ROLE ( '' ) ;
#930 = DIRECTION ( 'NONE',  ( 0.000000000000000000, -0.7111427899707143396, 0.7030476031341464926 ) ) ;
#931 = ORIENTED_EDGE ( 'NONE', *, *, #2751, .T. ) ;
#932 = CARTESIAN_POINT ( 'NONE',  ( 19.22459589515231215, -3.174064453308329981, -8.748242731051046661 ) ) ;
#933 = CARTESIAN_POINT ( 'NONE',  ( 15.83221794005226002, 20.91368945140510505, -1.901997247681173731 ) ) ;
#934 = CARTESIAN_POINT ( 'NONE',  ( 14.80283521913048972, 3.838839921144109990, -20.28868434023452849 ) ) ;
#935 = CARTESIAN_POINT ( 'NONE',  ( 18.47743373205345918, -3.567482110698622755, 9.304531483259461666 ) ) ;
#936 = AXIS2_PLACEMENT_3D ( 'NONE', #3587, #99, #757 ) ;
#937 = TOROIDAL_SURFACE ( 'NONE', #1594, 3.362757642120171919, 0.7500000000000000000 ) ;
#938 = AXIS2_PLACEMENT_3D ( 'NONE', #2513, #3715, #4867 ) ;
#939 = CARTESIAN_POINT ( 'NONE',  ( 15.37116396231835225, 8.667359870532116872, 17.67147794746437128 ) ) ;
#940 = DIRECTION ( 'NONE',  ( 1.499759782661857608E-32, -1.224646799147353207E-16, 1.000000000000000000 ) ) ;
#941 = FACE_OUTER_BOUND ( 'NONE', #4674, .T. ) ;
#942 = ORIENTED_EDGE ( 'NONE', *, *, #3547, .T. ) ;
#943 = CARTESIAN_POINT ( 'NONE',  ( 13.83221794005226535, -7.553354557553463399E-16, 0.000000000000000000 ) ) ;
#944 = EDGE_CURVE ( 'NONE', #1891, #4771, #4982, .T. ) ;
#945 = VERTEX_POINT ( 'NONE', #2007 ) ;
#946 = CARTESIAN_POINT ( 'NONE',  ( 18.32527993299565594, -1.327077124972060762, 10.56045230574805416 ) ) ;
#947 = CARTESIAN_POINT ( 'NONE',  ( 13.83097149846100216, 8.538563941924170564, -5.235530929419693003 ) ) ;
#948 = CARTESIAN_POINT ( 'NONE',  ( 15.19930687606359321, 8.866462870607282554, -19.03644967180084890 ) ) ;
#949 = EDGE_LOOP ( 'NONE', ( #967, #3550, #2043, #672, #3652 ) ) ;
#950 = ORIENTED_EDGE ( 'NONE', *, *, #975, .T. ) ;
#951 = ORIENTED_EDGE ( 'NONE', *, *, #1790, .F. ) ;
#952 = CARTESIAN_POINT ( 'NONE',  ( 18.13424309457171901, 7.312581296013566323, 8.788959816618779897 ) ) ;
#953 = CARTESIAN_POINT ( 'NONE',  ( 15.62077690680471953, -8.464149294523661382, -10.85867279624152992 ) ) ;
#954 = EDGE_CURVE ( 'NONE', #627, #3252, #3970, .T. ) ;
#955 = ADVANCED_FACE ( 'NONE', ( #879 ), #2862, .T. ) ;
#956 = ORIENTED_EDGE ( 'NONE', *, *, #1203, .T. ) ;
#957 = DIRECTION ( 'NONE',  ( -0.8823529411764708952, 0.4705882352941169189, 5.763043760693419462E-17 ) ) ;
#958 = DIRECTION ( 'NONE',  ( -8.673617379884036705E-17, 1.000000000000000000, 0.000000000000000000 ) ) ;
#959 = CARTESIAN_POINT ( 'NONE',  ( 15.41316552742295265, -17.97556614813439779, 9.785108215793558273 ) ) ;
#960 = CARTESIAN_POINT ( 'NONE',  ( 0.3619247386862572968, -26.14030680603400114, 3.225053884703636303E-15 ) ) ;
#961 = FACE_OUTER_BOUND ( 'NONE', #2403, .T. ) ;
#962 = CARTESIAN_POINT ( 'NONE',  ( 14.32001258001401034, -1.210534225837925248, 10.70859810400099121 ) ) ;
#963 = CARTESIAN_POINT ( 'NONE',  ( 5.000000000000006217, 1.449011120738813565E-14, 2.168404344971008868E-16 ) ) ;
#964 = ORIENTED_EDGE ( 'NONE', *, *, #4427, .F. ) ;
#965 = CARTESIAN_POINT ( 'NONE',  ( 18.92544941639020806, 6.612995775325412495, -8.713792866350445365 ) ) ;
#966 = CIRCLE ( 'NONE', #1620, 0.7500000000000006661 ) ;
#967 = ORIENTED_EDGE ( 'NONE', *, *, #748, .F. ) ;
#968 = ORIENTED_EDGE ( 'NONE', *, *, #1702, .T. ) ;
#969 = CARTESIAN_POINT ( 'NONE',  ( 15.88145966259518715, 14.79475973376680287, -3.552759218259923912 ) ) ;
#970 = DIRECTION ( 'NONE',  ( 1.224646799147353207E-16, -1.000000000000000000, 0.000000000000000000 ) ) ;
#971 = CARTESIAN_POINT ( 'NONE',  ( 15.31675430528525439, -12.12864565041920528, -3.870863807667610956 ) ) ;
#972 = VERTEX_POINT ( 'NONE', #4768 ) ;
#973 = EDGE_CURVE ( 'NONE', #4399, #4082, #1280, .T. ) ;
#974 = ORIENTED_EDGE ( 'NONE', *, *, #1844, .T. ) ;
#975 = EDGE_CURVE ( 'NONE', #2296, #4890, #3063, .T. ) ;
#976 = CARTESIAN_POINT ( 'NONE',  ( 14.33221794005226535, 20.75524945259014586, -2.573703380987660161 ) ) ;
#977 = CARTESIAN_POINT ( 'NONE',  ( 15.83480435235251704, -9.520681004332912423, -11.38940676613698955 ) ) ;
#978 = SECURITY_CLASSIFICATION_LEVEL ( 'unclassified' ) ;
#979 = ORIENTED_EDGE ( 'NONE', *, *, #4573, .T. ) ;
#980 = ADVANCED_FACE ( 'NONE', ( #3922 ), #3619, .F. ) ;
#981 = EDGE_CURVE ( 'NONE', #4106, #2764, #5022, .T. ) ;
#982 = CARTESIAN_POINT ( 'NONE',  ( 15.20503010338499550, 20.65866264723544532, 2.589568499467280738 ) ) ;
#983 = CARTESIAN_POINT ( 'NONE',  ( 15.00197104962198935, -18.36699211836383228, 10.18104122985270621 ) ) ;
#984 = CARTESIAN_POINT ( 'NONE',  ( 19.90000000000000568, -26.52882011201366552, 3.248843463533345782E-15 ) ) ;
#985 = CARTESIAN_POINT ( 'NONE',  ( 18.89975179206178169, -10.79876538383521556, -2.510083855659632324 ) ) ;
#986 = CARTESIAN_POINT ( 'NONE',  ( 15.02560793283364049, 3.726801863853959063, 20.07187435464165759 ) ) ;
#987 = DIRECTION ( 'NONE',  ( 1.000000000000000000, 1.224646799147353207E-16, -0.000000000000000000 ) ) ;
#988 = ADVANCED_FACE ( 'NONE', ( #941 ), #2908, .T. ) ;
#989 = CARTESIAN_POINT ( 'NONE',  ( 19.89969812418834394, 25.19959792024635092, 0.000000000000000000 ) ) ;
#990 = AXIS2_PLACEMENT_3D ( 'NONE', #4429, #453, #2482 ) ;
#991 = VERTEX_POINT ( 'NONE', #4301 ) ;
#992 = B_SPLINE_CURVE_WITH_KNOTS ( 'NONE', 3,
 ( #1605, #104, #1219, #2761, #4438, #4490, #3319, #4930, #1380, #622 ),
 .UNSPECIFIED., .F., .F.,
 ( 4, 2, 2, 2, 4 ),
 ( 5.651432404162918557E-07, 0.0003283357421046778049, 0.0006561063409689393312, 0.0009838769398332009117, 0.001311647538697462492 ),
 .UNSPECIFIED. ) ;
#993 = ORIENTED_EDGE ( 'NONE', *, *, #3853, .T. ) ;
#994 = CIRCLE ( 'NONE', #2850, 0.4999999999999970024 ) ;
#995 = CARTESIAN_POINT ( 'NONE',  ( 15.70457731070723106, 13.61600578865058075, -3.746378532295343344 ) ) ;
#996 = CARTESIAN_POINT ( 'NONE',  ( 14.33221794005226712, 8.861462174840761818, -18.94409715601186761 ) ) ;
#997 = DIRECTION ( 'NONE',  ( 3.512252815159672166E-17, -0.4488827966982417150, 0.8935906416409949982 ) ) ;
#998 = ORIENTED_EDGE ( 'NONE', *, *, #3595, .F. ) ;
#999 = VERTEX_POINT ( 'NONE', #3216 ) ;
#1000 = AXIS2_PLACEMENT_3D ( 'NONE', #2691, #4625, #1961 ) ;
#1001 = ORIENTED_EDGE ( 'NONE', *, *, #2689, .F. ) ;
#1002 = CARTESIAN_POINT ( 'NONE',  ( 15.19945137117258760, 20.84462549479663451, -2.549936171350320802 ) ) ;
#1003 = CARTESIAN_POINT ( 'NONE',  ( 13.79090313986344363, -3.443094674306249825, -9.333801200903216966 ) ) ;
#1004 = AXIS2_PLACEMENT_3D ( 'NONE', #340, #772, #3771 ) ;
#1005 = PERSON_AND_ORGANIZATION_ROLE ( 'design_supplier' ) ;
#1006 = EDGE_LOOP ( 'NONE', ( #2624, #1817, #2171, #2425 ) ) ;
#1007 = EDGE_CURVE ( 'NONE', #4797, #1796, #2596, .T. ) ;
#1008 = AXIS2_PLACEMENT_3D ( 'NONE', #3303, #997, #4579 ) ;
#1009 = CARTESIAN_POINT ( 'NONE',  ( 15.41316552742295443, 3.751435507999215435, 20.11954404975590904 ) ) ;
#1010 = CARTESIAN_POINT ( 'NONE',  ( 19.89969812418834749, -1.228343711612165424E-17, 0.000000000000000000 ) ) ;
#1011 = DIRECTION ( 'NONE',  ( 8.609849968264511112E-17, -0.7030476031341463816, -0.7111427899707145617 ) ) ;
#1012 = DIRECTION ( 'NONE',  ( -1.286465501812323225E-16, 0.8883932117545746410, -0.4590833271949565364 ) ) ;
#1013 = CARTESIAN_POINT ( 'NONE',  ( 18.44620250683866303, -10.05471929893072236, 1.037523547907975852 ) ) ;
#1014 = VECTOR ( 'NONE', #3011, 1000.000000000000000 ) ;
#1015 = EDGE_CURVE ( 'NONE', #1132, #3577, #4772, .T. ) ;
#1016 = CARTESIAN_POINT ( 'NONE',  ( 16.16137039704821632, -17.58476853304768284, 10.35738972735169128 ) ) ;
#1017 = DIRECTION ( 'NONE',  ( -1.609682944677043619E-16, 1.000000000000000000, 0.000000000000000000 ) ) ;
#1018 = CIRCLE ( 'NONE', #439, 2.999999999999992450 ) ;
#1019 = B_SPLINE_CURVE_WITH_KNOTS ( 'NONE', 3,
 ( #202, #528, #3709, #953, #1393, #977, #226, #2103, #1800, #2848, #4066, #3631, #119, #2925 ),
 .UNSPECIFIED., .F., .F.,
 ( 4, 2, 2, 2, 2, 2, 4 ),
 ( 2.199870357908529487E-07, 0.002394868560576656792, 0.003592192847347093661, 0.004789517134117530529, 0.007184165707658400797, 0.008381489994428833329, 0.009578814281199266728 ),
 .UNSPECIFIED. ) ;
#1020 = FACE_BOUND ( 'NONE', #4633, .T. ) ;
#1021 = ADVANCED_FACE ( 'NONE', ( #4356 ), #4931, .F. ) ;
#1022 = EDGE_CURVE ( 'NONE', #2580, #4082, #648, .T. ) ;
#1023 = CIRCLE ( 'NONE', #2327, 0.7500000000000003331 ) ;
#1024 = ORIENTED_EDGE ( 'NONE', *, *, #624, .T. ) ;
#1025 = CARTESIAN_POINT ( 'NONE',  ( 14.33221794005226712, 3.186989538156446705E-31, 0.000000000000000000 ) ) ;
#1026 = CARTESIAN_POINT ( 'NONE',  ( -36.17039518766870287, 2.344758740009568410, -4.667709438610990524 ) ) ;
#1027 = CARTESIAN_POINT ( 'NONE',  ( 15.39062593997192963, 4.063489612373649251, 20.60312190210492034 ) ) ;
#1028 = DIRECTION ( 'NONE',  ( -1.224646799147353207E-16, 1.000000000000000000, 0.000000000000000000 ) ) ;
#1029 = ORIENTED_EDGE ( 'NONE', *, *, #95, .F. ) ;
#1030 = ORIENTED_EDGE ( 'NONE', *, *, #923, .T. ) ;
#1031 = AXIS2_PLACEMENT_3D ( 'NONE', #4270, #3880, #2352 ) ;
#1032 = ORIENTED_EDGE ( 'NONE', *, *, #2666, .F. ) ;
#1033 = CARTESIAN_POINT ( 'NONE',  ( 15.64697572671804693, 20.86836742738647388, -2.348308592042497533 ) ) ;
#1034 = CARTESIAN_POINT ( 'NONE',  ( 16.10191943618044519, -14.95907348361291866, -14.12130738358175286 ) ) ;
#1035 = VERTEX_POINT ( 'NONE', #4464 ) ;
#1036 = VERTEX_POINT ( 'NONE', #569 ) ;
#1037 = ORIENTED_EDGE ( 'NONE', *, *, #2941, .F. ) ;
#1038 = DIRECTION ( 'NONE',  ( 1.224646799147353207E-16, -1.000000000000000000, 0.000000000000000000 ) ) ;
#1039 = DIRECTION ( 'NONE',  ( -1.609682944677043619E-16, 1.000000000000000000, 0.000000000000000000 ) ) ;
#1040 = CARTESIAN_POINT ( 'NONE',  ( 15.83221794005226002, 20.91368945140510860, 1.901997247681121994 ) ) ;
#1041 = CYLINDRICAL_SURFACE ( 'NONE', #2158, 20.99999999999999645 ) ;
#1042 = CARTESIAN_POINT ( 'NONE',  ( 18.32568745337602678, -5.131071250866297895, -9.323047815570561170 ) ) ;
#1043 = CARTESIAN_POINT ( 'NONE',  ( 18.13424309457172257, -11.08202350442305217, -2.812190412536466066 ) ) ;
#1044 = ADVANCED_FACE ( 'NONE', ( #3719 ), #2140, .F. ) ;
#1045 = EDGE_CURVE ( 'NONE', #2477, #2764, #3695, .T. ) ;
#1046 = CARTESIAN_POINT ( 'NONE',  ( 19.90000000000000213, -1.224646799147348492E-17, 0.000000000000000000 ) ) ;
#1047 = CARTESIAN_POINT ( 'NONE',  ( 17.50000000000000355, -25.00000000000000000, 3.061616997868383043E-15 ) ) ;
#1048 = CARTESIAN_POINT ( 'NONE',  ( 19.18575889817635272, 8.378470656535027317, -4.550914016369826953 ) ) ;
#1049 = VERTEX_POINT ( 'NONE', #2190 ) ;
#1050 = DIRECTION ( 'NONE',  ( -1.182810949719256199E-16, 1.000000000000000000, 0.000000000000000000 ) ) ;
#1051 = EDGE_CURVE ( 'NONE', #2104, #37, #3070, .T. ) ;
#1052 = CARTESIAN_POINT ( 'NONE',  ( 16.16137039704820921, 20.31429751936824601, -1.956763301910386721 ) ) ;
#1053 = DIRECTION ( 'NONE',  ( -8.260587980841940012E-17, 1.000000000000000000, 0.000000000000000000 ) ) ;
#1054 = CARTESIAN_POINT ( 'NONE',  ( 15.00197104962197692, 8.874942871418173951, 19.03248247152913208 ) ) ;
#1055 = ORIENTED_EDGE ( 'NONE', *, *, #1553, .T. ) ;
#1056 = B_SPLINE_CURVE_WITH_KNOTS ( 'NONE', 3,
 ( #4190, #711, #2284, #1331, #4721, #2768, #4798, #2397, #4308, #3622 ),
 .UNSPECIFIED., .F., .F.,
 ( 4, 2, 2, 2, 4 ),
 ( 5.651432409877988553E-07, 0.0003283357421052411564, 0.0006561063409694944427, 0.0009838769398337477833, 0.001311647538698001124 ),
 .UNSPECIFIED. ) ;
#1057 = VECTOR ( 'NONE', #1940, 1000.000000000000114 ) ;
#1058 = ORIENTED_EDGE ( 'NONE', *, *, #2080, .T. ) ;
#1059 = CIRCLE ( 'NONE', #1877, 19.99999999999999645 ) ;
#1060 = CARTESIAN_POINT ( 'NONE',  ( 15.83221794005226712, -15.80156424917904268, -13.83150632718889916 ) ) ;
#1061 = CARTESIAN_POINT ( 'NONE',  ( 15.79337818020420947, -15.88915772127684178, -13.88367192091242153 ) ) ;
#1062 = ORIENTED_EDGE ( 'NONE', *, *, #3307, .F. ) ;
#1063 = FACE_OUTER_BOUND ( 'NONE', #535, .T. ) ;
#1064 = DIRECTION ( 'NONE',  ( 0.000000000000000000, 1.000000000000000000, 0.000000000000000000 ) ) ;
#1065 = CARTESIAN_POINT ( 'NONE',  ( 18.48494877390132274, 7.876506145868360953, -6.047240674153645301 ) ) ;
#1066 = DIRECTION ( 'NONE',  ( 1.012148567159333944E-16, 0.1620855897317050875, -0.9867767030090067726 ) ) ;
#1067 = ORIENTED_EDGE ( 'NONE', *, *, #2380, .T. ) ;
#1068 = FACE_OUTER_BOUND ( 'NONE', #1370, .T. ) ;
#1069 = DIRECTION ( 'NONE',  ( 1.000000000000000000, 1.224646799147353207E-16, -0.000000000000000000 ) ) ;
#1070 = FACE_OUTER_BOUND ( 'NONE', #634, .T. ) ;
#1071 = ORIENTED_EDGE ( 'NONE', *, *, #1677, .T. ) ;
#1072 = CARTESIAN_POINT ( 'NONE',  ( 15.14241462648020864, 20.05868262211052411, 2.688119788632375773 ) ) ;
#1073 = CARTESIAN_POINT ( 'NONE',  ( 19.26470588235294557, 25.94117647058823550, 0.000000000000000000 ) ) ;
#1074 = CARTESIAN_POINT ( 'NONE',  ( 15.46262465994939994, -14.74371166033294855, -14.01312337512076311 ) ) ;
#1075 = CIRCLE ( 'NONE', #2535, 10.77680223744217436 ) ;
#1076 = CARTESIAN_POINT ( 'NONE',  ( 15.80786333825919598, 4.459762108488202870, -20.52116269244461222 ) ) ;
#1077 = ORIENTED_EDGE ( 'NONE', *, *, #2200, .F. ) ;
#1078 = APPROVAL ( #3632, 'UNSPECIFIED' ) ;
#1079 = AXIS2_PLACEMENT_3D ( 'NONE', #172, #2880, #2531 ) ;
#1080 = CIRCLE ( 'NONE', #5043, 55.18023718033725800 ) ;
#1081 = EDGE_LOOP ( 'NONE', ( #4114, #3780, #1099, #2262 ) ) ;
#1082 = DIRECTION ( 'NONE',  ( -1.223549682321994908E-16, 1.000000000000000000, 0.000000000000000000 ) ) ;
#1083 = CARTESIAN_POINT ( 'NONE',  ( 15.22970941424992475, -17.66592359818666580, 9.471900310835428272 ) ) ;
#1084 = CIRCLE ( 'NONE', #2944, 55.92698714025925000 ) ;
#1085 = VERTEX_POINT ( 'NONE', #3746 ) ;
#1086 = EDGE_CURVE ( 'NONE', #2574, #4106, #1546, .T. ) ;
#1087 = CIRCLE ( 'NONE', #3177, 20.04499319220071740 ) ;
#1088 = CARTESIAN_POINT ( 'NONE',  ( 17.00000000000000000, -6.869842638148169200, 8.865499887749606253E-16 ) ) ;
#1089 = DIRECTION ( 'NONE',  ( 1.000000000000000000, 1.224646799147353207E-16, -0.000000000000000000 ) ) ;
#1090 = CARTESIAN_POINT ( 'NONE',  ( 18.97571454878589137, -0.3971203791979312503, -10.67530004926445919 ) ) ;
#1091 = CARTESIAN_POINT ( 'NONE',  ( 15.22970941424992120, 8.724589098368991102, -18.04669767963087068 ) ) ;
#1092 = ORIENTED_EDGE ( 'NONE', *, *, #146, .T. ) ;
#1093 = CARTESIAN_POINT ( 'NONE',  ( 20.00000000000000000, -15.35845830444613291, -14.32193277845519574 ) ) ;
#1094 = CIRCLE ( 'NONE', #2469, 6.869842638148169200 ) ;
#1095 = DIRECTION ( 'NONE',  ( 1.000000000000000000, 1.224646799147353207E-16, -0.000000000000000000 ) ) ;
#1096 = DIRECTION ( 'NONE',  ( 1.000000000000000000, 1.224646799147353207E-16, -0.000000000000000000 ) ) ;
#1097 = CARTESIAN_POINT ( 'NONE',  ( 18.42344596033426640, -1.907648593170242268, 10.03135136104125813 ) ) ;
#1098 = AXIS2_PLACEMENT_3D ( 'NONE', #3741, #1841, #743 ) ;
#1099 = ORIENTED_EDGE ( 'NONE', *, *, #2995, .F. ) ;
#1100 = DIRECTION ( 'NONE',  ( 0.000000000000000000, 0.9510565162951544194, 0.3090169943749446202 ) ) ;
#1101 = CARTESIAN_POINT ( 'NONE',  ( 18.42339492369415055, -10.13004607679991764, -1.285802917178211935 ) ) ;
#1102 = CARTESIAN_POINT ( 'NONE',  ( 14.33221794005226712, 2.650113081033915741, -5.275578092813912434 ) ) ;
#1103 = CARTESIAN_POINT ( 'NONE',  ( 2.021784563346535002, -3.469446951953614189E-15, 0.000000000000000000 ) ) ;
#1104 = VERTEX_POINT ( 'NONE', #542 ) ;
#1105 = AXIS2_PLACEMENT_3D ( 'NONE', #3211, #1560, #370 ) ;
#1106 = CIRCLE ( 'NONE', #4003, 20.99999999999999645 ) ;
#1107 = ORIENTED_EDGE ( 'NONE', *, *, #2622, .F. ) ;
#1108 = CARTESIAN_POINT ( 'NONE',  ( 18.97544250898641494, 6.596283725461518088, -8.404577513909435638 ) ) ;
#1109 = CARTESIAN_POINT ( 'NONE',  ( 0.1003018758116532988, 25.19959792024634737, 0.000000000000000000 ) ) ;
#1110 = ADVANCED_FACE ( 'NONE', ( #4131 ), #460, .T. ) ;
#1111 = CIRCLE ( 'NONE', #2957, 20.99999999999999645 ) ;
#1112 = CARTESIAN_POINT ( 'NONE',  ( 15.83221794005226712, -18.03749611335454617, 10.75401013393233818 ) ) ;
#1113 = CARTESIAN_POINT ( 'NONE',  ( 15.22970941425003488, 8.724589098369037288, 18.04669767963086358 ) ) ;
#1114 = CARTESIAN_POINT ( 'NONE',  ( 18.47699635493043147, 7.741889836537820813, -6.277246287226939003 ) ) ;
#1115 = ADVANCED_FACE ( 'NONE', ( #2168 ), #4543, .F. ) ;
#1116 = CARTESIAN_POINT ( 'NONE',  ( 15.10136482101756172, 20.84347464719608212, 2.559211720763677533 ) ) ;
#1117 = CARTESIAN_POINT ( 'NONE',  ( 18.13424309457172257, -0.7499815780237344409, -11.40864529650966652 ) ) ;
#1118 = B_SPLINE_CURVE_WITH_KNOTS ( 'NONE', 3,
 ( #4859, #1310, #4430, #4396, #927, #2157, #1003, #1724, #583, #4017, #2180, #3687 ),
 .UNSPECIFIED., .F., .F.,
 ( 4, 2, 2, 2, 2, 4 ),
 ( 4.869836452242747609E-07, 0.001175486695147844127, 0.002350486406650463891, 0.002937986262401773557, 0.003525486118153084089, 0.004700485829655702552 ),
 .UNSPECIFIED. ) ;
#1119 = CARTESIAN_POINT ( 'NONE',  ( 18.86914364109006925, -10.69142071353684464, -3.384668991583172470 ) ) ;
#1120 = LINE ( 'NONE', #3815, #3874 ) ;
#1121 = CARTESIAN_POINT ( 'NONE',  ( 18.32625450480177065, -1.331091695361201532, -10.55577214383069773 ) ) ;
#1122 = ORIENTED_EDGE ( 'NONE', *, *, #2581, .F. ) ;
#1123 = DIRECTION ( 'NONE',  ( 0.000000000000000000, 0.5877852522924684742, -0.8090169943749507819 ) ) ;
#1124 = CARTESIAN_POINT ( 'NONE',  ( 15.10479532739164732, 8.860561337530430848, -18.93819087443015547 ) ) ;
#1125 = CARTESIAN_POINT ( 'NONE',  ( 15.48362915461092726, 4.102061676472668061, 20.59554290335793425 ) ) ;
#1126 = DIRECTION ( 'NONE',  ( -1.223549682321994908E-16, 1.000000000000000000, 0.000000000000000000 ) ) ;
#1127 = ORIENTED_EDGE ( 'NONE', *, *, #2958, .F. ) ;
#1128 = VERTEX_POINT ( 'NONE', #1845 ) ;
#1129 = CARTESIAN_POINT ( 'NONE',  ( 18.48494926851294196, 7.876861452597260893, -6.046748854857399103 ) ) ;
#1130 = EDGE_CURVE ( 'NONE', #1902, #2252, #966, .T. ) ;
#1131 = CARTESIAN_POINT ( 'NONE',  ( 7.418031413246568562, -4.000000000000003553, 4.898587196589415787E-16 ) ) ;
#1132 = VERTEX_POINT ( 'NONE', #1453 ) ;
#1133 = B_SPLINE_CURVE_WITH_KNOTS ( 'NONE', 3,
 ( #3352, #1437, #2973, #4523 ),
 .UNSPECIFIED., .F., .F.,
 ( 4, 4 ),
 ( 8.673617379884035472E-19, 0.0006860111871049728340 ),
 .UNSPECIFIED. ) ;
#1134 = ORIENTED_EDGE ( 'NONE', *, *, #4544, .F. ) ;
#1135 = AXIS2_PLACEMENT_3D ( 'NONE', #4104, #2542, #270 ) ;
#1136 = EDGE_CURVE ( 'NONE', #845, #691, #3376, .T. ) ;
#1137 = DIRECTION ( 'NONE',  ( -1.652117596168388002E-16, 1.000000000000000000, 0.000000000000000000 ) ) ;
#1138 = CARTESIAN_POINT ( 'NONE',  ( 18.32665288775817203, 7.281653385898064990, 7.754825066136073808 ) ) ;
#1139 = CARTESIAN_POINT ( 'NONE',  ( 19.10189779209453675, -1.005630657687591079, -9.958596160117615170 ) ) ;
#1140 = CARTESIAN_POINT ( 'NONE',  ( 15.19930687606359854, 20.84462721450305622, 2.549920828430294772 ) ) ;
#1141 = CARTESIAN_POINT ( 'NONE',  ( 19.08509607658172769, -2.088451480064732912, -9.902860263031781685 ) ) ;
#1142 = ADVANCED_FACE ( 'NONE', ( #155 ), #2748, .F. ) ;
#1143 = EDGE_CURVE ( 'NONE', #3529, #3851, #3295, .T. ) ;
#1144 = CARTESIAN_POINT ( 'NONE',  ( 5.644723921803030287, -3.469446951953614189E-15, 0.000000000000000000 ) ) ;
#1145 = CARTESIAN_POINT ( 'NONE',  ( 0.5000000000000038858, -2.388061258337338544E-15, 0.000000000000000000 ) ) ;
#1146 = CARTESIAN_POINT ( 'NONE',  ( 18.86914364109006570, -0.08481919454766366495, 11.21406557679531701 ) ) ;
#1147 = ADVANCED_FACE ( 'NONE', ( #2911 ), #4945, .T. ) ;
#1148 = EDGE_CURVE ( 'NONE', #1796, #4771, #633, .T. ) ;
#1149 = ORIENTED_EDGE ( 'NONE', *, *, #2547, .T. ) ;
#1150 = CARTESIAN_POINT ( 'NONE',  ( 14.33221794005226890, -19.99999999999999645, 2.449293598294706119E-15 ) ) ;
#1151 = CARTESIAN_POINT ( 'NONE',  ( 28.99999999999999645, 5.836302901449462510, 0.8901640288046739347 ) ) ;
#1152 = FACE_OUTER_BOUND ( 'NONE', #3407, .T. ) ;
#1153 = CARTESIAN_POINT ( 'NONE',  ( 19.22462960354503991, -9.300780823118447671, 1.671464376369778469E-11 ) ) ;
#1154 = ORIENTED_EDGE ( 'NONE', *, *, #4044, .T. ) ;
#1155 = EDGE_LOOP ( 'NONE', ( #2219, #4381, #4118, #3170 ) ) ;
#1156 = CARTESIAN_POINT ( 'NONE',  ( 19.11275066977571768, 8.369439123195357766, -5.414620012396646587 ) ) ;
#1157 = DIRECTION ( 'NONE',  ( 0.000000000000000000, 0.9867767030090066616, 0.1620855897317050598 ) ) ;
#1158 = CIRCLE ( 'NONE', #71, 0.7500000000000006661 ) ;
#1159 = AXIS2_PLACEMENT_3D ( 'NONE', #3007, #3033, #261 ) ;
#1160 = DIRECTION ( 'NONE',  ( 0.3527547862872271178, -0.1410855578619421014, -0.9250183382583491154 ) ) ;
#1161 = CARTESIAN_POINT ( 'NONE',  ( 18.36323743614983428, 9.394465311634004223, 4.641565110251073989 ) ) ;
#1162 = VECTOR ( 'NONE', #2778, 1000.000000000000227 ) ;
#1163 = CARTESIAN_POINT ( 'NONE',  ( 19.50000000000000355, -6.123233995736738919E-17, 0.000000000000000000 ) ) ;
#1164 = CARTESIAN_POINT ( 'NONE',  ( 0.5000000000000067724, -22.99999999999999645, 2.816687638038912352E-15 ) ) ;
#1165 = CARTESIAN_POINT ( 'NONE',  ( 18.86914364109006925, -0.08481919454785190327, -11.21406557679531701 ) ) ;
#1166 = TOROIDAL_SURFACE ( 'NONE', #3987, 16.30704420490882001, 10.28806150457966240 ) ;
#1167 = CIRCLE ( 'NONE', #1825, 25.94117647058823550 ) ;
#1168 = CARTESIAN_POINT ( 'NONE',  ( 13.83221794005226180, 0.000000000000000000, 0.000000000000000000 ) ) ;
#1169 = CARTESIAN_POINT ( 'NONE',  ( 14.33221794005226712, 6.123233995736814107E-17, 0.000000000000000000 ) ) ;
#1170 = B_SPLINE_CURVE_WITH_KNOTS ( 'NONE', 3,
 ( #3788, #313, #2709, #4250, #289, #1861, #3465, #1529, #3390, #2015 ),
 .UNSPECIFIED., .F., .F.,
 ( 4, 2, 2, 2, 4 ),
 ( 0.000000000000000000, 0.0002960619375290509444, 0.0005921238750581018888, 0.0008881858125871570616, 0.001184247750116212234 ),
 .UNSPECIFIED. ) ;
#1171 = CARTESIAN_POINT ( 'NONE',  ( 18.13424309457171901, -10.54866641194495713, 3.339476114887259151 ) ) ;
#1172 = AXIS2_PLACEMENT_3D ( 'NONE', #4324, #407, #1674 ) ;
#1173 = EDGE_CURVE ( 'NONE', #4189, #3975, #1789, .T. ) ;
#1174 = AXIS2_PLACEMENT_3D ( 'NONE', #943, #2438, #1245 ) ;
#1175 = ORIENTED_EDGE ( 'NONE', *, *, #775, .F. ) ;
#1176 = CIRCLE ( 'NONE', #689, 25.00000000000000000 ) ;
#1177 = DIRECTION ( 'NONE',  ( -1.652117596168388002E-16, 1.000000000000000000, 0.000000000000000000 ) ) ;
#1178 = CIRCLE ( 'NONE', #1174, 19.99999999999999645 ) ;
#1179 = FACE_OUTER_BOUND ( 'NONE', #1542, .T. ) ;
#1180 = DIRECTION ( 'NONE',  ( -0.000000000000000000, 0.000000000000000000, -1.000000000000000000 ) ) ;
#1181 = CARTESIAN_POINT ( 'NONE',  ( 19.50000000000000000, 25.50000000000000355, 0.000000000000000000 ) ) ;
#1182 = EDGE_CURVE ( 'NONE', #4967, #1966, #435, .T. ) ;
#1183 = EDGE_LOOP ( 'NONE', ( #911, #964, #2699, #2076 ) ) ;
#1184 = ORIENTED_EDGE ( 'NONE', *, *, #125, .F. ) ;
#1185 = CARTESIAN_POINT ( 'NONE',  ( 19.16245220678155903, 8.629776385052577936, -4.360534429085925368 ) ) ;
#1186 = ORIENTED_EDGE ( 'NONE', *, *, #1, .T. ) ;
#1187 = CIRCLE ( 'NONE', #2717, 55.18023718033725800 ) ;
#1188 = TOROIDAL_SURFACE ( 'NONE', #3445, 55.18023718033725089, 0.7500000000000000000 ) ;
#1189 = CARTESIAN_POINT ( 'NONE',  ( 15.31671999583006816, 12.08742378986596400, 3.997459768780495803 ) ) ;
#1190 = DIRECTION ( 'NONE',  ( -1.224646799147353207E-16, 1.000000000000000000, 0.000000000000000000 ) ) ;
#1191 = CARTESIAN_POINT ( 'NONE',  ( 15.83483821301495631, 1.007982353141691378, -14.81056196488300536 ) ) ;
#1192 = DIRECTION ( 'NONE',  ( 1.000000000000000000, 1.224646799147353207E-16, -2.465190328815661892E-32 ) ) ;
#1193 = ORIENTED_EDGE ( 'NONE', *, *, #4255, .T. ) ;
#1194 = CARTESIAN_POINT ( 'NONE',  ( 19.22459589515231215, -2.574215976818709617, 8.943145315817817576 ) ) ;
#1195 = CARTESIAN_POINT ( 'NONE',  ( 20.00000000000000355, -18.36699211836400636, -10.18104122985239002 ) ) ;
#1196 = EDGE_CURVE ( 'NONE', #1336, #4534, #3395, .T. ) ;
#1197 = DIRECTION ( 'NONE',  ( -0.1774377838674806585, -0.6918916578524552108, 0.6998583904265048838 ) ) ;
#1198 = DIRECTION ( 'NONE',  ( 0.000000000000000000, 0.1507782145711772936, -0.9885676152953465357 ) ) ;
#1199 = CARTESIAN_POINT ( 'NONE',  ( 15.62077690680472131, 0.4650728930962005903, 13.75995295703908283 ) ) ;
#1200 = CARTESIAN_POINT ( 'NONE',  ( 18.13424309457171901, -11.08202350442300244, 2.812190412536657469 ) ) ;
#1201 = CARTESIAN_POINT ( 'NONE',  ( 13.83221794005226890, -21.49999999999999645, 2.724839128102860202E-15 ) ) ;
#1202 = EDGE_LOOP ( 'NONE', ( #5032, #2146, #4498, #546 ) ) ;
#1203 = EDGE_CURVE ( 'NONE', #1693, #420, #4040, .T. ) ;
#1204 = EDGE_CURVE ( 'NONE', #3529, #3325, #637, .T. ) ;
#1205 = ORIENTED_EDGE ( 'NONE', *, *, #222, .T. ) ;
#1206 = DIRECTION ( 'NONE',  ( 1.224646799147353207E-16, -1.000000000000000000, 0.000000000000000000 ) ) ;
#1207 = DIRECTION ( 'NONE',  ( 1.000000000000000000, 1.224646799147353207E-16, -0.000000000000000000 ) ) ;
#1208 = ORIENTED_EDGE ( 'NONE', *, *, #4961, .T. ) ;
#1209 = ORIENTED_EDGE ( 'NONE', *, *, #2349, .T. ) ;
#1210 = CARTESIAN_POINT ( 'NONE',  ( 15.22970941424991942, 19.85947572615597423, 2.720841038648672772 ) ) ;
#1211 = CARTESIAN_POINT ( 'NONE',  ( 18.44620250683811591, 8.744279826871023786, 5.070641537530440779 ) ) ;
#1212 = CARTESIAN_POINT ( 'NONE',  ( 14.32001258001400856, 7.273698799234415979, 7.951903686725237286 ) ) ;
#1213 = AXIS2_PLACEMENT_3D ( 'NONE', #1958, #4227, #3060 ) ;
#1214 = CARTESIAN_POINT ( 'NONE',  ( 15.79337818020430717, 4.693981020038490826, 20.57153910825968879 ) ) ;
#1215 = VECTOR ( 'NONE', #2831, 1000.000000000000000 ) ;
#1216 = DIRECTION ( 'NONE',  ( -8.673617379884036705E-17, 1.000000000000000000, 0.000000000000000000 ) ) ;
#1217 = CARTESIAN_POINT ( 'NONE',  ( 18.89951605710457372, -10.79969810514059247, 2.510974022885341661 ) ) ;
#1218 = DIRECTION ( 'NONE',  ( 0.6008041595073019270, -0.7993962483766886562, 9.789780568249144216E-17 ) ) ;
#1219 = CARTESIAN_POINT ( 'NONE',  ( 15.14241462648022285, -17.80785229421458027, -9.615463233772532092 ) ) ;
#1220 = CARTESIAN_POINT ( 'NONE',  ( 5.000000000000006217, -2.012461179749810203, 1.800000000000000266 ) ) ;
#1221 = CARTESIAN_POINT ( 'NONE',  ( 19.89650254383111161, 3.408265585956596233, 0.000000000000000000 ) ) ;
#1222 = ORIENTED_EDGE ( 'NONE', *, *, #3459, .T. ) ;
#1223 = CARTESIAN_POINT ( 'NONE',  ( 18.36353445633486814, -4.869649779532184475, 9.276779219076344063 ) ) ;
#1224 = DIRECTION ( 'NONE',  ( 0.000000000000000000, 0.4488827966982421036, -0.8935906416409946651 ) ) ;
#1225 = EDGE_LOOP ( 'NONE', ( #4832, #352, #803, #2674, #847, #3910, #1518 ) ) ;
#1226 = EDGE_CURVE ( 'NONE', #531, #4238, #1374, .T. ) ;
#1227 = ORIENTED_EDGE ( 'NONE', *, *, #881, .F. ) ;
#1228 = ORIENTED_EDGE ( 'NONE', *, *, #2172, .T. ) ;
#1229 = CARTESIAN_POINT ( 'NONE',  ( 15.62077690680471420, 13.23020835129658934, 3.809748699993656729 ) ) ;
#1230 = CARTESIAN_POINT ( 'NONE',  ( 18.42344596033373350, 8.950886244579420392, 4.914139672443957885 ) ) ;
#1231 = PLANE ( 'NONE',  #2620 ) ;
#1232 = CIRCLE ( 'NONE', #3568, 10.28806150457966240 ) ;
#1233 = EDGE_CURVE ( 'NONE', #2120, #2750, #1466, .T. ) ;
#1234 = B_SPLINE_CURVE_WITH_KNOTS ( 'NONE', 3,
 ( #2910, #597, #1812, #1452, #2889, #4901, #2493, #4076, #237, #1403, #269, #962 ),
 .UNSPECIFIED., .F., .F.,
 ( 4, 2, 2, 2, 2, 4 ),
 ( 4.869836445324448253E-07, 0.001175486695147151973, 0.002350486406649773038, 0.002937986262401083570, 0.003525486118152394537, 0.004700485829655014734 ),
 .UNSPECIFIED. ) ;
#1235 = TOROIDAL_SURFACE ( 'NONE', #2052, 269.1527857348445991, 236.2527857348445934 ) ;
#1236 = AXIS2_PLACEMENT_3D ( 'NONE', #694, #287, #1064 ) ;
#1237 = CARTESIAN_POINT ( 'NONE',  ( 17.75000000000000355, -5.130157361851829911, 6.282630792314073124E-16 ) ) ;
#1238 = DIRECTION ( 'NONE',  ( -1.224646799147353207E-16, 1.000000000000000000, 0.000000000000000000 ) ) ;
#1239 = CARTESIAN_POINT ( 'NONE',  ( 15.83221794005619465, -15.73551237720789331, -13.90696614147383947 ) ) ;
#1240 = AXIS2_PLACEMENT_3D ( 'NONE', #4936, #3201, #1694 ) ;
#1241 = CARTESIAN_POINT ( 'NONE',  ( 18.42339492369415055, 7.439603437860351498, 6.994528100400342119 ) ) ;
#1242 = CARTESIAN_POINT ( 'NONE',  ( 19.18575889817636337, 6.917266250108601966, 6.562089343487966353 ) ) ;
#1243 = CIRCLE ( 'NONE', #2705, 20.99999999999999645 ) ;
#1244 = DIRECTION ( 'NONE',  ( 1.000000000000000000, 1.224646799147353207E-16, -0.000000000000000000 ) ) ;
#1245 = DIRECTION ( 'NONE',  ( -8.673617379884036705E-17, 1.000000000000000000, 0.000000000000000000 ) ) ;
#1246 = ORIENTED_EDGE ( 'NONE', *, *, #3483, .T. ) ;
#1247 = B_SPLINE_CURVE_WITH_KNOTS ( 'NONE', 3,
 ( #194, #3402, #2342, #3474, #3120, #1101, #4260, #3451, #3823, #347, #3848, #3045, #414, #2671, #5010, #3871, #4671, #1200 ),
 .UNSPECIFIED., .F., .F.,
 ( 4, 2, 2, 2, 2, 2, 2, 2, 4 ),
 ( 0.000000000000000000, 0.0007873018392454908271, 0.001574603678490981654, 0.002361905517736472698, 0.003149207356981963309, 0.003936509196227453919, 0.004723811035472945397, 0.005511112874718435140, 0.006298414713963924882 ),
 .UNSPECIFIED. ) ;
#1248 = AXIS2_PLACEMENT_3D ( 'NONE', #861, #3548, #4035 ) ;
#1249 = EDGE_LOOP ( 'NONE', ( #4676, #1367, #4780, #2446, #3627, #1510, #5027 ) ) ;
#1250 = CARTESIAN_POINT ( 'NONE',  ( 18.23906308542474619, -5.627685268216009007, 9.461588117664931019 ) ) ;
#1251 = CARTESIAN_POINT ( 'NONE',  ( 15.83221794005226357, 4.653778579181904185, 20.47785010531983119 ) ) ;
#1252 = SPHERICAL_SURFACE ( 'NONE', #2154, 56.17039518766869577 ) ;
#1253 = ORIENTED_EDGE ( 'NONE', *, *, #2, .T. ) ;
#1254 = ORIENTED_EDGE ( 'NONE', *, *, #3031, .F. ) ;
#1255 = EDGE_LOOP ( 'NONE', ( #2823, #4840, #560, #145 ) ) ;
#1256 = CARTESIAN_POINT ( 'NONE',  ( 15.76450214191842036, 17.94358191172014116, 3.035541191002522066 ) ) ;
#1257 = DIRECTION ( 'NONE',  ( -1.224646799147353207E-16, 1.000000000000000000, 0.000000000000000000 ) ) ;
#1258 = AXIS2_PLACEMENT_3D ( 'NONE', #1804, #561, #2487 ) ;
#1259 = B_SPLINE_CURVE_WITH_KNOTS ( 'NONE', 3,
 ( #3725, #2626, #4606, #1027, #1125, #4987, #1822, #4876, #244, #2298 ),
 .UNSPECIFIED., .F., .F.,
 ( 4, 2, 2, 2, 4 ),
 ( 0.000000000000000000, 0.0002946598545078730558, 0.0005893197090157461116, 0.0008839795635236191674, 0.001178639418031492223 ),
 .UNSPECIFIED. ) ;
#1260 = DIRECTION ( 'NONE',  ( -1.499759782661857608E-32, 1.224646799147353207E-16, 1.000000000000000000 ) ) ;
#1261 =( LENGTH_UNIT ( ) NAMED_UNIT ( * ) SI_UNIT ( .MILLI., .METRE. ) );
#1262 = AXIS2_PLACEMENT_3D ( 'NONE', #2821, #1718, #4799 ) ;
#1263 = ORIENTED_EDGE ( 'NONE', *, *, #1944, .F. ) ;
#1264 = EDGE_CURVE ( 'NONE', #3449, #4113, #702, .T. ) ;
#1265 = CARTESIAN_POINT ( 'NONE',  ( 18.58817071265350762, 6.705990245572899867E-15, 0.000000000000000000 ) ) ;
#1266 = CARTESIAN_POINT ( 'NONE',  ( 15.19102690686197832, 3.596892514351677228, -19.82048081145607910 ) ) ;
#1267 = CARTESIAN_POINT ( 'NONE',  ( 19.06423657719954790, -10.14642219330596618, 1.336325185826342077 ) ) ;
#1268 = CIRCLE ( 'NONE', #851, 0.7499999999999992228 ) ;
#1269 = DIRECTION ( 'NONE',  ( 1.000000000000000000, 1.224646799147353207E-16, -0.000000000000000000 ) ) ;
#1270 = DIRECTION ( 'NONE',  ( -1.652117596168388002E-16, 1.000000000000000000, 0.000000000000000000 ) ) ;
#1271 = CARTESIAN_POINT ( 'NONE',  ( 10.00000000000000533, -4.000000000000001776, 4.898587196589413815E-16 ) ) ;
#1272 = FACE_OUTER_BOUND ( 'NONE', #4467, .T. ) ;
#1273 = ORIENTED_EDGE ( 'NONE', *, *, #3116, .T. ) ;
#1274 = ORIENTED_EDGE ( 'NONE', *, *, #2370, .F. ) ;
#1275 = DIRECTION ( 'NONE',  ( 1.000000000000000000, 1.224646799147353207E-16, -0.000000000000000000 ) ) ;
#1276 = CARTESIAN_POINT ( 'NONE',  ( 14.33221794005226712, 2.650113081034000562, 5.275578092813869802 ) ) ;
#1277 = CARTESIAN_POINT ( 'NONE',  ( 15.88145966259518715, -14.05747152575086467, -5.821898998224026123 ) ) ;
#1278 = VERTEX_POINT ( 'NONE', #2273 ) ;
#1279 = ORIENTED_EDGE ( 'NONE', *, *, #2479, .T. ) ;
#1280 = B_SPLINE_CURVE_WITH_KNOTS ( 'NONE', 3,
 ( #4380, #1627, #2762, #4029, #30, #3139, #4714, #907, #4000, #4693 ),
 .UNSPECIFIED., .F., .F.,
 ( 4, 2, 2, 2, 4 ),
 ( 0.000000000000000000, 0.0002960619375290485049, 0.0005921238750581001541, 0.0008881858125871559774, 0.001184247750116211801 ),
 .UNSPECIFIED. ) ;
#1281 = ORIENTED_EDGE ( 'NONE', *, *, #4045, .T. ) ;
#1282 = CARTESIAN_POINT ( 'NONE',  ( 15.46262465994940527, 3.691206034922299040, -20.00299123274184154 ) ) ;
#1283 = CARTESIAN_POINT ( 'NONE',  ( 18.86914364109006570, 6.660082534119333708, 9.022514155995988716 ) ) ;
#1284 = CARTESIAN_POINT ( 'NONE',  ( 14.70510654245037863, 7.312581296013566323, 8.788959816618781673 ) ) ;
#1285 = DIRECTION ( 'NONE',  ( 1.000000000000000000, 1.224646799147353207E-16, -0.000000000000000000 ) ) ;
#1286 = ORIENTED_EDGE ( 'NONE', *, *, #4323, .T. ) ;
#1287 = CARTESIAN_POINT ( 'NONE',  ( 19.18532477622877508, -1.734136668020914707, 9.378107378790721427 ) ) ;
#1288 = CARTESIAN_POINT ( 'NONE',  ( -36.17039518766870287, -4.640560438378885877, -2.398041653079085567 ) ) ;
#1289 = DIRECTION ( 'NONE',  ( 1.000000000000000000, 1.224646799147353207E-16, -0.000000000000000000 ) ) ;
#1290 = CARTESIAN_POINT ( 'NONE',  ( 18.92544621947411443, -10.47187737085534565, 3.162597731577186266 ) ) ;
#1291 = CIRCLE ( 'NONE', #4621, 4.000000000000003553 ) ;
#1292 = ADVANCED_FACE ( 'NONE', ( #4256 ), #386, .T. ) ;
#1293 = ADVANCED_FACE ( 'NONE', ( #4570 ), #3086, .F. ) ;
#1294 = AXIS2_PLACEMENT_3D ( 'NONE', #3417, #1096, #2667 ) ;
#1295 = CARTESIAN_POINT ( 'NONE',  ( 18.44647065895009419, 7.525448293870684147, 6.746712655844025797 ) ) ;
#1296 = DIRECTION ( 'NONE',  ( 1.000000000000000000, 1.224646799147353207E-16, -0.000000000000000000 ) ) ;
#1297 = CARTESIAN_POINT ( 'NONE',  ( 17.00000000000000000, -3.673940397442058389E-16, 0.000000000000000000 ) ) ;
#1298 = ORIENTED_EDGE ( 'NONE', *, *, #4546, .T. ) ;
#1299 = CARTESIAN_POINT ( 'NONE',  ( 16.01996565806097195, -17.86262977858085677, -10.60009894583411239 ) ) ;
#1300 = ORIENTED_EDGE ( 'NONE', *, *, #2739, .F. ) ;
#1301 = ORIENTED_EDGE ( 'NONE', *, *, #914, .T. ) ;
#1302 = FACE_OUTER_BOUND ( 'NONE', #1632, .T. ) ;
#1303 = DIRECTION ( 'NONE',  ( 0.000000000000000000, -0.4488827966982569251, -0.8935906416409873376 ) ) ;
#1304 = CARTESIAN_POINT ( 'NONE',  ( 15.10479532739162778, 20.74935387096669714, -2.574671775175862543 ) ) ;
#1305 = ORIENTED_EDGE ( 'NONE', *, *, #4358, .F. ) ;
#1306 = EDGE_LOOP ( 'NONE', ( #4821, #2235, #3972, #2010 ) ) ;
#1307 = ORIENTED_EDGE ( 'NONE', *, *, #4202, .T. ) ;
#1308 = CARTESIAN_POINT ( 'NONE',  ( 15.22970941424992297, -5.841921096841585800E-16, 0.000000000000000000 ) ) ;
#1309 = CARTESIAN_POINT ( 'NONE',  ( 19.06415730144355791, 6.622858619329638152, 7.777860235206047079 ) ) ;
#1310 = CARTESIAN_POINT ( 'NONE',  ( 14.15916972526789053, -1.440032399930450957, -10.42873375092482391 ) ) ;
#1311 = B_SPLINE_CURVE_WITH_KNOTS ( 'NONE', 3,
 ( #3284, #866, #2505, #1340 ),
 .UNSPECIFIED., .F., .F.,
 ( 4, 4 ),
 ( 0.005643343412390346148, 0.006557754667385885979 ),
 .UNSPECIFIED. ) ;
#1312 = ORIENTED_EDGE ( 'NONE', *, *, #2402, .T. ) ;
#1313 = CARTESIAN_POINT ( 'NONE',  ( 14.99830906674764286, 20.84681718577264675, 2.558662683342413313 ) ) ;
#1314 = FACE_OUTER_BOUND ( 'NONE', #4907, .T. ) ;
#1315 = CARTESIAN_POINT ( 'NONE',  ( 16.16137039704820921, 20.31429751936825312, -1.956763301910390496 ) ) ;
#1316 = CARTESIAN_POINT ( 'NONE',  ( 5.000000000000006217, 1.449011120738813565E-14, 2.168404344971008868E-16 ) ) ;
#1317 = CARTESIAN_POINT ( 'NONE',  ( 18.97753207998202996, -5.207590070449475306, 9.338350566523377694 ) ) ;
#1318 = EDGE_CURVE ( 'NONE', #776, #3275, #1059, .T. ) ;
#1319 = CARTESIAN_POINT ( 'NONE',  ( 19.14788446560444868, -3.362757642120164814, 0.000000000000000000 ) ) ;
#1320 = MANIFOLD_SOLID_BREP ( 'Cortar-Extruir2', #2774 ) ;
#1321 = DIRECTION ( 'NONE',  ( -1.224646799147353207E-16, 1.000000000000000000, 0.000000000000000000 ) ) ;
#1322 = ADVANCED_FACE ( 'NONE', ( #676 ), #1949, .T. ) ;
#1323 = DIRECTION ( 'NONE',  ( 0.000000000000000000, -1.000000000000000000, 1.224646799147352714E-16 ) ) ;
#1324 = ORIENTED_EDGE ( 'NONE', *, *, #87, .F. ) ;
#1325 = AXIS2_PLACEMENT_3D ( 'NONE', #1947, #2842, #970 ) ;
#1326 = CARTESIAN_POINT ( 'NONE',  ( 15.83221794005619465, -18.08885151049929974, 10.66787270567426305 ) ) ;
#1327 = EDGE_CURVE ( 'NONE', #4851, #1862, #2114, .T. ) ;
#1328 = AXIS2_PLACEMENT_3D ( 'NONE', #1558, #726, #2362 ) ;
#1329 = ORIENTED_EDGE ( 'NONE', *, *, #247, .F. ) ;
#1330 = EDGE_CURVE ( 'NONE', #3930, #627, #3717, .T. ) ;
#1331 = CARTESIAN_POINT ( 'NONE',  ( 15.02560793283364049, -14.81299777405185836, -14.04792828807440053 ) ) ;
#1332 = CARTESIAN_POINT ( 'NONE',  ( 15.83221794005226712, -15.80156424917880997, 13.83150632718916562 ) ) ;
#1333 = CARTESIAN_POINT ( 'NONE',  ( 3.083313137999880382, -30.00000000000001066, 3.673940397442059967E-15 ) ) ;
#1334 = ORIENTED_EDGE ( 'NONE', *, *, #114, .T. ) ;
#1335 = APPLICATION_CONTEXT ( 'configuration controlled 3d designs of mechanical parts and assemblies' ) ;
#1336 = VERTEX_POINT ( 'NONE', #387 ) ;
#1337 = AXIS2_PLACEMENT_3D ( 'NONE', #1608, #2343, #392 ) ;
#1338 = ORIENTED_EDGE ( 'NONE', *, *, #4020, .T. ) ;
#1339 = DIRECTION ( 'NONE',  ( -1.054543146490460802E-16, 1.000000000000000000, 0.000000000000000000 ) ) ;
#1340 = CARTESIAN_POINT ( 'NONE',  ( 14.70510654245037685, 10.61850939826811313, -4.238740146298066058 ) ) ;
#1341 = DIRECTION ( 'NONE',  ( -0.000000000000000000, -0.1620855897317074468, -0.9867767030090063285 ) ) ;
#1342 = CIRCLE ( 'NONE', #4991, 26.52882011201362999 ) ;
#1343 = CARTESIAN_POINT ( 'NONE',  ( 19.26470588235295267, -25.94117647058823550, 3.176877873082251580E-15 ) ) ;
#1344 = EDGE_LOOP ( 'NONE', ( #2992, #4448, #1791, #1279, #3781, #2912 ) ) ;
#1345 = DIRECTION ( 'NONE',  ( 1.000000000000000000, 1.224646799147353207E-16, -0.000000000000000000 ) ) ;
#1346 = CARTESIAN_POINT ( 'NONE',  ( 14.33221794005226712, -4.198442943339741440, 4.150650600468059892 ) ) ;
#1347 = CARTESIAN_POINT ( 'NONE',  ( 18.47743373205345208, -2.582912730666866441, -9.624437467139648206 ) ) ;
#1348 = CARTESIAN_POINT ( 'NONE',  ( 19.85739519834307742, -4.000000000000000000, 0.000000000000000000 ) ) ;
#1349 = VECTOR ( 'NONE', #2196, 999.9999999999998863 ) ;
#1350 = AXIS2_PLACEMENT_3D ( 'NONE', #678, #3297, #3377 ) ;
#1351 = APPROVAL_PERSON_ORGANIZATION ( #4478, #1078, #929 ) ;
#1352 = EDGE_CURVE ( 'NONE', #1441, #3163, #2072, .T. ) ;
#1353 = CARTESIAN_POINT ( 'NONE',  ( 15.46262465994939994, -17.88332976276345931, 9.691809781751407726 ) ) ;
#1354 = DIRECTION ( 'NONE',  ( 1.000000000000000000, 1.224646799147353207E-16, -0.000000000000000000 ) ) ;
#1355 = ORIENTED_EDGE ( 'NONE', *, *, #2547, .F. ) ;
#1356 = DIRECTION ( 'NONE',  ( 6.609232856433456499E-17, 0.4488827966982565920, 0.8935906416409875597 ) ) ;
#1357 = AXIS2_PLACEMENT_3D ( 'NONE', #2638, #2288, #260 ) ;
#1358 = EDGE_CURVE ( 'NONE', #1035, #4193, #3396, .T. ) ;
#1359 = VERTEX_POINT ( 'NONE', #1532 ) ;
#1360 = ORIENTED_EDGE ( 'NONE', *, *, #4732, .T. ) ;
#1361 = CARTESIAN_POINT ( 'NONE',  ( 14.99830906674763220, 20.84681718577264675, -2.558662683342464383 ) ) ;
#1362 = DIRECTION ( 'NONE',  ( -1.376786630855773861E-16, 1.000000000000000000, 0.000000000000000000 ) ) ;
#1363 = CARTESIAN_POINT ( 'NONE',  ( 15.83221794005226357, 8.271592331946775900, -19.30235115974421944 ) ) ;
#1364 = ORIENTED_EDGE ( 'NONE', *, *, #1522, .T. ) ;
#1365 =( BOUNDED_SURFACE ( )  B_SPLINE_SURFACE ( 3, 2, ( 
 ( #1016, #2518, #2987 ),
 ( #4463, #2967, #2568 ),
 ( #2940, #2115, #4052 ),
 ( #4103, #2189, #4845 ) ),
 .UNSPECIFIED., .F., .F., .F. ) 
 B_SPLINE_SURFACE_WITH_KNOTS ( ( 4, 4 ),
 ( 3, 3 ),
 ( -5.095750210681870840E-18, 0.0008361757575728828804 ),
 ( 0.000000000000000000, 1.000000000000000000 ),
 .UNSPECIFIED. ) 
 GEOMETRIC_REPRESENTATION_ITEM ( )  RATIONAL_B_SPLINE_SURFACE ( (
 ( 1.000000000000000000, 0.7392545563716668156, 1.000000000000000000),
 ( 1.000000000000000000, 0.7514166459590043701, 1.000000000000000000),
 ( 1.000000000000000000, 0.7616871162901398540, 1.000000000000000000),
 ( 1.000000000000000000, 0.7696469335709781312, 1.000000000000000000) ) ) 
 REPRESENTATION_ITEM ( '' )  SURFACE ( )  );
#1366 = CIRCLE ( 'NONE', #291, 2.700000000000002398 ) ;
#1367 = ORIENTED_EDGE ( 'NONE', *, *, #4129, .T. ) ;
#1368 = EDGE_CURVE ( 'NONE', #3930, #4189, #1120, .T. ) ;
#1369 = ADVANCED_FACE ( 'NONE', ( #4622 ), #2055, .F. ) ;
#1370 = EDGE_LOOP ( 'NONE', ( #3651, #1948, #2801, #429, #4340, #3626, #1960, #4263, #4698 ) ) ;
#1371 = CARTESIAN_POINT ( 'NONE',  ( 18.89975179206069456, 7.260994441416700695, 8.378055532119683235 ) ) ;
#1372 = DIRECTION ( 'NONE',  ( 0.000000000000000000, 0.9867767030090062175, -0.1620855897317074190 ) ) ;
#1373 = DATE_AND_TIME ( #227, #3675 ) ;
#1374 = B_SPLINE_CURVE_WITH_KNOTS ( 'NONE', 3,
 ( #4205, #4956, #4642, #1478 ),
 .UNSPECIFIED., .F., .F.,
 ( 4, 4 ),
 ( 0.000000000000000000, 0.0006860111871049754360 ),
 .UNSPECIFIED. ) ;
#1375 = DIRECTION ( 'NONE',  ( 1.000000000000000000, 1.224646799147353207E-16, -0.000000000000000000 ) ) ;
#1376 = DIRECTION ( 'NONE',  ( -1.224646799147353207E-16, 1.000000000000000000, 0.000000000000000000 ) ) ;
#1377 = DIRECTION ( 'NONE',  ( 1.000000000000000000, 1.224646799147353207E-16, -0.000000000000000000 ) ) ;
#1378 = DIRECTION ( 'NONE',  ( 1.000000000000000000, 1.224646799147353207E-16, -0.000000000000000000 ) ) ;
#1379 = CARTESIAN_POINT ( 'NONE',  ( 18.44663083186748054, -10.05330472203419490, -1.032739558917877609 ) ) ;
#1380 = CARTESIAN_POINT ( 'NONE',  ( 14.43467158840843112, -18.27758842281459906, -10.09060810241796702 ) ) ;
#1381 = CARTESIAN_POINT ( 'NONE',  ( 14.33221794005226712, 0.9569204807014390912, -5.825729718177739436 ) ) ;
#1382 = DIRECTION ( 'NONE',  ( 0.000000000000000000, -1.000000000000000000, 0.000000000000000000 ) ) ;
#1383 = AXIS2_PLACEMENT_3D ( 'NONE', #1151, #2692, #1587 ) ;
#1384 = ORIENTED_EDGE ( 'NONE', *, *, #2356, .F. ) ;
#1385 = VERTEX_POINT ( 'NONE', #2383 ) ;
#1386 = DIRECTION ( 'NONE',  ( -0.3527547862872283391, -0.8361468832529089790, -0.4200267257900359152 ) ) ;
#1387 = DIRECTION ( 'NONE',  ( 1.000000000000000000, 1.224646799147353207E-16, -0.000000000000000000 ) ) ;
#1388 = FACE_OUTER_BOUND ( 'NONE', #2176, .T. ) ;
#1389 = ORIENTED_EDGE ( 'NONE', *, *, #1086, .T. ) ;
#1390 = ORIENTED_EDGE ( 'NONE', *, *, #3374, .T. ) ;
#1391 = ORIENTED_EDGE ( 'NONE', *, *, #2370, .T. ) ;
#1392 = DIRECTION ( 'NONE',  ( 1.223549682321994908E-16, -1.000000000000000000, 0.000000000000000000 ) ) ;
#1393 = CARTESIAN_POINT ( 'NONE',  ( 15.70453756401722956, -8.813338071028685050, -11.03408290828720695 ) ) ;
#1394 = ADVANCED_FACE ( 'NONE', ( #1704 ), #2991, .T. ) ;
#1395 = ORIENTED_EDGE ( 'NONE', *, *, #3265, .F. ) ;
#1396 = ORIENTED_EDGE ( 'NONE', *, *, #3917, .T. ) ;
#1397 = DIRECTION ( 'NONE',  ( 0.000000000000000000, -1.000000000000000000, 0.000000000000000000 ) ) ;
#1398 = CARTESIAN_POINT ( 'NONE',  ( 15.19102690686197477, -14.56013348537028840, 13.92090543913348810 ) ) ;
#1399 = DIRECTION ( 'NONE',  ( 1.000000000000000000, 1.224646799147353207E-16, -0.000000000000000000 ) ) ;
#1400 = ADVANCED_FACE ( 'NONE', ( #3963 ), #3398, .T. ) ;
#1401 = CARTESIAN_POINT ( 'NONE',  ( 18.32665288775709200, -10.44915314432203957, -1.993736794372126031 ) ) ;
#1402 = AXIS2_PLACEMENT_3D ( 'NONE', #4774, #3978, #2040 ) ;
#1403 = CARTESIAN_POINT ( 'NONE',  ( 14.02300515190535002, -1.712283608767159571, 10.17381357593538205 ) ) ;
#1404 = CARTESIAN_POINT ( 'NONE',  ( 17.75000000000000355, 5.130157361851829911, 0.000000000000000000 ) ) ;
#1405 = CARTESIAN_POINT ( 'NONE',  ( 18.92545569602838640, 10.33080319697921645, -3.596628288480490099 ) ) ;
#1406 = CONICAL_SURFACE ( 'NONE', #88, 4.000000000000000888, 1.003279565541155716 ) ;
#1407 = AXIS2_PLACEMENT_3D ( 'NONE', #3712, #1838, #4594 ) ;
#1408 = ORIENTED_EDGE ( 'NONE', *, *, #2986, .F. ) ;
#1409 = AXIS2_PLACEMENT_3D ( 'NONE', #2506, #3255, #3286 ) ;
#1410 = CIRCLE ( 'NONE', #2053, 236.2527857348445934 ) ;
#1411 = DIRECTION ( 'NONE',  ( 0.000000000000000000, 1.000000000000000000, 0.000000000000000000 ) ) ;
#1412 = CARTESIAN_POINT ( 'NONE',  ( 14.32001258001403876, -5.315013277283295423, 9.374972017411080216 ) ) ;
#1413 = CARTESIAN_POINT ( 'NONE',  ( 15.10136829394608782, 4.007032904195611422, -20.61416229936820699 ) ) ;
#1414 = ORIENTED_EDGE ( 'NONE', *, *, #2064, .T. ) ;
#1415 = EDGE_LOOP ( 'NONE', ( #2897, #2659, #367, #580 ) ) ;
#1416 = ORIENTED_EDGE ( 'NONE', *, *, #4004, .F. ) ;
#1417 = CARTESIAN_POINT ( 'NONE',  ( 14.32001258001401034, -6.955978413083076646E-16, 0.000000000000000000 ) ) ;
#1418 = CARTESIAN_POINT ( 'NONE',  ( 15.34988357635248590, 20.41560443532943836, 2.629492662143383175 ) ) ;
#1419 = AXIS2_PLACEMENT_3D ( 'NONE', #3180, #1621, #2411 ) ;
#1420 = CALENDAR_DATE ( 2026, 16, 9 ) ;
#1421 = ORIENTED_EDGE ( 'NONE', *, *, #731, .F. ) ;
#1422 = AXIS2_PLACEMENT_3D ( 'NONE', #779, #4651, #3498 ) ;
#1423 = DIRECTION ( 'NONE',  ( -1.000000000000000000, -1.224646799147353207E-16, -0.000000000000000000 ) ) ;
#1424 = CARTESIAN_POINT ( 'NONE',  ( 15.31675430528525261, 7.537043790161129131, 10.26063364691174407 ) ) ;
#1425 = CARTESIAN_POINT ( 'NONE',  ( 19.10123694587635157, -5.046004761031825936, -8.648520487130856083 ) ) ;
#1426 = CARTESIAN_POINT ( 'NONE',  ( 19.16226026720766384, -4.421257497585774132, -8.600122779509490556 ) ) ;
#1427 = CARTESIAN_POINT ( 'NONE',  ( 18.85555543971840109, -10.97375450188025425, -2.713802508798713653 ) ) ;
#1428 = PRODUCT_DEFINITION_SHAPE ( 'NONE', 'NONE',  #781 ) ;
#1429 = B_SPLINE_CURVE_WITH_KNOTS ( 'NONE', 3,
 ( #1531, #2315, #2713, #2665 ),
 .UNSPECIFIED., .F., .F.,
 ( 4, 4 ),
 ( 2.204532649879595364E-07, 0.0009207377340520610286 ),
 .UNSPECIFIED. ) ;
#1430 = EDGE_CURVE ( 'NONE', #4113, #2178, #663, .T. ) ;
#1431 = DIRECTION ( 'NONE',  ( 1.000000000000000000, 1.224646799147353207E-16, -0.000000000000000000 ) ) ;
#1432 = DIRECTION ( 'NONE',  ( -1.000000000000000000, 0.000000000000000000, 0.000000000000000000 ) ) ;
#1433 = TOROIDAL_SURFACE ( 'NONE', #4252, 30.00000000000000355, 2.999999999999992450 ) ;
#1434 = CARTESIAN_POINT ( 'NONE',  ( 14.32001258001400856, 7.273698799234415979, 7.951903686725237286 ) ) ;
#1435 = TOROIDAL_SURFACE ( 'NONE', #4009, 30.00000000000000711, 2.999999999999988898 ) ;
#1436 = EDGE_LOOP ( 'NONE', ( #837, #1456, #3074, #2026 ) ) ;
#1437 = CARTESIAN_POINT ( 'NONE',  ( 15.96918268402514052, 4.580306530584492997, 20.30727115453426634 ) ) ;
#1438 = CARTESIAN_POINT ( 'NONE',  ( 15.36364019208500586, 20.42371430028871515, -2.628160555051159974 ) ) ;
#1439 = CARTESIAN_POINT ( 'NONE',  ( 15.46262465994942836, -17.34997267028559520, -10.21909548410171631 ) ) ;
#1440 = CARTESIAN_POINT ( 'NONE',  ( 5.644723921803030287, -3.469446951953614189E-15, 0.000000000000000000 ) ) ;
#1441 = VERTEX_POINT ( 'NONE', #3158 ) ;
#1442 = ORIENTED_EDGE ( 'NONE', *, *, #3634, .F. ) ;
#1443 = CARTESIAN_POINT ( 'NONE',  ( 15.49806240675995639, -16.12011510156165883, 14.02026135231049331 ) ) ;
#1444 = CARTESIAN_POINT ( 'NONE',  ( 15.31675430528525261, -7.429367872704643716, 10.33886478018586530 ) ) ;
#1445 = EDGE_CURVE ( 'NONE', #2606, #697, #1601, .T. ) ;
#1446 = ORIENTED_EDGE ( 'NONE', *, *, #1130, .T. ) ;
#1447 = DIRECTION ( 'NONE',  ( 0.000000000000000000, -0.1507782145711796529, -0.9885676152953459805 ) ) ;
#1448 = CARTESIAN_POINT ( 'NONE',  ( 18.86914364109006925, 6.660082534119333708, 9.022514155995990492 ) ) ;
#1449 = CARTESIAN_POINT ( 'NONE',  ( 18.47740069463480950, 8.355960540370658052, -5.429777340237770034 ) ) ;
#1450 = CARTESIAN_POINT ( 'NONE',  ( 14.32001258001401034, -6.955978413083076646E-16, 0.000000000000000000 ) ) ;
#1451 = CARTESIAN_POINT ( 'NONE',  ( 18.48494926851454778, -3.316715849623091739, -9.359888569314858131 ) ) ;
#1452 = CARTESIAN_POINT ( 'NONE',  ( 13.83097149846100571, -3.830475468339717082, 9.254475457295544771 ) ) ;
#1453 = CARTESIAN_POINT ( 'NONE',  ( 15.22970941425003488, 3.549241899148757984, -19.72826991950132225 ) ) ;
#1454 = CARTESIAN_POINT ( 'NONE',  ( 20.00000000000000355, -25.00000000000000000, 3.061616997868383043E-15 ) ) ;
#1455 = EDGE_CURVE ( 'NONE', #883, #4424, #822, .T. ) ;
#1456 = ORIENTED_EDGE ( 'NONE', *, *, #870, .T. ) ;
#1457 = CARTESIAN_POINT ( 'NONE',  ( 15.46262465994940172, -14.74371166033271230, 14.01312337512100825 ) ) ;
#1458 = CARTESIAN_POINT ( 'NONE',  ( 15.46262465994939994, -15.08037375785662881, -13.34293039389001656 ) ) ;
#1459 = LINE ( 'NONE', #1102, #844 ) ;
#1460 = CARTESIAN_POINT ( 'NONE',  ( 15.48447013105906578, 4.102480186084948244, -20.59545990383913150 ) ) ;
#1461 = ORIENTED_EDGE ( 'NONE', *, *, #2689, .T. ) ;
#1462 = ADVANCED_FACE ( 'NONE', ( #3210 ), #4710, .F. ) ;
#1463 = VECTOR ( 'NONE', #2942, 999.9999999999998863 ) ;
#1464 = ADVANCED_FACE ( 'NONE', ( #3887 ), #4952, .F. ) ;
#1465 = ORIENTED_EDGE ( 'NONE', *, *, #1840, .T. ) ;
#1466 = CIRCLE ( 'NONE', #1294, 3.408265585956546495 ) ;
#1467 = CARTESIAN_POINT ( 'NONE',  ( 14.32001258001403876, -5.315013277283295423, 9.374972017411080216 ) ) ;
#1468 = CARTESIAN_POINT ( 'NONE',  ( 15.76450214191841681, -16.30090905133803858, 8.091168410365012775 ) ) ;
#1469 = ORIENTED_EDGE ( 'NONE', *, *, #1196, .F. ) ;
#1470 = B_SPLINE_CURVE_WITH_KNOTS ( 'NONE', 3,
 ( #2892, #965, #3320, #4441, #3672, #3774, #2969, #1814, #649, #2521, #4078, #1048, #4872, #625, #2598, #296, #1405, #1866 ),
 .UNSPECIFIED., .F., .F.,
 ( 4, 2, 2, 2, 2, 2, 2, 2, 4 ),
 ( 1.734723475976807094E-18, 0.0009387931093094942312, 0.001877586218618986728, 0.002816379327928479441, 0.003755172437237971721, 0.004693965546547464000, 0.005632758655856957147, 0.006571551765166449427, 0.007510344874475941707 ),
 .UNSPECIFIED. ) ;
#1471 = CARTESIAN_POINT ( 'NONE',  ( 17.00000000000000355, -3.673940397442053459E-16, 0.000000000000000000 ) ) ;
#1472 = LINE ( 'NONE', #1805, #3338 ) ;
#1473 = CARTESIAN_POINT ( 'NONE',  ( 18.44647065895009419, 8.741996448007427034, -5.072277771107643218 ) ) ;
#1474 = CARTESIAN_POINT ( 'NONE',  ( 18.13424309457171901, -0.7499815780235447038, 11.40864529650967896 ) ) ;
#1475 = ORIENTED_EDGE ( 'NONE', *, *, #4080, .F. ) ;
#1476 = CARTESIAN_POINT ( 'NONE',  ( 20.00000000000000000, 8.874942871418129542, -19.03248247152915695 ) ) ;
#1477 = DIRECTION ( 'NONE',  ( -1.224896099273389743E-16, 1.000000000000000000, 0.000000000000000000 ) ) ;
#1478 = CARTESIAN_POINT ( 'NONE',  ( 16.16137039704821632, -15.28445531086780917, -13.52349925778084128 ) ) ;
#1479 = EDGE_CURVE ( 'NONE', #3857, #1441, #2517, .T. ) ;
#1480 = DIRECTION ( 'NONE',  ( 1.000000000000000000, 1.224646799147353207E-16, -0.000000000000000000 ) ) ;
#1481 = ORIENTED_EDGE ( 'NONE', *, *, #1455, .T. ) ;
#1482 = CARTESIAN_POINT ( 'NONE',  ( 10.00000000000001243, 32.89999999999998437, 0.000000000000000000 ) ) ;
#1483 = CARTESIAN_POINT ( 'NONE',  ( 13.84116537964913007, 8.543354077921604173, 5.249819018717283292 ) ) ;
#1484 = CARTESIAN_POINT ( 'NONE',  ( 14.33221794005226712, 5.836302901449460734, 0.8901640288046739347 ) ) ;
#1485 = CIRCLE ( 'NONE', #2933, 20.91421356237308871 ) ;
#1486 = CARTESIAN_POINT ( 'NONE',  ( 13.83221794005226180, 0.000000000000000000, 0.000000000000000000 ) ) ;
#1487 = ORIENTED_EDGE ( 'NONE', *, *, #1835, .F. ) ;
#1488 = CIRCLE ( 'NONE', #4302, 55.92698714025925710 ) ;
#1489 = CIRCLE ( 'NONE', #4303, 0.5000000000000004441 ) ;
#1490 = ADVANCED_FACE ( 'NONE', ( #2785 ), #4364, .T. ) ;
#1491 = EDGE_LOOP ( 'NONE', ( #1307, #2045, #3543, #605 ) ) ;
#1492 = CARTESIAN_POINT ( 'NONE',  ( 18.89951605710457727, 7.261225801636133070, -8.379323932360891902 ) ) ;
#1493 = CARTESIAN_POINT ( 'NONE',  ( 14.32001258001400856, 10.77680223744217436, 0.000000000000000000 ) ) ;
#1494 = CIRCLE ( 'NONE', #4070, 22.99999999999999289 ) ;
#1495 = ORIENTED_EDGE ( 'NONE', *, *, #3615, .T. ) ;
#1496 = AXIS2_PLACEMENT_3D ( 'NONE', #1168, #4253, #3864 ) ;
#1497 = CARTESIAN_POINT ( 'NONE',  ( 0.1000000000000025868, -26.52882011201365842, 3.248843463533344599E-15 ) ) ;
#1498 = CARTESIAN_POINT ( 'NONE',  ( 0.09999999999999939493, -2.437047130303233156E-15, 0.000000000000000000 ) ) ;
#1499 = CARTESIAN_POINT ( 'NONE',  ( 14.71846512719366373, -18.15813582760118550, 9.969780079606593404 ) ) ;
#1500 = CARTESIAN_POINT ( 'NONE',  ( 28.99999999999999645, 0.9569204807014405345, -5.825729718177737659 ) ) ;
#1501 = CARTESIAN_POINT ( 'NONE',  ( 18.92545337849319509, -0.2281971173920816498, -10.93660838191262918 ) ) ;
#1502 = B_SPLINE_CURVE_WITH_KNOTS ( 'NONE', 3,
 ( #2603, #3777, #3301, #4852, #995, #4909, #969, #2549, #606, #3700, #299, #4875, #4525, #4937 ),
 .UNSPECIFIED., .F., .F.,
 ( 4, 2, 2, 2, 2, 2, 4 ),
 ( 2.195884966673423388E-07, 0.002395018511917812454, 0.003592417973628385039, 0.004789817435338956757, 0.007184616358760104529, 0.008382015820470680584, 0.009579415282181254904 ),
 .UNSPECIFIED. ) ;
#1503 = TOROIDAL_SURFACE ( 'NONE', #1008, 55.18023718033725089, 0.7500000000000000000 ) ;
#1504 = DIRECTION ( 'NONE',  ( 1.000000000000000000, 1.224646799147353207E-16, -0.000000000000000000 ) ) ;
#1505 = CARTESIAN_POINT ( 'NONE',  ( 17.97821543665478572, 0.000000000000000000, 0.000000000000000000 ) ) ;
#1506 = CARTESIAN_POINT ( 'NONE',  ( 18.18958241478232196, -0.8686401124266397433, -11.17902372187224458 ) ) ;
#1507 = CONICAL_SURFACE ( 'NONE', #4818, 7.500000000000000000, 0.1732306711105734143 ) ;
#1508 = ADVANCED_FACE ( 'NONE', ( #1675 ), #3134, .F. ) ;
#1509 = AXIS2_PLACEMENT_3D ( 'NONE', #4536, #2680, #2264 ) ;
#1510 = ORIENTED_EDGE ( 'NONE', *, *, #1670, .T. ) ;
#1511 = CARTESIAN_POINT ( 'NONE',  ( 15.70453756401723311, 0.6444690705703449707, 14.10711073176494601 ) ) ;
#1512 = CARTESIAN_POINT ( 'NONE',  ( 15.19609989511502057, 8.844314117123536434, -18.83166702429371142 ) ) ;
#1513 = DIRECTION ( 'NONE',  ( 1.000000000000000000, 1.224646799147353207E-16, -0.000000000000000000 ) ) ;
#1514 = CARTESIAN_POINT ( 'NONE',  ( 0.3619247386862540772, -2.404970601018269939E-15, 0.000000000000000000 ) ) ;
#1515 = VERTEX_POINT ( 'NONE', #509 ) ;
#1516 = CONICAL_SURFACE ( 'NONE', #3283, 25.94117647058823550, 0.4899573262537279539 ) ;
#1517 = EDGE_CURVE ( 'NONE', #203, #167, #3207, .T. ) ;
#1518 = ORIENTED_EDGE ( 'NONE', *, *, #4318, .F. ) ;
#1519 = CARTESIAN_POINT ( 'NONE',  ( 18.86914364109007280, 10.63899956840788796, -3.546004686946463202 ) ) ;
#1520 = CARTESIAN_POINT ( 'NONE',  ( 15.20503010338546090, -15.19109898888571664, -14.23786216029797735 ) ) ;
#1521 = ORIENTED_EDGE ( 'NONE', *, *, #3460, .F. ) ;
#1522 = EDGE_CURVE ( 'NONE', #2304, #1035, #928, .T. ) ;
#1523 = EDGE_CURVE ( 'NONE', #3275, #776, #3997, .T. ) ;
#1524 = VERTEX_POINT ( 'NONE', #2758 ) ;
#1525 = AXIS2_PLACEMENT_3D ( 'NONE', #1759, #4841, #1397 ) ;
#1526 = CARTESIAN_POINT ( 'NONE',  ( -36.17039518766870287, 5.163825776135518630, -0.7875965374910000039 ) ) ;
#1527 = CARTESIAN_POINT ( 'NONE',  ( 18.36388945876932155, 7.318402072907574940, 7.495362399869364367 ) ) ;
#1528 = CARTESIAN_POINT ( 'NONE',  ( 14.95638818340800569, -17.99949156395395988, 9.809309118949020245 ) ) ;
#1529 = CARTESIAN_POINT ( 'NONE',  ( 15.19945137117260181, -18.36247114247868240, -10.18922175820725329 ) ) ;
#1530 = CARTESIAN_POINT ( 'NONE',  ( 5.000000000000006217, -2.012461179749809759, 1.800000000000000711 ) ) ;
#1531 = CARTESIAN_POINT ( 'NONE',  ( 14.70510654246227311, -11.08202350442300421, 2.812190412536657469 ) ) ;
#1532 = CARTESIAN_POINT ( 'NONE',  ( 18.13424309457172257, 10.61850939826811313, -4.238740146298065170 ) ) ;
#1533 = CARTESIAN_POINT ( 'NONE',  ( 5.000000000000006217, 2.012461179749811979, -1.799999999999999822 ) ) ;
#1534 = B_SPLINE_CURVE_WITH_KNOTS ( 'NONE', 3,
 ( #4986, #1559, #3891, #1512, #1124, #2278 ),
 .UNSPECIFIED., .F., .F.,
 ( 4, 2, 4 ),
 ( 3.878959614448864246E-18, 0.0004148105333363983141, 0.0008296210666727927251 ),
 .UNSPECIFIED. ) ;
#1535 = B_SPLINE_CURVE_WITH_KNOTS ( 'NONE', 3,
 ( #1795, #2224, #1076, #245, #3356, #1460, #4550, #2653, #1413, #2918 ),
 .UNSPECIFIED., .F., .F.,
 ( 4, 2, 2, 2, 4 ),
 ( 8.673617379884035472E-19, 0.0002960619375290553896, 0.0005921238750581099119, 0.0008881858125871644341, 0.001184247750116218956 ),
 .UNSPECIFIED. ) ;
#1536 = EDGE_LOOP ( 'NONE', ( #1209, #4032, #931, #4188 ) ) ;
#1537 = DIRECTION ( 'NONE',  ( -1.000000000000000000, 0.000000000000000000, 0.000000000000000000 ) ) ;
#1538 = DIRECTION ( 'NONE',  ( 0.000000000000000000, -1.000000000000000000, 1.224646799147353207E-16 ) ) ;
#1539 = CARTESIAN_POINT ( 'NONE',  ( 17.75000000000000355, 6.869842638148169200, 0.000000000000000000 ) ) ;
#1540 = DIRECTION ( 'NONE',  ( 0.000000000000000000, -1.000000000000000000, 0.000000000000000000 ) ) ;
#1541 = VERTEX_POINT ( 'NONE', #4296 ) ;
#1542 = EDGE_LOOP ( 'NONE', ( #1193, #1780, #4839, #4083 ) ) ;
#1543 = CARTESIAN_POINT ( 'NONE',  ( 19.06423657719901144, 7.423155749992005781, -7.045027114102873078 ) ) ;
#1544 = B_SPLINE_CURVE_WITH_KNOTS ( 'NONE', 3,
 ( #1467, #251, #2555, #2203 ),
 .UNSPECIFIED., .F., .F.,
 ( 4, 4 ),
 ( 0.005643343412390351352, 0.006557754667385885979 ),
 .UNSPECIFIED. ) ;
#1545 = CARTESIAN_POINT ( 'NONE',  ( 15.71329586650304577, -15.54791359359570180, -14.41710300079184037 ) ) ;
#1546 = CIRCLE ( 'NONE', #3792, 0.4999999999999970024 ) ;
#1547 = ADVANCED_FACE ( 'NONE', ( #2135 ), #1507, .F. ) ;
#1548 = CARTESIAN_POINT ( 'NONE',  ( 19.26470588235294557, 25.94117647058823550, 0.000000000000000000 ) ) ;
#1549 = CARTESIAN_POINT ( 'NONE',  ( 18.85554940497371490, 10.47311965948447821, 4.254694319245320600 ) ) ;
#1550 = CARTESIAN_POINT ( 'NONE',  ( 18.44603654216124156, 7.523772492550620861, -6.751458349057251063 ) ) ;
#1551 = CARTESIAN_POINT ( 'NONE',  ( 15.76450214191841681, 8.431842980865683401, -16.12732668767236888 ) ) ;
#1552 = CARTESIAN_POINT ( 'NONE',  ( 18.89975179206070521, -0.9497704145004297605, -11.04589475494391415 ) ) ;
#1553 = EDGE_CURVE ( 'NONE', #3435, #2844, #3867, .T. ) ;
#1554 = FACE_OUTER_BOUND ( 'NONE', #1255, .T. ) ;
#1555 = DIRECTION ( 'NONE',  ( 1.212044605522343980E-16, -1.000000000000000000, 0.000000000000000000 ) ) ;
#1556 = CARTESIAN_POINT ( 'NONE',  ( 18.36353445633486459, -1.513124585450544624, -10.36738036553543729 ) ) ;
#1557 = ORIENTED_EDGE ( 'NONE', *, *, #804, .F. ) ;
#1558 = CARTESIAN_POINT ( 'NONE',  ( 19.32921422716058046, 6.796741902379898423E-15, 0.000000000000000000 ) ) ;
#1559 = CARTESIAN_POINT ( 'NONE',  ( 15.41316552742295087, 8.790996196022486942, -18.48209152185607351 ) ) ;
#1560 = DIRECTION ( 'NONE',  ( 1.000000000000000000, 1.224646799147353207E-16, -0.000000000000000000 ) ) ;
#1561 = CARTESIAN_POINT ( 'NONE',  ( 13.83221794005226002, 19.49999999999999645, 0.000000000000000000 ) ) ;
#1562 = EDGE_LOOP ( 'NONE', ( #3242, #4880, #302, #4630, #59 ) ) ;
#1563 = ORIENTED_EDGE ( 'NONE', *, *, #3326, .T. ) ;
#1564 = FACE_OUTER_BOUND ( 'NONE', #3454, .T. ) ;
#1565 = CARTESIAN_POINT ( 'NONE',  ( 18.13424309457171901, -6.435747709358712321, -9.000423057494707280 ) ) ;
#1566 = CIRCLE ( 'NONE', #2302, 2.700000000000002398 ) ;
#1567 = AXIS2_PLACEMENT_3D ( 'NONE', #4756, #1827, #225 ) ;
#1568 = EDGE_CURVE ( 'NONE', #168, #1897, #3912, .T. ) ;
#1569 = DIRECTION ( 'NONE',  ( -0.8823529411764707842, 0.4705882352941172520, 5.763043760693423160E-17 ) ) ;
#1570 = CARTESIAN_POINT ( 'NONE',  ( 19.08471170869540146, 8.776962146753636063, 5.043274375318338443 ) ) ;
#1571 = CIRCLE ( 'NONE', #2852, 55.18023718033725089 ) ;
#1572 = CARTESIAN_POINT ( 'NONE',  ( 14.70510654245038040, -0.7499815780237349960, -11.40864529650966652 ) ) ;
#1573 = DIRECTION ( 'NONE',  ( -1.000000000000000000, 0.000000000000000000, 0.000000000000000000 ) ) ;
#1574 = EDGE_LOOP ( 'NONE', ( #1557, #5014, #3789 ) ) ;
#1575 = CIRCLE ( 'NONE', #3822, 20.99999999999999645 ) ;
#1576 = CARTESIAN_POINT ( 'NONE',  ( 17.50000000000000000, -3.061616997868382155E-16, 0.000000000000000000 ) ) ;
#1577 = DIRECTION ( 'NONE',  ( -1.224646799147353207E-16, 1.000000000000000000, 0.000000000000000000 ) ) ;
#1578 = CARTESIAN_POINT ( 'NONE',  ( 18.47740069463481305, -2.581891310163923592, -9.624884195630150074 ) ) ;
#1579 = CIRCLE ( 'NONE', #4488, 25.00000000000000000 ) ;
#1580 = ADVANCED_FACE ( 'NONE', ( #3262 ), #182, .T. ) ;
#1581 = EDGE_CURVE ( 'NONE', #4851, #3449, #1730, .T. ) ;
#1582 = CIRCLE ( 'NONE', #4654, 32.99874609610467502 ) ;
#1583 = ORIENTED_EDGE ( 'NONE', *, *, #2037, .T. ) ;
#1584 = CC_DESIGN_APPROVAL ( #152, ( #781 ) ) ;
#1585 = FACE_OUTER_BOUND ( 'NONE', #1344, .T. ) ;
#1586 = AXIS2_PLACEMENT_3D ( 'NONE', #4866, #207, #2490 ) ;
#1587 = DIRECTION ( 'NONE',  ( 1.023802872957412902E-16, 0.1507782145711772936, -0.9885676152953464246 ) ) ;
#1588 = CARTESIAN_POINT ( 'NONE',  ( 13.83221794005226712, -19.99999999999999645, 2.449293598294706119E-15 ) ) ;
#1589 = ORIENTED_EDGE ( 'NONE', *, *, #1015, .F. ) ;
#1590 = VERTEX_POINT ( 'NONE', #2186 ) ;
#1591 = CARTESIAN_POINT ( 'NONE',  ( 19.06440771517078758, 8.992242048236848362, -4.884208143969085647 ) ) ;
#1592 = CARTESIAN_POINT ( 'NONE',  ( 15.76442018981255266, -12.73283542068290153, 13.00298774007176128 ) ) ;
#1593 = AXIS2_PLACEMENT_3D ( 'NONE', #673, #3414, #5021 ) ;
#1594 = AXIS2_PLACEMENT_3D ( 'NONE', #4055, #2142, #239 ) ;
#1595 = ORIENTED_EDGE ( 'NONE', *, *, #2029, .F. ) ;
#1596 = AXIS2_PLACEMENT_3D ( 'NONE', #720, #3862, #2269 ) ;
#1597 = CARTESIAN_POINT ( 'NONE',  ( 28.99999999999999645, -4.198442943339737887, 4.150650600468059004 ) ) ;
#1598 = CARTESIAN_POINT ( 'NONE',  ( 19.22459589508746447, 7.709960145079036486, 5.211808765067308613 ) ) ;
#1599 = DIRECTION ( 'NONE',  ( -1.235329372478859182E-16, 1.000000000000000000, 0.000000000000000000 ) ) ;
#1600 = DIRECTION ( 'NONE',  ( -0.9837718218426106942, 0.000000000000000000, 0.1794240857534757094 ) ) ;
#1601 = LINE ( 'NONE', #872, #1215 ) ;
#1602 = CARTESIAN_POINT ( 'NONE',  ( 19.10189779210492844, -5.039943664325387651, 8.647768403424578310 ) ) ;
#1603 = B_SPLINE_CURVE_WITH_KNOTS ( 'NONE', 3,
 ( #3440, #2266, #4197, #5002, #1528, #1883, #1499, #335, #3034, #4595 ),
 .UNSPECIFIED., .F., .F.,
 ( 4, 2, 2, 2, 4 ),
 ( 5.651432409866566314E-07, 0.0003283357421052403974, 0.0006561063409694941175, 0.0009838769398337477833, 0.001311647538698001558 ),
 .UNSPECIFIED. ) ;
#1604 = FACE_OUTER_BOUND ( 'NONE', #90, .T. ) ;
#1605 = CARTESIAN_POINT ( 'NONE',  ( 15.22970941425003844, -17.66592359818684699, -9.471900310835138725 ) ) ;
#1606 = ADVANCED_FACE ( 'NONE', ( #591 ), #4164, .F. ) ;
#1607 = CARTESIAN_POINT ( 'NONE',  ( 14.33221794005226535, 3.965987431842777688, 20.53473332242266380 ) ) ;
#1608 = CARTESIAN_POINT ( 'NONE',  ( 19.50000000000000355, 3.424535144843814504E-31, 0.000000000000000000 ) ) ;
#1609 = ORIENTED_EDGE ( 'NONE', *, *, #3489, .F. ) ;
#1610 = CARTESIAN_POINT ( 'NONE',  ( 19.11239656173481194, 7.731606241571640226, -6.294916256664626175 ) ) ;
#1611 = CARTESIAN_POINT ( 'NONE',  ( 15.22970941425003666, -14.46738312548696825, 13.87431358935456061 ) ) ;
#1612 = EDGE_CURVE ( 'NONE', #1897, #1278, #4920, .T. ) ;
#1613 = ORIENTED_EDGE ( 'NONE', *, *, #1929, .T. ) ;
#1614 = ORIENTED_EDGE ( 'NONE', *, *, #1802, .T. ) ;
#1615 = CARTESIAN_POINT ( 'NONE',  ( 14.33221794005226712, -5.244893519845041041, 2.710334946299556513 ) ) ;
#1616 = CARTESIAN_POINT ( 'NONE',  ( 19.06317880188185043, 9.450551427213381928, 3.892387378251183083 ) ) ;
#1617 = CARTESIAN_POINT ( 'NONE',  ( 15.22970941425003488, 3.549241899148757984, -19.72826991950132225 ) ) ;
#1618 = CARTESIAN_POINT ( 'NONE',  ( 14.33221794005226357, 22.99999999999999289, 0.000000000000000000 ) ) ;
#1619 = ORIENTED_EDGE ( 'NONE', *, *, #3089, .T. ) ;
#1620 = AXIS2_PLACEMENT_3D ( 'NONE', #1404, #3268, #1766 ) ;
#1621 = DIRECTION ( 'NONE',  ( 1.000000000000000000, 1.224646799147353207E-16, -0.000000000000000000 ) ) ;
#1622 = CARTESIAN_POINT ( 'NONE',  ( 15.19609989511503301, -18.22417657730563789, -10.03658125037636317 ) ) ;
#1623 = CARTESIAN_POINT ( 'NONE',  ( 18.18979366851096557, -10.89961422631117038, 2.627680797007471369 ) ) ;
#1624 = EDGE_CURVE ( 'NONE', #3123, #1665, #596, .T. ) ;
#1625 = CARTESIAN_POINT ( 'NONE',  ( 18.18958241478233617, 7.273609891693092244, 8.533446323881305418 ) ) ;
#1626 = CARTESIAN_POINT ( 'NONE',  ( 5.000000000000006217, 2.012461179749811979, -1.799999999999999822 ) ) ;
#1627 = CARTESIAN_POINT ( 'NONE',  ( 15.83221794005226712, -15.73565356648931868, 13.90680484223072000 ) ) ;
#1628 = EDGE_LOOP ( 'NONE', ( #3567, #160, #3913, #4213 ) ) ;
#1629 = CARTESIAN_POINT ( 'NONE',  ( 18.47740069463480950, -3.568571037662634726, 9.304292518292106351 ) ) ;
#1630 = DIRECTION ( 'NONE',  ( 0.000000000000000000, 1.000000000000000000, 0.000000000000000000 ) ) ;
#1631 = CARTESIAN_POINT ( 'NONE',  ( 16.16137039704821632, -17.58476853304768284, 10.35738972735168772 ) ) ;
#1632 = EDGE_LOOP ( 'NONE', ( #3378, #2365, #1263, #3383 ) ) ;
#1633 = EDGE_LOOP ( 'NONE', ( #281, #908, #3482, #2799, #8 ) ) ;
#1634 = ADVANCED_FACE ( 'NONE', ( #3340 ), #3676, .T. ) ;
#1635 = ORIENTED_EDGE ( 'NONE', *, *, #2634, .F. ) ;
#1636 = CARTESIAN_POINT ( 'NONE',  ( 14.33221794005226712, -6.941031157979783714E-16, 0.000000000000000000 ) ) ;
#1637 = DIRECTION ( 'NONE',  ( 8.294471464601281835E-17, -1.000000000000000000, -8.881784197001252323E-15 ) ) ;
#1638 = CARTESIAN_POINT ( 'NONE',  ( 15.00197104962198935, -15.35845830444589666, 14.32193277845545154 ) ) ;
#1639 = CARTESIAN_POINT ( 'NONE',  ( 15.46262465994942481, 8.771214836349644273, -18.35239631612160949 ) ) ;
#1640 = CIRCLE ( 'NONE', #2134, 0.7500000000000006661 ) ;
#1641 = ADVANCED_FACE ( 'NONE', ( #4456 ), #2163, .F. ) ;
#1642 = TOROIDAL_SURFACE ( 'NONE', #4644, 6.869842638148169200, 0.7500000000000000000 ) ;
#1643 = CIRCLE ( 'NONE', #4230, 20.40832198700114120 ) ;
#1644 = ORIENTED_EDGE ( 'NONE', *, *, #376, .T. ) ;
#1645 = CARTESIAN_POINT ( 'NONE',  ( 15.20503010338494931, 3.921051843243979818, 20.44777640303007971 ) ) ;
#1646 = DIRECTION ( 'NONE',  ( -1.131341397376178819E-16, 1.000000000000000000, 0.000000000000000000 ) ) ;
#1647 = FACE_OUTER_BOUND ( 'NONE', #4681, .T. ) ;
#1648 = CARTESIAN_POINT ( 'NONE',  ( 15.80802606972441993, -15.67006027937885726, -13.98059166647320239 ) ) ;
#1649 = CIRCLE ( 'NONE', #3897, 20.99999999999999645 ) ;
#1650 = CARTESIAN_POINT ( 'NONE',  ( 20.00000000000000000, 0.000000000000000000, 0.000000000000000000 ) ) ;
#1651 = CARTESIAN_POINT ( 'NONE',  ( 19.18541637664056054, -9.454628582489171151, 1.247436158387053906 ) ) ;
#1652 = CIRCLE ( 'NONE', #3584, 25.19959792024635092 ) ;
#1653 = DIRECTION ( 'NONE',  ( -8.654148491563312670E-17, 1.000000000000000000, 0.000000000000000000 ) ) ;
#1654 = CARTESIAN_POINT ( 'NONE',  ( 15.42014407859633351, -18.69089965965777722, -10.50867837928770498 ) ) ;
#1655 = ORIENTED_EDGE ( 'NONE', *, *, #4529, .T. ) ;
#1656 = CIRCLE ( 'NONE', #1248, 10.77680223744217436 ) ;
#1657 = ORIENTED_EDGE ( 'NONE', *, *, #4732, .F. ) ;
#1658 = CARTESIAN_POINT ( 'NONE',  ( 18.18958241478232907, -5.868120665795244051, 9.554594019149412532 ) ) ;
#1659 = DIRECTION ( 'NONE',  ( -1.000000000000000000, -1.224646799147353207E-16, 0.000000000000000000 ) ) ;
#1660 = CARTESIAN_POINT ( 'NONE',  ( 19.85739519834307742, 4.000000000000000000, 4.898587196589412829E-16 ) ) ;
#1661 = ORIENTED_EDGE ( 'NONE', *, *, #3406, .T. ) ;
#1662 = AXIS2_PLACEMENT_3D ( 'NONE', #1618, #1285, #816 ) ;
#1663 = EDGE_CURVE ( 'NONE', #420, #3328, #3714, .T. ) ;
#1664 = ORIENTED_EDGE ( 'NONE', *, *, #181, .F. ) ;
#1665 = VERTEX_POINT ( 'NONE', #3315 ) ;
#1666 = CARTESIAN_POINT ( 'NONE',  ( 15.19609989511502413, 8.844314117123582619, 18.83166702429369366 ) ) ;
#1667 = CARTESIAN_POINT ( 'NONE',  ( 18.92545337849321285, 6.612992463023448231, 8.713771141572392409 ) ) ;
#1668 = CIRCLE ( 'NONE', #4100, 0.7499999999999996669 ) ;
#1669 = DIRECTION ( 'NONE',  ( 1.244921246426974885E-14, 0.9867767030090063285, -0.1620855897317074468 ) ) ;
#1670 = EDGE_CURVE ( 'NONE', #248, #1776, #4127, .T. ) ;
#1671 = ADVANCED_FACE ( 'NONE', ( #4512 ), #1041, .F. ) ;
#1672 = DIRECTION ( 'NONE',  ( 1.000000000000000000, 1.224646799147353207E-16, -0.000000000000000000 ) ) ;
#1673 = CONICAL_SURFACE ( 'NONE', #3519, 25.19959792024635092, 0.9262896392523124467 ) ;
#1674 = DIRECTION ( 'NONE',  ( -8.654148491563312670E-17, 1.000000000000000000, 0.000000000000000000 ) ) ;
#1675 = FACE_OUTER_BOUND ( 'NONE', #2899, .T. ) ;
#1676 = CARTESIAN_POINT ( 'NONE',  ( 28.99999999999999645, 2.650113081033917517, -5.275578092813912434 ) ) ;
#1677 = EDGE_CURVE ( 'NONE', #4608, #4367, #836, .T. ) ;
#1678 = CARTESIAN_POINT ( 'NONE',  ( 19.11275066977518122, -3.588384693996990116, 9.299952494685420845 ) ) ;
#1679 = EDGE_CURVE ( 'NONE', #471, #2894, #1342, .T. ) ;
#1680 = CIRCLE ( 'NONE', #3989, 20.99999999999999645 ) ;
#1681 = CARTESIAN_POINT ( 'NONE',  ( 18.18957372837409636, 10.36349883411737771, 4.280627573871214508 ) ) ;
#1682 = CARTESIAN_POINT ( 'NONE',  ( 19.16245220679195427, 6.813862243880364211, 6.859925822013414276 ) ) ;
#1683 = DIRECTION ( 'NONE',  ( 1.000000000000000000, 0.000000000000000000, -0.000000000000000000 ) ) ;
#1684 = VERTEX_POINT ( 'NONE', #4638 ) ;
#1685 = DIRECTION ( 'NONE',  ( 0.000000000000000000, -0.8935906416409875597, 0.4488827966982565920 ) ) ;
#1686 = VERTEX_POINT ( 'NONE', #4221 ) ;
#1687 = EDGE_LOOP ( 'NONE', ( #3594, #4524, #2257, #1986, #760, #3802, #4804 ) ) ;
#1688 = CARTESIAN_POINT ( 'NONE',  ( 20.00000000000000355, -25.00000000000000000, 3.061616997868383043E-15 ) ) ;
#1689 = CARTESIAN_POINT ( 'NONE',  ( 19.89969812418834749, -1.228343711612165424E-17, 0.000000000000000000 ) ) ;
#1690 = CARTESIAN_POINT ( 'NONE',  ( 15.00197104962198047, 8.874942871418129542, -19.03248247152915695 ) ) ;
#1691 = ORIENTED_EDGE ( 'NONE', *, *, #602, .T. ) ;
#1692 = ORIENTED_EDGE ( 'NONE', *, *, #4272, .F. ) ;
#1693 = VERTEX_POINT ( 'NONE', #1164 ) ;
#1694 = DIRECTION ( 'NONE',  ( 0.000000000000000000, 0.1507782145711796806, 0.9885676152953459805 ) ) ;
#1695 = DIRECTION ( 'NONE',  ( 1.000000000000000000, 1.224646799147353207E-16, -0.000000000000000000 ) ) ;
#1696 = EDGE_CURVE ( 'NONE', #2496, #471, #1836, .T. ) ;
#1697 = CARTESIAN_POINT ( 'NONE',  ( 16.01996565806097195, -15.60114934161894773, -13.71275973276784654 ) ) ;
#1698 = CARTESIAN_POINT ( 'NONE',  ( 2.500000000000002220, -2.143131898507867854E-15, 0.000000000000000000 ) ) ;
#1699 = VERTEX_POINT ( 'NONE', #1474 ) ;
#1700 = EDGE_CURVE ( 'NONE', #4268, #3577, #730, .T. ) ;
#1701 = CARTESIAN_POINT ( 'NONE',  ( 15.71329586650277754, 21.05268684893944098, 2.524847023061774998 ) ) ;
#1702 = EDGE_CURVE ( 'NONE', #1441, #4771, #679, .T. ) ;
#1703 = CARTESIAN_POINT ( 'NONE',  ( 19.21657918419602851, -2.281169416156570762, 9.071449538972990112 ) ) ;
#1704 = FACE_OUTER_BOUND ( 'NONE', #1854, .T. ) ;
#1705 = DIRECTION ( 'NONE',  ( -1.000000000000000000, 0.000000000000000000, 0.000000000000000000 ) ) ;
#1706 = CARTESIAN_POINT ( 'NONE',  ( 18.23939104319076066, -5.626046874663328090, 9.460986051010952025 ) ) ;
#1707 = AXIS2_PLACEMENT_3D ( 'NONE', #2089, #105, #1323 ) ;
#1708 = EDGE_CURVE ( 'NONE', #1085, #4113, #1170, .T. ) ;
#1709 = AXIS2_PLACEMENT_3D ( 'NONE', #2737, #4737, #1646 ) ;
#1710 = DIRECTION ( 'NONE',  ( -1.499759782661857608E-32, 1.224646799147353207E-16, 1.000000000000000000 ) ) ;
#1711 = FACE_OUTER_BOUND ( 'NONE', #2017, .T. ) ;
#1712 = DIRECTION ( 'NONE',  ( -1.425869078580464540E-32, 0.4590833271949418259, -0.8883932117545823015 ) ) ;
#1713 = EDGE_LOOP ( 'NONE', ( #4500, #4167, #657, #4391 ) ) ;
#1714 = CARTESIAN_POINT ( 'NONE',  ( 15.79337818020431428, -18.11417641266556799, -10.82119642137456417 ) ) ;
#1715 = ORIENTED_EDGE ( 'NONE', *, *, #22, .T. ) ;
#1716 = VERTEX_POINT ( 'NONE', #4173 ) ;
#1717 = CARTESIAN_POINT ( 'NONE',  ( 14.70510654245038040, -6.099085611834868637, 9.670616038725553310 ) ) ;
#1718 = DIRECTION ( 'NONE',  ( 1.000000000000000000, 1.224646799147353207E-16, -0.000000000000000000 ) ) ;
#1719 = ORIENTED_EDGE ( 'NONE', *, *, #365, .T. ) ;
#1720 = ORIENTED_EDGE ( 'NONE', *, *, #529, .T. ) ;
#1721 = ORIENTED_EDGE ( 'NONE', *, *, #3031, .T. ) ;
#1722 = FACE_OUTER_BOUND ( 'NONE', #2202, .T. ) ;
#1723 = CARTESIAN_POINT ( 'NONE',  ( 14.53391428651586104, 20.66883174079408647, -2.587898148392500985 ) ) ;
#1724 = CARTESIAN_POINT ( 'NONE',  ( 13.84116537964913007, -3.825952441594569375, -9.268850335650153482 ) ) ;
#1725 = VERTEX_POINT ( 'NONE', #3009 ) ;
#1726 = ADVANCED_FACE ( 'NONE', ( #4565 ), #4616, .T. ) ;
#1727 = CARTESIAN_POINT ( 'NONE',  ( 15.10479532739165442, 3.963244599326381401, 20.52942554136375364 ) ) ;
#1728 = CARTESIAN_POINT ( 'NONE',  ( 16.16137039704821277, 4.416470673144478276, -19.92471814401320174 ) ) ;
#1729 = AXIS2_PLACEMENT_3D ( 'NONE', #63, #2827, #2427 ) ;
#1730 = LINE ( 'NONE', #1346, #1756 ) ;
#1731 = CARTESIAN_POINT ( 'NONE',  ( 19.11958564739175159, -2.811513329535342720, -9.523799138594897684 ) ) ;
#1732 = CARTESIAN_POINT ( 'NONE',  ( 19.11952606956513989, -9.926713465629195099, 0.2726121346026510461 ) ) ;
#1733 = EDGE_CURVE ( 'NONE', #2329, #167, #273, .T. ) ;
#1734 = CIRCLE ( 'NONE', #489, 0.7500000000000007772 ) ;
#1735 = DIRECTION ( 'NONE',  ( 1.000000000000000000, 1.224646799147353207E-16, -0.000000000000000000 ) ) ;
#1736 = DIRECTION ( 'NONE',  ( -1.000000000000000000, 0.000000000000000000, -0.000000000000000000 ) ) ;
#1737 = ORIENTED_EDGE ( 'NONE', *, *, #3707, .F. ) ;
#1738 = CARTESIAN_POINT ( 'NONE',  ( 0.5000000000000104361, -24.66778205994773998, 0.000000000000000000 ) ) ;
#1739 = ADVANCED_FACE ( 'NONE', ( #3413 ), #4975, .T. ) ;
#1740 = EDGE_CURVE ( 'NONE', #1036, #2159, #3214, .T. ) ;
#1741 = CIRCLE ( 'NONE', #3424, 32.99874609610466791 ) ;
#1742 = EDGE_CURVE ( 'NONE', #2120, #2141, #4905, .T. ) ;
#1743 = ORIENTED_EDGE ( 'NONE', *, *, #2029, .T. ) ;
#1744 = AXIS2_PLACEMENT_3D ( 'NONE', #1237, #2809, #3514 ) ;
#1745 = ORIENTED_EDGE ( 'NONE', *, *, #3467, .T. ) ;
#1746 = DIRECTION ( 'NONE',  ( -1.376786630855773861E-16, 1.000000000000000000, 0.000000000000000000 ) ) ;
#1747 = CYLINDRICAL_SURFACE ( 'NONE', #4168, 4.000000000000002665 ) ;
#1748 = DIRECTION ( 'NONE',  ( 0.000000000000000000, 0.9885676152953460916, -0.1507782145711796806 ) ) ;
#1749 = ORIENTED_EDGE ( 'NONE', *, *, #4955, .T. ) ;
#1750 = ORIENTED_EDGE ( 'NONE', *, *, #1624, .T. ) ;
#1751 = AXIS2_PLACEMENT_3D ( 'NONE', #4770, #1356, #1685 ) ;
#1752 = ORIENTED_EDGE ( 'NONE', *, *, #2861, .T. ) ;
#1753 = CARTESIAN_POINT ( 'NONE',  ( 28.99999999999999645, 11.26685175719495291, 8.185846958334062506 ) ) ;
#1754 =( BOUNDED_SURFACE ( )  B_SPLINE_SURFACE ( 3, 2, ( 
 ( #3532, #4292, #3153 ),
 ( #17, #1549, #40 ),
 ( #5017, #2353, #812 ),
 ( #5039, #4683, #1616 ),
 ( #1161, #4218, #1973 ),
 ( #1230, #2777, #2310 ),
 ( #1211, #1570, #2707 ),
 ( #4248, #3881, #4661 ),
 ( #3130, #3463, #1598 ),
 ( #3486, #3105, #3836 ),
 ( #2732, #358, #2754 ),
 ( #4316, #2405, #3933 ),
 ( #1906, #5001, #1931 ),
 ( #1527, #3054, #4614 ),
 ( #1138, #738, #1309 ),
 ( #4344, #1371, #4016 ),
 ( #3655, #2900, #1667 ),
 ( #952, #4807, #1283 ) ),
 .UNSPECIFIED., .F., .F., .F. ) 
 B_SPLINE_SURFACE_WITH_KNOTS ( ( 4, 2, 2, 2, 2, 2, 2, 2, 4 ),
 ( 3, 3 ),
 ( 0.000000000000000000, 0.0009262581283888547852, 0.001852516256777709570, 0.002778774385166564356, 0.003705032513555419141, 0.004631290641944273492, 0.005557548770333128711, 0.006483806898721983930, 0.007410065027110838282 ),
 ( 0.000000000000000000, 1.000000000000000000 ),
 .UNSPECIFIED. ) 
 GEOMETRIC_REPRESENTATION_ITEM ( )  RATIONAL_B_SPLINE_SURFACE ( (
 ( 1.000000000000000000, 0.7392545563716668156, 1.000000000000000000),
 ( 1.000000000000000000, 0.7431284309178870506, 1.000000000000000000),
 ( 1.000000000000000000, 0.7465470998213060705, 1.000000000000000000),
 ( 1.000000000000000000, 0.7525194806419784888, 1.000000000000000000),
 ( 1.000000000000000000, 0.7550959280701654563, 1.000000000000000000),
 ( 1.000000000000000000, 0.7592164610058425023, 1.000000000000000000),
 ( 1.000000000000000000, 0.7607675855582847202, 1.000000000000000000),
 ( 1.000000000000000000, 0.7628677165821664552, 1.000000000000000000),
 ( 1.000000000000000000, 0.7634050825006011287, 1.000000000000000000),
 ( 1.000000000000000000, 0.7634095904906874619, 1.000000000000000000),
 ( 1.000000000000000000, 0.7628945276065258740, 1.000000000000000000),
 ( 1.000000000000000000, 0.7607967864840240457, 1.000000000000000000),
 ( 1.000000000000000000, 0.7592293590991735508, 1.000000000000000000),
 ( 1.000000000000000000, 0.7551406125379586110, 1.000000000000000000),
 ( 1.000000000000000000, 0.7525859512242265570, 1.000000000000000000),
 ( 1.000000000000000000, 0.7465657539666943343, 1.000000000000000000),
 ( 1.000000000000000000, 0.7431289327727899074, 1.000000000000000000),
 ( 1.000000000000000000, 0.7392545563716670376, 1.000000000000000000) ) ) 
 REPRESENTATION_ITEM ( '' )  SURFACE ( )  );
#1755 = DIRECTION ( 'NONE',  ( 1.000000000000000000, 1.224646799147353207E-16, -0.000000000000000000 ) ) ;
#1756 = VECTOR ( 'NONE', #1011, 1000.000000000000114 ) ;
#1757 = ORIENTED_EDGE ( 'NONE', *, *, #1173, .T. ) ;
#1758 = EDGE_LOOP ( 'NONE', ( #3304, #2841 ) ) ;
#1759 = CARTESIAN_POINT ( 'NONE',  ( 17.62072582935174836, -2.913770497378355896E-16, 0.000000000000000000 ) ) ;
#1760 = DIRECTION ( 'NONE',  ( -1.224646799147353207E-16, 1.000000000000000000, 0.000000000000000000 ) ) ;
#1761 = CARTESIAN_POINT ( 'NONE',  ( 0.1000000000000100531, -30.31597898765163279, 3.876908770635838796E-15 ) ) ;
#1762 = CARTESIAN_POINT ( 'NONE',  ( 18.92545337849311693, -10.47184945512818821, -3.162569495338746872 ) ) ;
#1763 = CIRCLE ( 'NONE', #2798, 2.700000000000010392 ) ;
#1764 = CIRCLE ( 'NONE', #1350, 4.101532431080384455 ) ;
#1765 = PLANE ( 'NONE',  #2461 ) ;
#1766 = DIRECTION ( 'NONE',  ( -1.000000000000000000, 0.000000000000000000, 0.000000000000000000 ) ) ;
#1767 = VERTEX_POINT ( 'NONE', #550 ) ;
#1768 = CARTESIAN_POINT ( 'NONE',  ( 12.33221794005226890, 0.000000000000000000, 0.000000000000000000 ) ) ;
#1769 = TOROIDAL_SURFACE ( 'NONE', #4327, 19.49999999999999645, 2.499999999999994227 ) ;
#1770 = ORIENTED_EDGE ( 'NONE', *, *, #2930, .T. ) ;
#1771 = SPHERICAL_SURFACE ( 'NONE', #3229, 56.17039518766868156 ) ;
#1772 = CARTESIAN_POINT ( 'NONE',  ( 15.19102690686197299, 8.740239143269191047, 18.14930618716766375 ) ) ;
#1773 = CARTESIAN_POINT ( 'NONE',  ( 18.58817071265350762, 6.705990245572899867E-15, 0.000000000000000000 ) ) ;
#1774 = VERTEX_POINT ( 'NONE', #3624 ) ;
#1775 = ORIENTED_EDGE ( 'NONE', *, *, #4757, .F. ) ;
#1776 = VERTEX_POINT ( 'NONE', #522 ) ;
#1777 = ADVANCED_FACE ( 'NONE', ( #917 ), #1252, .T. ) ;
#1778 = DIRECTION ( 'NONE',  ( 1.000000000000000000, 1.224646799147353207E-16, -0.000000000000000000 ) ) ;
#1779 = CARTESIAN_POINT ( 'NONE',  ( 15.46262465994940172, -14.74371166033271230, 14.01312337512100825 ) ) ;
#1780 = ORIENTED_EDGE ( 'NONE', *, *, #1479, .F. ) ;
#1781 = CARTESIAN_POINT ( 'NONE',  ( 15.94569792126956109, 20.74318141162159890, 2.575685648638469161 ) ) ;
#1782 = CARTESIAN_POINT ( 'NONE',  ( 28.99999999999999645, -11.08202350442305217, -2.812190412536466066 ) ) ;
#1783 = DIRECTION ( 'NONE',  ( 1.000000000000000000, 1.224646799147353207E-16, -0.000000000000000000 ) ) ;
#1784 = DIRECTION ( 'NONE',  ( 0.3527547862872306150, -0.4295715233571742453, -0.8312835659821786738 ) ) ;
#1785 = CARTESIAN_POINT ( 'NONE',  ( -36.17039518766870287, 2.650113081033999674, 5.275578092813874242 ) ) ;
#1786 = FACE_BOUND ( 'NONE', #949, .T. ) ;
#1787 = DIRECTION ( 'NONE',  ( 1.000000000000000000, 1.224646799147353207E-16, -0.000000000000000000 ) ) ;
#1788 = CARTESIAN_POINT ( 'NONE',  ( 0.3619247386862540772, -2.404970601018269939E-15, 0.000000000000000000 ) ) ;
#1789 = CIRCLE ( 'NONE', #2430, 10.77680223744217436 ) ;
#1790 = EDGE_CURVE ( 'NONE', #4856, #4890, #1980, .T. ) ;
#1791 = ORIENTED_EDGE ( 'NONE', *, *, #763, .F. ) ;
#1792 = ORIENTED_EDGE ( 'NONE', *, *, #3298, .F. ) ;
#1793 = LINE ( 'NONE', #4058, #2386 ) ;
#1794 = CARTESIAN_POINT ( 'NONE',  ( 10.00000000000001243, -3.543224265869489189E-30, 0.000000000000000000 ) ) ;
#1795 = CARTESIAN_POINT ( 'NONE',  ( 15.83221794005226357, 4.653778579181567565, -20.47785010531991290 ) ) ;
#1796 = VERTEX_POINT ( 'NONE', #2096 ) ;
#1797 = ORIENTED_EDGE ( 'NONE', *, *, #4013, .F. ) ;
#1798 = ORIENTED_EDGE ( 'NONE', *, *, #2898, .F. ) ;
#1799 = CARTESIAN_POINT ( 'NONE',  ( 16.16137039704821632, -15.28445531086758713, 13.52349925778109352 ) ) ;
#1800 = CARTESIAN_POINT ( 'NONE',  ( 15.93119001642230970, -11.67479524473258223, -12.47149601324729140 ) ) ;
#1801 = EDGE_CURVE ( 'NONE', #1774, #1891, #2909, .T. ) ;
#1802 = EDGE_CURVE ( 'NONE', #1686, #922, #1656, .T. ) ;
#1803 = VERTEX_POINT ( 'NONE', #3195 ) ;
#1804 = CARTESIAN_POINT ( 'NONE',  ( 17.97821543665478572, 0.000000000000000000, 0.000000000000000000 ) ) ;
#1805 = CARTESIAN_POINT ( 'NONE',  ( 19.99999999999999645, 20.84347464719607856, 2.559211720763678422 ) ) ;
#1806 = B_SPLINE_CURVE_WITH_KNOTS ( 'NONE', 3,
 ( #3473, #4670, #3820, #1199, #1511, #1892, #4232, #2321, #3870, #3044, #2741, #1917, #2650, #777 ),
 .UNSPECIFIED., .F., .F.,
 ( 4, 2, 2, 2, 2, 2, 4 ),
 ( 2.199870357914482276E-07, 0.002394868560576666767, 0.003592192847347103202, 0.004789517134117540070, 0.007184165707658409471, 0.008381489994428836798, 0.009578814281199266728 ),
 .UNSPECIFIED. ) ;
#1807 = CARTESIAN_POINT ( 'NONE',  ( 17.50000000000000000, -3.061616997868382155E-16, 0.000000000000000000 ) ) ;
#1808 = CARTESIAN_POINT ( 'NONE',  ( 29.00000000000000000, -13.92659466430590953, 1.205632815803880931E-13 ) ) ;
#1809 = CARTESIAN_POINT ( 'NONE',  ( 19.01032660687620535, -4.945187212919481823, -9.286804859469109275 ) ) ;
#1810 = CARTESIAN_POINT ( 'NONE',  ( 5.000000000000006217, -2.699999999999996181, 2.168404344971008868E-16 ) ) ;
#1811 = ADVANCED_FACE ( 'NONE', ( #2069 ), #4079, .T. ) ;
#1812 = CARTESIAN_POINT ( 'NONE',  ( 14.02443944494153527, -4.599491850173566654, 9.237443188873259103 ) ) ;
#1813 = CARTESIAN_POINT ( 'NONE',  ( 15.83221794005225469, 8.363572996406345439, 19.26293489627793676 ) ) ;
#1814 = CARTESIAN_POINT ( 'NONE',  ( 19.21657918419602140, 7.177569080642776100, -5.998119099846405788 ) ) ;
#1815 = AXIS2_PLACEMENT_3D ( 'NONE', #2784, #24, #2054 ) ;
#1816 = AXIS2_PLACEMENT_3D ( 'NONE', #892, #3579, #4837 ) ;
#1817 = ORIENTED_EDGE ( 'NONE', *, *, #635, .T. ) ;
#1818 = EDGE_LOOP ( 'NONE', ( #496, #1390, #3156, #3090 ) ) ;
#1819 = AXIS2_PLACEMENT_3D ( 'NONE', #4731, #4370, #1599 ) ;
#1820 = CARTESIAN_POINT ( 'NONE',  ( 14.95638818340800036, 20.32766180064353279, 2.643937909748195647 ) ) ;
#1821 = DIRECTION ( 'NONE',  ( 0.000000000000000000, -1.000000000000000000, 0.000000000000000000 ) ) ;
#1822 = CARTESIAN_POINT ( 'NONE',  ( 15.71430869653329587, 4.287746874860674851, 20.55779558321244949 ) ) ;
#1823 = DIRECTION ( 'NONE',  ( 1.000000000000000000, 1.224646799147353207E-16, -0.000000000000000000 ) ) ;
#1824 = ORIENTED_EDGE ( 'NONE', *, *, #2839, .T. ) ;
#1825 = AXIS2_PLACEMENT_3D ( 'NONE', #117, #3986, #1850 ) ;
#1826 = EDGE_LOOP ( 'NONE', ( #2099, #2775, #422, #2587, #3128, #2915 ) ) ;
#1827 = DIRECTION ( 'NONE',  ( 1.000000000000000000, 1.224646799147353207E-16, -0.000000000000000000 ) ) ;
#1828 = CARTESIAN_POINT ( 'NONE',  ( 15.04390458109206996, -6.756291442639033029, 10.00075422235292422 ) ) ;
#1829 = EDGE_CURVE ( 'NONE', #1128, #660, #268, .T. ) ;
#1830 = VECTOR ( 'NONE', #721, 1000.000000000000000 ) ;
#1831 = CIRCLE ( 'NONE', #3107, 7.800526312268187823 ) ;
#1832 = VERTEX_POINT ( 'NONE', #1631 ) ;
#1833 = ORIENTED_EDGE ( 'NONE', *, *, #2634, .T. ) ;
#1834 = AXIS2_PLACEMENT_3D ( 'NONE', #2292, #3810, #506 ) ;
#1835 = EDGE_CURVE ( 'NONE', #1515, #1902, #3571, .T. ) ;
#1836 = CIRCLE ( 'NONE', #2868, 0.4999999999999933942 ) ;
#1837 = CARTESIAN_POINT ( 'NONE',  ( 13.83221794005226180, 0.000000000000000000, 0.000000000000000000 ) ) ;
#1838 = DIRECTION ( 'NONE',  ( -1.499759782661857608E-32, 1.224646799147353207E-16, 1.000000000000000000 ) ) ;
#1839 = CARTESIAN_POINT ( 'NONE',  ( 18.32625450480175999, 9.627805926979092987, -4.527856411852964946 ) ) ;
#1840 = EDGE_CURVE ( 'NONE', #2337, #2844, #4831, .T. ) ;
#1841 = DIRECTION ( 'NONE',  ( 1.000000000000000000, 1.224646799147353207E-16, -0.000000000000000000 ) ) ;
#1842 = CARTESIAN_POINT ( 'NONE',  ( 15.46262465994942659, 4.357500943738564558, 19.65867873734556426 ) ) ;
#1843 = CARTESIAN_POINT ( 'NONE',  ( 14.57599858709623319, -10.88498112471452473, -2.612879203703004638 ) ) ;
#1844 = EDGE_CURVE ( 'NONE', #3873, #4069, #4556, .T. ) ;
#1845 = CARTESIAN_POINT ( 'NONE',  ( 15.46262465994940527, 8.771214836349685129, 18.35239631612158107 ) ) ;
#1846 = CIRCLE ( 'NONE', #4664, 236.2527857348445934 ) ;
#1847 = CARTESIAN_POINT ( 'NONE',  ( 5.000000000000006217, -2.012461179749810203, -1.799999999999999822 ) ) ;
#1848 = CIRCLE ( 'NONE', #282, 25.00000000000000000 ) ;
#1849 = VERTEX_POINT ( 'NONE', #2797 ) ;
#1850 = DIRECTION ( 'NONE',  ( -1.212044605522343980E-16, 1.000000000000000000, 0.000000000000000000 ) ) ;
#1851 = DIRECTION ( 'NONE',  ( 0.000000000000000000, -0.8935906416409948871, -0.4488827966982417150 ) ) ;
#1852 = CARTESIAN_POINT ( 'NONE',  ( 14.99830906674763575, 8.875453607025502123, 19.03583107651706641 ) ) ;
#1853 = ORIENTED_EDGE ( 'NONE', *, *, #2739, .T. ) ;
#1854 = EDGE_LOOP ( 'NONE', ( #2498, #3936, #1442, #4646 ) ) ;
#1855 = CARTESIAN_POINT ( 'NONE',  ( 0.09999999999999609201, 26.52882011201364776, 0.000000000000000000 ) ) ;
#1856 = DIRECTION ( 'NONE',  ( 1.000000000000000000, 1.224646799147353207E-16, -0.000000000000000000 ) ) ;
#1857 = ORIENTED_EDGE ( 'NONE', *, *, #3733, .F. ) ;
#1858 = FACE_OUTER_BOUND ( 'NONE', #4609, .T. ) ;
#1859 = CARTESIAN_POINT ( 'NONE',  ( 19.40278114366668305, 0.000000000000000000, 0.000000000000000000 ) ) ;
#1860 = CARTESIAN_POINT ( 'NONE',  ( 13.84157607289280811, -9.997948325449879547, 0.7767373908197002796 ) ) ;
#1861 = CARTESIAN_POINT ( 'NONE',  ( 15.48447013105907821, -18.31971025105506001, -10.26603763120190571 ) ) ;
#1862 = VERTEX_POINT ( 'NONE', #3223 ) ;
#1863 = CARTESIAN_POINT ( 'NONE',  ( 17.62072582935174836, -2.913770497378355403E-16, 0.000000000000000000 ) ) ;
#1864 = CARTESIAN_POINT ( 'NONE',  ( 13.83221794005226357, 19.99999999999999645, 0.000000000000000000 ) ) ;
#1865 = DIRECTION ( 'NONE',  ( 1.225619847157527094E-16, -1.000000000000000000, 0.000000000000000000 ) ) ;
#1866 = CARTESIAN_POINT ( 'NONE',  ( 18.86914364109006925, 10.63899956840788796, -3.546004686946463202 ) ) ;
#1867 = EDGE_CURVE ( 'NONE', #2155, #168, #2011, .T. ) ;
#1868 = VERTEX_POINT ( 'NONE', #4162 ) ;
#1869 = CARTESIAN_POINT ( 'NONE',  ( 15.83221794005226002, 20.99999999999999645, 0.000000000000000000 ) ) ;
#1870 = DIRECTION ( 'NONE',  ( 0.8823529411764714503, 0.4705882352941160307, 0.000000000000000000 ) ) ;
#1871 = CARTESIAN_POINT ( 'NONE',  ( 15.20503010338584282, 8.846703834866046279, 18.84733505416537369 ) ) ;
#1872 = FACE_OUTER_BOUND ( 'NONE', #3683, .T. ) ;
#1873 = ORIENTED_EDGE ( 'NONE', *, *, #3226, .F. ) ;
#1874 = TOROIDAL_SURFACE ( 'NONE', #3951, 16.30704420490882001, 10.28806150457966240 ) ;
#1875 = B_SPLINE_CURVE_WITH_KNOTS ( 'NONE', 3,
 ( #4117, #3385, #3434, #4216, #2585, #4944, #734, #4192, #3783, #1468, #2306, #3831, #4557, #1083 ),
 .UNSPECIFIED., .F., .F.,
 ( 4, 2, 2, 2, 2, 2, 4 ),
 ( 2.199870357916777206E-07, 0.002394868560576661129, 0.003592192847347096263, 0.004789517134117530529, 0.007184165707658397328, 0.008381489994428831594, 0.009578814281199264993 ),
 .UNSPECIFIED. ) ;
#1876 = EDGE_LOOP ( 'NONE', ( #2971, #640, #161, #3109 ) ) ;
#1877 = AXIS2_PLACEMENT_3D ( 'NONE', #773, #318, #1888 ) ;
#1878 = LINE ( 'NONE', #2979, #2454 ) ;
#1879 = CARTESIAN_POINT ( 'NONE',  ( 14.99830906674764819, -15.36148519105810806, -14.32345329273137047 ) ) ;
#1880 = ORIENTED_EDGE ( 'NONE', *, *, #377, .F. ) ;
#1881 = CARTESIAN_POINT ( 'NONE',  ( 16.07878658978781417, -17.74704625936829672, 10.49913781503350130 ) ) ;
#1882 = CARTESIAN_POINT ( 'NONE',  ( 2.021784563346538111, -28.42239954983266870, 3.480740063278974331E-15 ) ) ;
#1883 = CARTESIAN_POINT ( 'NONE',  ( 14.80283521913048261, -18.10941867451683862, 9.920501976659672039 ) ) ;
#1884 = CARTESIAN_POINT ( 'NONE',  ( 15.70453756401722956, 7.770565210147982960, -11.79170173876686611 ) ) ;
#1885 = DIRECTION ( 'NONE',  ( 1.000000000000000000, 1.224646799147353207E-16, -0.000000000000000000 ) ) ;
#1886 = DIRECTION ( 'NONE',  ( -1.224646799147353207E-16, 1.000000000000000000, 0.000000000000000000 ) ) ;
#1887 = ADVANCED_FACE ( 'NONE', ( #2151 ), #2865, .F. ) ;
#1888 = DIRECTION ( 'NONE',  ( -8.673617379884036705E-17, 1.000000000000000000, 0.000000000000000000 ) ) ;
#1889 = CARTESIAN_POINT ( 'NONE',  ( 18.44647065895010130, -2.122597359471286360, -9.881552718769082588 ) ) ;
#1890 = CIRCLE ( 'NONE', #1402, 24.66778205994773643 ) ;
#1891 = VERTEX_POINT ( 'NONE', #4877 ) ;
#1892 = CARTESIAN_POINT ( 'NONE',  ( 15.83480435235251704, 1.007867401032727317, 14.81033951578181451 ) ) ;
#1893 = ADVANCED_FACE ( 'NONE', ( #1872 ), #4401, .T. ) ;
#1894 = EDGE_CURVE ( 'NONE', #3328, #3680, #4734, .T. ) ;
#1895 = DIRECTION ( 'NONE',  ( 1.000000000000000000, 1.224646799147353207E-16, -0.000000000000000000 ) ) ;
#1896 = CIRCLE ( 'NONE', #1729, 20.99999999999999645 ) ;
#1897 = VERTEX_POINT ( 'NONE', #2999 ) ;
#1898 = TOROIDAL_SURFACE ( 'NONE', #4716, 26.58148327662222599, 0.4999999999999973910 ) ;
#1899 = ORIENTED_EDGE ( 'NONE', *, *, #210, .T. ) ;
#1900 = CARTESIAN_POINT ( 'NONE',  ( 19.10189779210494265, 9.160430807905353134, -4.033787043513741288 ) ) ;
#1901 = CARTESIAN_POINT ( 'NONE',  ( 16.16137039704821632, -15.28445531086780917, -13.52349925778084128 ) ) ;
#1902 = VERTEX_POINT ( 'NONE', #2579 ) ;
#1903 = AXIS2_PLACEMENT_3D ( 'NONE', #2877, #1939, #705 ) ;
#1904 = AXIS2_PLACEMENT_3D ( 'NONE', #3013, #4569, #5023 ) ;
#1905 = CARTESIAN_POINT ( 'NONE',  ( 15.96918268402514407, -17.89797000229528479, 10.63142226867282858 ) ) ;
#1906 = CARTESIAN_POINT ( 'NONE',  ( 18.42363533702728873, 7.440350902585923798, 6.992148904174783297 ) ) ;
#1907 = CARTESIAN_POINT ( 'NONE',  ( 13.87929551767140168, -10.04052530959391376, 0.9669694485061093303 ) ) ;
#1908 = CARTESIAN_POINT ( 'NONE',  ( 15.04388330914849270, 7.423466633769880474, -9.515972364344998269 ) ) ;
#1909 = CARTESIAN_POINT ( 'NONE',  ( 18.36388945876986512, -1.515048169420231128, -10.36552436929517285 ) ) ;
#1910 = AXIS2_PLACEMENT_3D ( 'NONE', #1486, #2175, #3779 ) ;
#1911 = DIRECTION ( 'NONE',  ( -1.387778780781445676E-16, 1.000000000000000000, 0.000000000000000000 ) ) ;
#1912 = DIRECTION ( 'NONE',  ( -1.000000000000000000, -1.224646799147353207E-16, 0.000000000000000000 ) ) ;
#1913 = DIRECTION ( 'NONE',  ( 1.000000000000000000, 1.224646799147353207E-16, -0.000000000000000000 ) ) ;
#1914 = AXIS2_PLACEMENT_3D ( 'NONE', #2082, #123, #4813 ) ;
#1915 = PRODUCT ( 'Rueda 01', 'Rueda 01', '', ( #427 ) ) ;
#1916 = ORIENTED_EDGE ( 'NONE', *, *, #4933, .T. ) ;
#1917 = CARTESIAN_POINT ( 'NONE',  ( 15.49201212968508301, 3.196045867045176347, 19.04478407117614580 ) ) ;
#1918 = DIRECTION ( 'NONE',  ( -1.235329372478859182E-16, 1.000000000000000000, 0.000000000000000000 ) ) ;
#1919 = PLANE ( 'NONE',  #2567 ) ;
#1920 = DIRECTION ( 'NONE',  ( 0.000000000000000000, 1.000000000000000000, 0.000000000000000000 ) ) ;
#1921 = ORIENTED_EDGE ( 'NONE', *, *, #1045, .T. ) ;
#1922 = VECTOR ( 'NONE', #1705, 1000.000000000000000 ) ;
#1923 = PRODUCT_RELATED_PRODUCT_CATEGORY ( 'detail', '', ( #1915 ) ) ;
#1924 = ORIENTED_EDGE ( 'NONE', *, *, #1696, .T. ) ;
#1925 = CARTESIAN_POINT ( 'NONE',  ( 19.01032660687672760, 7.304129388002203349, -7.572933048166577308 ) ) ;
#1926 = CARTESIAN_POINT ( 'NONE',  ( 19.89650254383110806, 6.866214684500324405E-15, 0.000000000000000000 ) ) ;
#1927 = ADVANCED_FACE ( 'NONE', ( #656 ), #3726, .T. ) ;
#1928 = AXIS2_PLACEMENT_3D ( 'NONE', #4023, #1375, #2853 ) ;
#1929 = EDGE_CURVE ( 'NONE', #2928, #3123, #3812, .T. ) ;
#1930 = CARTESIAN_POINT ( 'NONE',  ( 28.99999999999999645, 2.650113081034001450, 5.275578092813868025 ) ) ;
#1931 = CARTESIAN_POINT ( 'NONE',  ( 19.16245220678158390, 6.813862243948294761, 6.859925822029549813 ) ) ;
#1932 = CARTESIAN_POINT ( 'NONE',  ( 18.32527993299565949, 7.280906069805463510, -7.763549020922936528 ) ) ;
#1933 = CARTESIAN_POINT ( 'NONE',  ( 15.49201212968507768, 8.608587788890732284, -17.28614259408219311 ) ) ;
#1934 = DIRECTION ( 'NONE',  ( 1.000000000000000000, 1.224646799147353207E-16, -0.000000000000000000 ) ) ;
#1935 = DIRECTION ( 'NONE',  ( -1.000000000000000000, -1.224646799147353207E-16, 0.000000000000000000 ) ) ;
#1936 = CARTESIAN_POINT ( 'NONE',  ( 15.19945137117258582, 8.866476931172844189, 19.03644329503981325 ) ) ;
#1937 = DIRECTION ( 'NONE',  ( 0.000000000000000000, -0.7111427899707276623, -0.7030476031341331700 ) ) ;
#1938 = ORIENTED_EDGE ( 'NONE', *, *, #4765, .T. ) ;
#1939 = DIRECTION ( 'NONE',  ( -1.000000000000000000, -1.224646799147353207E-16, 0.000000000000000000 ) ) ;
#1940 = DIRECTION ( 'NONE',  ( -0.8823529411764708952, -0.4705882352941171964, 0.000000000000000000 ) ) ;
#1941 = LINE ( 'NONE', #3560, #1922 ) ;
#1942 = CARTESIAN_POINT ( 'NONE',  ( 18.71744488330175926, 6.721821765502580633E-15, 0.000000000000000000 ) ) ;
#1943 = ORIENTED_EDGE ( 'NONE', *, *, #3489, .T. ) ;
#1944 = EDGE_CURVE ( 'NONE', #1684, #3730, #4812, .T. ) ;
#1945 = VERTEX_POINT ( 'NONE', #196 ) ;
#1946 = CARTESIAN_POINT ( 'NONE',  ( 18.36388945876932510, 9.390023864586915181, -4.644019619747984606 ) ) ;
#1947 = CARTESIAN_POINT ( 'NONE',  ( 14.33221794005226712, 3.186989538156446705E-31, 0.000000000000000000 ) ) ;
#1948 = ORIENTED_EDGE ( 'NONE', *, *, #125, .T. ) ;
#1949 = TOROIDAL_SURFACE ( 'NONE', #5024, 28.42239954983259764, 17.97821543665478217 ) ;
#1950 = CARTESIAN_POINT ( 'NONE',  ( 15.93119001642230614, 16.77566918944760133, 3.227379751608447034 ) ) ;
#1951 = FACE_OUTER_BOUND ( 'NONE', #3644, .T. ) ;
#1952 = CARTESIAN_POINT ( 'NONE',  ( 14.33221794005226712, -5.244893519845084562, -2.710334946299472136 ) ) ;
#1953 = EDGE_CURVE ( 'NONE', #3163, #2928, #1535, .T. ) ;
#1954 = LINE ( 'NONE', #4976, #25 ) ;
#1955 = B_SPLINE_CURVE_WITH_KNOTS ( 'NONE', 3,
 ( #2864, #4331, #2118, #3243, #3162, #4794, #856, #443, #1326, #3542 ),
 .UNSPECIFIED., .F., .F.,
 ( 4, 2, 2, 2, 4 ),
 ( 0.000000000000000000, 0.0002946598545078737605, 0.0005893197090157475211, 0.0008839795635236212274, 0.001178639418031495042 ),
 .UNSPECIFIED. ) ;
#1956 = B_SPLINE_CURVE_WITH_KNOTS ( 'NONE', 3,
 ( #4972, #4410, #3786, #669 ),
 .UNSPECIFIED., .F., .F.,
 ( 4, 4 ),
 ( 3.469446951953614189E-18, 0.0006860111871049769539 ),
 .UNSPECIFIED. ) ;
#1957 = CARTESIAN_POINT ( 'NONE',  ( 18.13424309457172257, 6.571155584542056616, 8.902043477547167072 ) ) ;
#1958 = CARTESIAN_POINT ( 'NONE',  ( 14.33221794005226712, -6.941031157979784700E-16, 0.000000000000000000 ) ) ;
#1959 = LINE ( 'NONE', #3817, #2249 ) ;
#1960 = ORIENTED_EDGE ( 'NONE', *, *, #4143, .T. ) ;
#1961 = DIRECTION ( 'NONE',  ( -8.654148491563312670E-17, 1.000000000000000000, 0.000000000000000000 ) ) ;
#1962 = ORIENTED_EDGE ( 'NONE', *, *, #3547, .F. ) ;
#1963 = CARTESIAN_POINT ( 'NONE',  ( 13.77787315996085660, 8.145285789646424135, 5.676808718917657259 ) ) ;
#1964 = CARTESIAN_POINT ( 'NONE',  ( 3.083313137999873721, 30.00000000000000355, 0.000000000000000000 ) ) ;
#1965 = VERTEX_POINT ( 'NONE', #4527 ) ;
#1966 = VERTEX_POINT ( 'NONE', #1054 ) ;
#1967 = CARTESIAN_POINT ( 'NONE',  ( 18.42363533702729228, 8.949123651233259480, -4.915501370836844686 ) ) ;
#1968 = DIRECTION ( 'NONE',  ( -1.307802961950225559E-16, 1.000000000000000000, 0.000000000000000000 ) ) ;
#1969 = ORIENTED_EDGE ( 'NONE', *, *, #4144, .F. ) ;
#1970 = TOROIDAL_SURFACE ( 'NONE', #3496, 30.00000000000000355, 2.999999999999992450 ) ;
#1971 = CIRCLE ( 'NONE', #4891, 25.19959792024635092 ) ;
#1972 = DIRECTION ( 'NONE',  ( 1.000000000000000000, 1.224646799147353207E-16, -0.000000000000000000 ) ) ;
#1973 = CARTESIAN_POINT ( 'NONE',  ( 19.10123694577279707, 9.165776402253928978, 4.030832869278618169 ) ) ;
#1974 = FACE_BOUND ( 'NONE', #89, .T. ) ;
#1975 = ADVANCED_FACE ( 'NONE', ( #3755 ), #1503, .T. ) ;
#1976 = VECTOR ( 'NONE', #799, 1000.000000000000000 ) ;
#1977 = CARTESIAN_POINT ( 'NONE',  ( 19.18575889817635982, -4.103365004735294086, 8.606508267858894001 ) ) ;
#1978 = DIRECTION ( 'NONE',  ( 0.000000000000000000, -0.4590833271949418259, 0.8883932117545823015 ) ) ;
#1979 = CARTESIAN_POINT ( 'NONE',  ( 18.36323743614929427, -1.511341309551564205, 10.36898995130371581 ) ) ;
#1980 = CIRCLE ( 'NONE', #3991, 2.999999999999992450 ) ;
#1981 = ADVANCED_FACE ( 'NONE', ( #2627 ), #2635, .F. ) ;
#1982 = CARTESIAN_POINT ( 'NONE',  ( 18.92544941639020806, 10.33083756549408960, 3.596622643190110491 ) ) ;
#1983 = AXIS2_PLACEMENT_3D ( 'NONE', #2458, #2028, #4687 ) ;
#1984 = DIRECTION ( 'NONE',  ( 0.000000000000000000, 1.000000000000000000, 0.000000000000000000 ) ) ;
#1985 = CARTESIAN_POINT ( 'NONE',  ( 19.16235334603876339, -9.545081127035924595, -1.545821026307096169 ) ) ;
#1986 = ORIENTED_EDGE ( 'NONE', *, *, #292, .T. ) ;
#1987 = DIRECTION ( 'NONE',  ( 0.000000000000000000, 0.7030476031341463816, 0.7111427899707145617 ) ) ;
#1988 = CARTESIAN_POINT ( 'NONE',  ( 14.70510654246227311, 7.312581296013545895, -8.788959816618802989 ) ) ;
#1989 = AXIS2_PLACEMENT_3D ( 'NONE', #4549, #1513, #4187 ) ;
#1990 = ORIENTED_EDGE ( 'NONE', *, *, #1840, .F. ) ;
#1991 = AXIS2_PLACEMENT_3D ( 'NONE', #4545, #4492, #1382 ) ;
#1992 = EDGE_LOOP ( 'NONE', ( #2745, #4443, #4383, #3929 ) ) ;
#1993 = APPROVAL_PERSON_ORGANIZATION ( #4860, #3698, #4810 ) ;
#1994 = DIRECTION ( 'NONE',  ( -1.069396340127215433E-16, 0.7111427899707265521, 0.7030476031341341692 ) ) ;
#1995 = CARTESIAN_POINT ( 'NONE',  ( -36.17039518766870287, -3.714685179391242542, -3.672399620161244549 ) ) ;
#1996 = CARTESIAN_POINT ( 'NONE',  ( 15.88145966259518715, 1.192957380074296969, -15.16851562718463597 ) ) ;
#1997 = PERSON_AND_ORGANIZATION ( #2229, #3757 ) ;
#1998 = AXIS2_PLACEMENT_3D ( 'NONE', #147, #4483, #176 ) ;
#1999 = ORIENTED_EDGE ( 'NONE', *, *, #3884, .T. ) ;
#2000 = ADVANCED_FACE ( 'NONE', ( #2256 ), #3030, .T. ) ;
#2001 = FACE_OUTER_BOUND ( 'NONE', #350, .T. ) ;
#2002 = CARTESIAN_POINT ( 'NONE',  ( 15.46262465994940172, -17.88332976276362629, -9.691809781751098640 ) ) ;
#2003 = CARTESIAN_POINT ( 'NONE',  ( 18.44663083186856767, -4.088835695883146215, 9.242126891722548976 ) ) ;
#2004 = ADVANCED_FACE ( 'NONE', ( #1388 ), #608, .F. ) ;
#2005 = CARTESIAN_POINT ( 'NONE',  ( 10.00000000000000888, 269.1527857348445991, 0.000000000000000000 ) ) ;
#2006 = DIRECTION ( 'NONE',  ( -1.652117596168388002E-16, 1.000000000000000000, 0.000000000000000000 ) ) ;
#2007 = CARTESIAN_POINT ( 'NONE',  ( 14.32001258001400856, 7.273698799234394663, -7.951903686725255938 ) ) ;
#2008 = DIRECTION ( 'NONE',  ( -1.224646799147353207E-16, 1.000000000000000000, 0.000000000000000000 ) ) ;
#2009 = EDGE_CURVE ( 'NONE', #4432, #3359, #4246, .T. ) ;
#2010 = ORIENTED_EDGE ( 'NONE', *, *, #4037, .T. ) ;
#2011 = B_SPLINE_CURVE_WITH_KNOTS ( 'NONE', 3,
 ( #4776, #1304, #2843, #2475, #2551, #278 ),
 .UNSPECIFIED., .F., .F.,
 ( 4, 2, 4 ),
 ( 3.903127820947815962E-18, 0.0004198938236725386079, 0.0008397876473450733128 ),
 .UNSPECIFIED. ) ;
#2012 = ORIENTED_EDGE ( 'NONE', *, *, #595, .T. ) ;
#2013 = CARTESIAN_POINT ( 'NONE',  ( 18.47699635493043147, -2.573647653698015958, 9.628967595033570248 ) ) ;
#2014 = DIRECTION ( 'NONE',  ( 1.000000000000000000, 1.224646799147353207E-16, -0.000000000000000000 ) ) ;
#2015 = CARTESIAN_POINT ( 'NONE',  ( 15.00197104962199113, -18.36699211836400636, -10.18104122985239002 ) ) ;
#2016 = ORIENTED_EDGE ( 'NONE', *, *, #1430, .T. ) ;
#2017 = EDGE_LOOP ( 'NONE', ( #4501, #4447, #2381, #4283, #2125, #609 ) ) ;
#2018 = EDGE_LOOP ( 'NONE', ( #1661, #3321, #3064, #1001 ) ) ;
#2019 = CARTESIAN_POINT ( 'NONE',  ( 15.49201212968508123, 19.10029848004496245, 2.845541683963436430 ) ) ;
#2020 = DIRECTION ( 'NONE',  ( -1.000000000000000000, 0.000000000000000000, 0.000000000000000000 ) ) ;
#2021 = B_SPLINE_CURVE_WITH_KNOTS ( 'NONE', 3,
 ( #4476, #3310, #2901, #2484, #4452, #1779 ),
 .UNSPECIFIED., .F., .F.,
 ( 4, 2, 4 ),
 ( 2.453269466693398698E-18, 0.0004198938236725316148, 0.0008397876473450608444 ),
 .UNSPECIFIED. ) ;
#2022 = CARTESIAN_POINT ( 'NONE',  ( 15.37116396231835580, 3.374992692107188219, -19.39107228343118194 ) ) ;
#2023 = APPROVAL_STATUS ( 'not_yet_approved' ) ;
#2024 = ORIENTED_EDGE ( 'NONE', *, *, #4879, .F. ) ;
#2025 = AXIS2_PLACEMENT_3D ( 'NONE', #3347, #1354, #4846 ) ;
#2026 = ORIENTED_EDGE ( 'NONE', *, *, #2098, .F. ) ;
#2027 = CARTESIAN_POINT ( 'NONE',  ( 0.7352941176470630946, -2.359246039533870917E-15, 0.000000000000000000 ) ) ;
#2028 = DIRECTION ( 'NONE',  ( 1.000000000000000000, 1.224646799147353207E-16, -0.000000000000000000 ) ) ;
#2029 = EDGE_CURVE ( 'NONE', #4835, #2496, #2553, .T. ) ;
#2030 = CARTESIAN_POINT ( 'NONE',  ( 14.70510654246227134, 10.61850939826812201, 4.238740146298038525 ) ) ;
#2031 = CARTESIAN_POINT ( 'NONE',  ( 18.23912263561923908, -10.73735867773840269, 2.427982503715876206 ) ) ;
#2032 = CARTESIAN_POINT ( 'NONE',  ( 10.00000000000004263, 0.000000000000000000, 0.000000000000000000 ) ) ;
#2033 = CARTESIAN_POINT ( 'NONE',  ( 19.16235911362338840, -9.545059024781121337, 1.546169779989125859 ) ) ;
#2034 = EDGE_CURVE ( 'NONE', #4268, #945, #5038, .T. ) ;
#2035 = CARTESIAN_POINT ( 'NONE',  ( 15.22970941424992297, -5.841921096841585800E-16, 0.000000000000000000 ) ) ;
#2036 = CARTESIAN_POINT ( 'NONE',  ( 13.83221794005226002, 19.49999999999999645, 0.000000000000000000 ) ) ;
#2037 = EDGE_CURVE ( 'NONE', #688, #1945, #2280, .T. ) ;
#2038 = EDGE_LOOP ( 'NONE', ( #2771, #4992, #759, #2371 ) ) ;
#2039 = EDGE_CURVE ( 'NONE', #697, #691, #1831, .T. ) ;
#2040 = DIRECTION ( 'NONE',  ( -1.406468949467021854E-16, 1.000000000000000000, 0.000000000000000000 ) ) ;
#2041 = DIRECTION ( 'NONE',  ( 1.012148567159333944E-16, 0.1620855897317050598, -0.9867767030090066616 ) ) ;
#2042 = CARTESIAN_POINT ( 'NONE',  ( -36.17039518766870287, 0.000000000000000000, 0.000000000000000000 ) ) ;
#2043 = ORIENTED_EDGE ( 'NONE', *, *, #3615, .F. ) ;
#2044 = ORIENTED_EDGE ( 'NONE', *, *, #3795, .F. ) ;
#2045 = ORIENTED_EDGE ( 'NONE', *, *, #2402, .F. ) ;
#2046 = ADVANCED_FACE ( 'NONE', ( #3453 ), #4319, .T. ) ;
#2047 = DIRECTION ( 'NONE',  ( -0.000000000000000000, 0.000000000000000000, -1.000000000000000000 ) ) ;
#2048 = CARTESIAN_POINT ( 'NONE',  ( 14.71846512719366018, 20.55033017008996055, -2.607362934005236443 ) ) ;
#2049 = CIRCLE ( 'NONE', #1172, 20.04499319220071740 ) ;
#2050 = VECTOR ( 'NONE', #3737, 1000.000000000000000 ) ;
#2051 = ORIENTED_EDGE ( 'NONE', *, *, #4921, .T. ) ;
#2052 = AXIS2_PLACEMENT_3D ( 'NONE', #4611, #662, #3804 ) ;
#2053 = AXIS2_PLACEMENT_3D ( 'NONE', #2005, #3538, #461 ) ;
#2054 = DIRECTION ( 'NONE',  ( -1.652117596168388002E-16, 1.000000000000000000, 0.000000000000000000 ) ) ;
#2055 = CYLINDRICAL_SURFACE ( 'NONE', #1709, 22.99999999999999289 ) ;
#2056 = CARTESIAN_POINT ( 'NONE',  ( 14.95638818340801635, 3.767058574559376094, -20.14977696273048480 ) ) ;
#2057 = CARTESIAN_POINT ( 'NONE',  ( 18.48494926851454778, -2.818324976286285644, 9.521825580484700069 ) ) ;
#2058 = AXIS2_PLACEMENT_3D ( 'NONE', #3240, #3968, #1270 ) ;
#2059 = CARTESIAN_POINT ( 'NONE',  ( 19.89969812418834394, 25.19959792024635092, 0.000000000000000000 ) ) ;
#2060 = DIRECTION ( 'NONE',  ( 1.000000000000000000, 1.224646799147353207E-16, -0.000000000000000000 ) ) ;
#2061 = CARTESIAN_POINT ( 'NONE',  ( 14.33221794005226712, 0.9569204807014501935, 5.825729718177735883 ) ) ;
#2062 = CARTESIAN_POINT ( 'NONE',  ( 16.16137039704821632, -17.58476853304786403, -10.35738972735138574 ) ) ;
#2063 = ORIENTED_EDGE ( 'NONE', *, *, #4109, .T. ) ;
#2064 = EDGE_CURVE ( 'NONE', #2845, #52, #2950, .T. ) ;
#2065 = CIRCLE ( 'NONE', #3353, 1.500000000000001332 ) ;
#2066 = VERTEX_POINT ( 'NONE', #3068 ) ;
#2067 = DIRECTION ( 'NONE',  ( 1.000000000000000000, 1.224646799147353207E-16, -0.000000000000000000 ) ) ;
#2068 = DIRECTION ( 'NONE',  ( 1.000000000000000000, 1.224646799147353207E-16, -0.000000000000000000 ) ) ;
#2069 = FACE_OUTER_BOUND ( 'NONE', #3646, .T. ) ;
#2070 = EDGE_LOOP ( 'NONE', ( #887, #3557, #4165, #109 ) ) ;
#2071 =( BOUNDED_SURFACE ( )  B_SPLINE_SURFACE ( 3, 2, ( 
 ( #4623, #2716, #1146 ),
 ( #2687, #2738, #4228 ),
 ( #4257, #4278, #797 ),
 ( #2360, #3888, #410 ),
 ( #1979, #3516, #3015 ),
 ( #1097, #2648, #4181 ),
 ( #703, #2275, #4375 ),
 ( #4711, #3616, #482 ),
 ( #2057, #3995, #3940 ),
 ( #902, #4027, #434 ),
 ( #935, #1678, #127 ),
 ( #2003, #511, #2460 ),
 ( #3537, #3588, #2833 ),
 ( #2786, #2086, #1602 ),
 ( #3966, #1317, #4326 ),
 ( #1706, #2812, #874 ),
 ( #3238, #4789, #459 ),
 ( #2857, #4406, #45 ) ),
 .UNSPECIFIED., .F., .F., .F. ) 
 B_SPLINE_SURFACE_WITH_KNOTS ( ( 4, 2, 2, 2, 2, 2, 2, 2, 4 ),
 ( 3, 3 ),
 ( -2.168404344971008868E-19, 0.0009262581283888542431, 0.001852516256777708703, 0.002778774385166563055, 0.003705032513555417406, 0.004631290641944271758, 0.005557548770333126109, 0.006483806898721980461, 0.007410065027110834812 ),
 ( 0.000000000000000000, 1.000000000000000000 ),
 .UNSPECIFIED. ) 
 GEOMETRIC_REPRESENTATION_ITEM ( )  RATIONAL_B_SPLINE_SURFACE ( (
 ( 1.000000000000000000, 0.7392545563716672596, 1.000000000000000000),
 ( 1.000000000000000000, 0.7431284309178487479, 1.000000000000000000),
 ( 1.000000000000000000, 0.7465470998213574738, 1.000000000000000000),
 ( 1.000000000000000000, 0.7525194806419270854, 1.000000000000000000),
 ( 1.000000000000000000, 0.7550959280701998733, 1.000000000000000000),
 ( 1.000000000000000000, 0.7592164610058080854, 1.000000000000000000),
 ( 1.000000000000000000, 0.7607675855582843871, 1.000000000000000000),
 ( 1.000000000000000000, 0.7628677165821661221, 1.000000000000000000),
 ( 1.000000000000000000, 0.7634050825006525320, 1.000000000000000000),
 ( 1.000000000000000000, 0.7634095904906358365, 1.000000000000000000),
 ( 1.000000000000000000, 0.7628945276065607350, 1.000000000000000000),
 ( 1.000000000000000000, 0.7607967864839896288, 1.000000000000000000),
 ( 1.000000000000000000, 0.7592293590992589269, 1.000000000000000000),
 ( 1.000000000000000000, 0.7551406125378725687, 1.000000000000000000),
 ( 1.000000000000000000, 0.7525859512242094596, 1.000000000000000000),
 ( 1.000000000000000000, 0.7465657539667118758, 1.000000000000000000),
 ( 1.000000000000000000, 0.7431289327727775840, 1.000000000000000000),
 ( 1.000000000000000000, 0.7392545563716670376, 1.000000000000000000) ) ) 
 REPRESENTATION_ITEM ( '' )  SURFACE ( )  );
#2072 = B_SPLINE_CURVE_WITH_KNOTS ( 'NONE', 3,
 ( #3491, #363, #4600, #5046 ),
 .UNSPECIFIED., .F., .F.,
 ( 4, 4 ),
 ( 8.673617379884035472E-19, 0.0006860111871049792307 ),
 .UNSPECIFIED. ) ;
#2073 = CC_DESIGN_PERSON_AND_ORGANIZATION_ASSIGNMENT ( #1997, #3935, ( #1915 ) ) ;
#2074 = ORIENTED_EDGE ( 'NONE', *, *, #2966, .T. ) ;
#2075 = ADVANCED_FACE ( 'NONE', ( #4262, #7 ), #4607, .F. ) ;
#2076 = ORIENTED_EDGE ( 'NONE', *, *, #1430, .F. ) ;
#2077 = DIRECTION ( 'NONE',  ( 1.000000000000000000, 1.224646799147353207E-16, -0.000000000000000000 ) ) ;
#2078 = DIRECTION ( 'NONE',  ( -1.000000000000000000, 0.000000000000000000, 0.000000000000000000 ) ) ;
#2079 = CIRCLE ( 'NONE', #4913, 0.7500000000000003331 ) ;
#2080 = EDGE_CURVE ( 'NONE', #246, #2143, #755, .T. ) ;
#2081 = CONICAL_SURFACE ( 'NONE', #4915, 4.000000000000000888, 1.003279565541155716 ) ;
#2082 = CARTESIAN_POINT ( 'NONE',  ( 15.46262465994939994, -17.34997267028541401, 10.21909548410200763 ) ) ;
#2083 = CARTESIAN_POINT ( 'NONE',  ( 18.13424309457171191, 6.571155584542035299, -8.902043477547186612 ) ) ;
#2084 = CARTESIAN_POINT ( 'NONE',  ( 0.5000000000000073275, -2.388061258337338150E-15, 0.000000000000000000 ) ) ;
#2085 = DIRECTION ( 'NONE',  ( -1.000000000000000000, -1.224646799147353207E-16, 0.000000000000000000 ) ) ;
#2086 = CARTESIAN_POINT ( 'NONE',  ( 19.01091110140517415, -4.939955625823048813, 9.286065815888569830 ) ) ;
#2087 = CARTESIAN_POINT ( 'NONE',  ( 18.13424309457172257, 7.312581296013566323, 8.788959816618781673 ) ) ;
#2088 = CARTESIAN_POINT ( 'NONE',  ( -4.999999999999993783, -2.012461179749811091, 1.800000000000000711 ) ) ;
#2089 = CARTESIAN_POINT ( 'NONE',  ( 10.00000000000007461, -269.1527857348445991, 3.296170975317707948E-14 ) ) ;
#2090 = B_SPLINE_CURVE_WITH_KNOTS ( 'NONE', 3,
 ( #1040, #3636, #3713, #4097 ),
 .UNSPECIFIED., .F., .F.,
 ( 4, 4 ),
 ( 0.000000000000000000, 0.0006860111871049744603 ),
 .UNSPECIFIED. ) ;
#2091 = ORIENTED_EDGE ( 'NONE', *, *, #4011, .T. ) ;
#2092 = FACE_OUTER_BOUND ( 'NONE', #3703, .T. ) ;
#2093 = ORIENTED_EDGE ( 'NONE', *, *, #4697, .T. ) ;
#2094 = CARTESIAN_POINT ( 'NONE',  ( 18.48501606016042587, -3.313982500275925780, 9.360544591344551080 ) ) ;
#2095 = FACE_OUTER_BOUND ( 'NONE', #2283, .T. ) ;
#2096 = CARTESIAN_POINT ( 'NONE',  ( 15.46262465994939994, 8.771214836349640720, -18.35239631612159883 ) ) ;
#2097 = ORIENTED_EDGE ( 'NONE', *, *, #1742, .F. ) ;
#2098 = EDGE_CURVE ( 'NONE', #3499, #776, #3850, .T. ) ;
#2099 = ORIENTED_EDGE ( 'NONE', *, *, #815, .F. ) ;
#2100 = VERTEX_POINT ( 'NONE', #1588 ) ;
#2101 = CARTESIAN_POINT ( 'NONE',  ( 14.33221794005226535, 20.75524945259014231, 2.573703380987609979 ) ) ;
#2102 = CARTESIAN_POINT ( 'NONE',  ( 14.57515554931855384, -5.847004605854547954, -9.543986660924964838 ) ) ;
#2103 = CARTESIAN_POINT ( 'NONE',  ( 15.95992883363979153, -10.96181954176472040, -12.11334261211230867 ) ) ;
#2104 = VERTEX_POINT ( 'NONE', #1201 ) ;
#2105 = VERTEX_POINT ( 'NONE', #4628 ) ;
#2106 = EDGE_CURVE ( 'NONE', #3325, #500, #2065, .T. ) ;
#2107 = EDGE_CURVE ( 'NONE', #4258, #3654, #108, .T. ) ;
#2108 = B_SPLINE_CURVE_WITH_KNOTS ( 'NONE', 3,
 ( #3507, #3174, #1189, #1229, #378, #2776, #3129, #4315, #1950, #1256, #839, #2019, #2802, #1210 ),
 .UNSPECIFIED., .F., .F.,
 ( 4, 2, 2, 2, 2, 2, 4 ),
 ( 2.199870357906664427E-07, 0.002394868560576664598, 0.003592192847347097998, 0.004789517134117531397, 0.007184165707658394726, 0.008381489994428831594, 0.009578814281199268463 ),
 .UNSPECIFIED. ) ;
#2109 = DIRECTION ( 'NONE',  ( 1.000000000000000000, 1.224646799147353207E-16, -0.000000000000000000 ) ) ;
#2110 = CARTESIAN_POINT ( 'NONE',  ( 7.418031413246565009, 22.99999999999999289, 0.000000000000000000 ) ) ;
#2111 = CYLINDRICAL_SURFACE ( 'NONE', #938, 2.700000000000002398 ) ;
#2112 = CARTESIAN_POINT ( 'NONE',  ( 18.13424309457171901, -11.08202350442300244, 2.812190412536657469 ) ) ;
#2113 = AXIS2_PLACEMENT_3D ( 'NONE', #2035, #75, #1653 ) ;
#2114 = CIRCLE ( 'NONE', #551, 20.91421356237308871 ) ;
#2115 = CARTESIAN_POINT ( 'NONE',  ( 15.71329586650380605, -18.51604928249329873, 10.33181470108364763 ) ) ;
#2116 = DIRECTION ( 'NONE',  ( 1.000000000000000000, 1.224646799147353207E-16, 0.000000000000000000 ) ) ;
#2117 = VERTEX_POINT ( 'NONE', #2325 ) ;
#2118 = CARTESIAN_POINT ( 'NONE',  ( 15.19930687606360031, -18.36246351540813393, 10.18923518170863929 ) ) ;
#2119 = EDGE_LOOP ( 'NONE', ( #4959, #4334, #3259, #2718 ) ) ;
#2120 = VERTEX_POINT ( 'NONE', #1221 ) ;
#2121 = CYLINDRICAL_SURFACE ( 'NONE', #895, 25.00000000000000000 ) ;
#2122 = CARTESIAN_POINT ( 'NONE',  ( 14.02443944494153349, 9.150699947588783800, -4.769735046800056111 ) ) ;
#2123 = CARTESIAN_POINT ( 'NONE',  ( -36.17039518766870287, 5.836302901449458957, -0.8901640288046849259 ) ) ;
#2124 = ORIENTED_EDGE ( 'NONE', *, *, #3518, .T. ) ;
#2125 = ORIENTED_EDGE ( 'NONE', *, *, #4021, .T. ) ;
#2126 = ORIENTED_EDGE ( 'NONE', *, *, #3137, .T. ) ;
#2127 = CARTESIAN_POINT ( 'NONE',  ( 14.95638818340801102, 20.32766180064351147, -2.643937909748248494 ) ) ;
#2128 = CARTESIAN_POINT ( 'NONE',  ( 15.00197104962198758, 20.84347464719607856, 2.559211720763678422 ) ) ;
#2129 = CALENDAR_DATE ( 2026, 16, 9 ) ;
#2130 = ORIENTED_EDGE ( 'NONE', *, *, #4552, .F. ) ;
#2131 = ORIENTED_EDGE ( 'NONE', *, *, #3293, .T. ) ;
#2132 = CARTESIAN_POINT ( 'NONE',  ( 15.19609989511502768, 3.913775728619300676, 20.43369605975119896 ) ) ;
#2133 = CARTESIAN_POINT ( 'NONE',  ( 15.49806240675994928, 4.800544212269505451, -20.81779562155258034 ) ) ;
#2134 = AXIS2_PLACEMENT_3D ( 'NONE', #1319, #3807, #3239 ) ;
#2135 = FACE_OUTER_BOUND ( 'NONE', #344, .T. ) ;
#2136 = FACE_OUTER_BOUND ( 'NONE', #3952, .T. ) ;
#2137 = CARTESIAN_POINT ( 'NONE',  ( 19.16245220678155192, -9.544693582693447809, -1.544708832028264478 ) ) ;
#2138 = CIRCLE ( 'NONE', #4479, 26.52882011201362999 ) ;
#2139 = CIRCLE ( 'NONE', #2939, 55.92698714025925710 ) ;
#2140 = PLANE ( 'NONE',  #3148 ) ;
#2141 = VERTEX_POINT ( 'NONE', #3800 ) ;
#2142 = DIRECTION ( 'NONE',  ( -1.000000000000000000, -1.224646799147353207E-16, 0.000000000000000000 ) ) ;
#2143 = VERTEX_POINT ( 'NONE', #2763 ) ;
#2144 = AXIS2_PLACEMENT_3D ( 'NONE', #1046, #1735, #4542 ) ;
#2145 = ADVANCED_FACE ( 'NONE', ( #708 ), #3361, .F. ) ;
#2146 = ORIENTED_EDGE ( 'NONE', *, *, #4223, .F. ) ;
#2147 = AXIS2_PLACEMENT_3D ( 'NONE', #1144, #2293, #1886 ) ;
#2148 = ORIENTED_EDGE ( 'NONE', *, *, #3634, .T. ) ;
#2149 = SPHERICAL_SURFACE ( 'NONE', #4359, 56.17039518766869577 ) ;
#2150 = CARTESIAN_POINT ( 'NONE',  ( 5.000000000000006217, 2.012461179749811979, 1.800000000000000266 ) ) ;
#2151 = FACE_OUTER_BOUND ( 'NONE', #1633, .T. ) ;
#2152 = ORIENTED_EDGE ( 'NONE', *, *, #1522, .F. ) ;
#2153 = ORIENTED_EDGE ( 'NONE', *, *, #4961, .F. ) ;
#2154 = AXIS2_PLACEMENT_3D ( 'NONE', #2042, #2525, #2501 ) ;
#2155 = VERTEX_POINT ( 'NONE', #3428 ) ;
#2156 = CARTESIAN_POINT ( 'NONE',  ( 18.32568745337549743, 7.281157160863286570, -7.760918963092861667 ) ) ;
#2157 = CARTESIAN_POINT ( 'NONE',  ( 13.77787315996086370, -3.252930182799636860, -9.380313590281865288 ) ) ;
#2158 = AXIS2_PLACEMENT_3D ( 'NONE', #2885, #644, #2210 ) ;
#2159 = VERTEX_POINT ( 'NONE', #880 ) ;
#2160 = VECTOR ( 'NONE', #3531, 1000.000000000000000 ) ;
#2161 = CARTESIAN_POINT ( 'NONE',  ( 19.63807526131374459, -26.14030680603399048, 3.201264305873929980E-15 ) ) ;
#2162 = LINE ( 'NONE', #1782, #827 ) ;
#2163 = CYLINDRICAL_SURFACE ( 'NONE', #2637, 4.000000000000001776 ) ;
#2164 = CARTESIAN_POINT ( 'NONE',  ( 18.18979366851112900, -5.867238972798525687, -9.554151112968535031 ) ) ;
#2165 = CARTESIAN_POINT ( 'NONE',  ( 18.36388945877039802, -10.32637512788180523, -1.762226751691460036 ) ) ;
#2166 = CIRCLE ( 'NONE', #766, 20.99999999999999645 ) ;
#2167 = CARTESIAN_POINT ( 'NONE',  ( 14.80283521913048084, 3.838839921144451051, 20.28868434023446810 ) ) ;
#2168 = FACE_OUTER_BOUND ( 'NONE', #1436, .T. ) ;
#2169 = DIRECTION ( 'NONE',  ( 1.000000000000000000, 1.224646799147353207E-16, -0.000000000000000000 ) ) ;
#2170 = CIRCLE ( 'NONE', #4834, 0.7499999999999996669 ) ;
#2171 = ORIENTED_EDGE ( 'NONE', *, *, #2349, .F. ) ;
#2172 = EDGE_CURVE ( 'NONE', #3499, #2100, #1178, .T. ) ;
#2173 = CARTESIAN_POINT ( 'NONE',  ( 15.42014407859631575, 21.29810163725017347, -2.484535774760779248 ) ) ;
#2174 = LINE ( 'NONE', #1276, #2725 ) ;
#2175 = DIRECTION ( 'NONE',  ( 1.000000000000000000, 1.224646799147353207E-16, -0.000000000000000000 ) ) ;
#2176 = EDGE_LOOP ( 'NONE', ( #3281, #2396, #2287, #4950 ) ) ;
#2177 = ORIENTED_EDGE ( 'NONE', *, *, #1318, .T. ) ;
#2178 = VERTEX_POINT ( 'NONE', #3189 ) ;
#2179 = DIRECTION ( 'NONE',  ( -1.000000000000000000, -1.224646799147353207E-16, 0.000000000000000000 ) ) ;
#2180 = CARTESIAN_POINT ( 'NONE',  ( 14.15900358777833645, -4.964483519968382552, -9.283358109796248314 ) ) ;
#2181 = APPROVAL_DATE_TIME ( #1373, #3698 ) ;
#2182 = ORIENTED_EDGE ( 'NONE', *, *, #4144, .T. ) ;
#2183 = DIRECTION ( 'NONE',  ( -0.000000000000000000, 0.000000000000000000, -1.000000000000000000 ) ) ;
#2184 = DIRECTION ( 'NONE',  ( 1.773069654002055278E-14, -0.8935906416409949982, -0.4488827966982416595 ) ) ;
#2185 = CARTESIAN_POINT ( 'NONE',  ( 18.86914364109006925, -0.08481919454785216694, -11.21406557679531701 ) ) ;
#2186 = CARTESIAN_POINT ( 'NONE',  ( -4.999999999999994671, 4.000000000000000000, 0.000000000000000000 ) ) ;
#2187 = DIRECTION ( 'NONE',  ( 0.000000000000000000, 1.000000000000000000, 0.000000000000000000 ) ) ;
#2188 = CARTESIAN_POINT ( 'NONE',  ( 19.01091110140571061, -10.35810364478362189, -1.828624840153946218 ) ) ;
#2189 = CARTESIAN_POINT ( 'NONE',  ( 15.42014407859632996, -18.69089965965759603, 10.50867837928803716 ) ) ;
#2190 = CARTESIAN_POINT ( 'NONE',  ( 2.499999999999999112, 24.99999999999999645, 0.000000000000000000 ) ) ;
#2191 = FACE_OUTER_BOUND ( 'NONE', #1202, .T. ) ;
#2192 = AXIS2_PLACEMENT_3D ( 'NONE', #2294, #5025, #1555 ) ;
#2193 = ORIENTED_EDGE ( 'NONE', *, *, #4045, .F. ) ;
#2194 = DIRECTION ( 'NONE',  ( 1.000000000000000000, 1.224646799147353207E-16, -0.000000000000000000 ) ) ;
#2195 = LINE ( 'NONE', #1073, #876 ) ;
#2196 = DIRECTION ( 'NONE',  ( -1.846500578557450822E-17, 0.1507782145711773214, -0.9885676152953465357 ) ) ;
#2197 = CARTESIAN_POINT ( 'NONE',  ( 15.46262465994940527, 3.691206034922299040, -20.00299123274184154 ) ) ;
#2198 = ORIENTED_EDGE ( 'NONE', *, *, #3858, .T. ) ;
#2199 = ORIENTED_EDGE ( 'NONE', *, *, #1517, .F. ) ;
#2200 = EDGE_CURVE ( 'NONE', #3391, #2772, #1582, .T. ) ;
#2201 = ADVANCED_FACE ( 'NONE', ( #2792 ), #416, .F. ) ;
#2202 = EDGE_LOOP ( 'NONE', ( #1301, #449, #979, #4883, #4802, #1024 ) ) ;
#2203 = CARTESIAN_POINT ( 'NONE',  ( 14.70510654245038040, -6.099085611834868637, 9.670616038725553310 ) ) ;
#2204 = CARTESIAN_POINT ( 'NONE',  ( 0.5000000000000034417, -3.469446951953614189E-15, 0.000000000000000000 ) ) ;
#2205 = EDGE_LOOP ( 'NONE', ( #4906, #86 ) ) ;
#2206 = ADVANCED_FACE ( 'NONE', ( #3218 ), #306, .T. ) ;
#2207 = CARTESIAN_POINT ( 'NONE',  ( 15.83221794005226712, -15.80156424917880997, 13.83150632718916562 ) ) ;
#2208 = CARTESIAN_POINT ( 'NONE',  ( 15.46262465994939994, 3.691206034922628998, 20.00299123274177049 ) ) ;
#2209 = CARTESIAN_POINT ( 'NONE',  ( 16.01996565806100037, 4.561437009999618653, -20.26398116540575955 ) ) ;
#2210 = DIRECTION ( 'NONE',  ( -1.652117596168388002E-16, 1.000000000000000000, 0.000000000000000000 ) ) ;
#2211 = CARTESIAN_POINT ( 'NONE',  ( 19.08471170869487565, -4.136349234632592520, -9.239063586718796017 ) ) ;
#2212 = CARTESIAN_POINT ( 'NONE',  ( 18.86914364109006925, -10.69142071353684464, -3.384668991583173359 ) ) ;
#2213 = CARTESIAN_POINT ( 'NONE',  ( 14.44494051783086874, -10.71020833087723823, -2.394553003683394188 ) ) ;
#2214 = DIRECTION ( 'NONE',  ( -1.224646799147353207E-16, 1.000000000000000000, 0.000000000000000000 ) ) ;
#2215 = LINE ( 'NONE', #989, #3117 ) ;
#2216 = AXIS2_PLACEMENT_3D ( 'NONE', #3052, #2658, #2678 ) ;
#2217 = CIRCLE ( 'NONE', #3497, 55.92698714025925000 ) ;
#2218 = ORIENTED_EDGE ( 'NONE', *, *, #3406, .F. ) ;
#2219 = ORIENTED_EDGE ( 'NONE', *, *, #2715, .F. ) ;
#2220 = AXIS2_PLACEMENT_3D ( 'NONE', #3248, #1387, #4389 ) ;
#2221 = DIRECTION ( 'NONE',  ( -1.224646799147353207E-16, 1.000000000000000000, 0.000000000000000000 ) ) ;
#2222 = CARTESIAN_POINT ( 'NONE',  ( 15.71329586650259458, 21.05268684893893649, -2.524847023062036566 ) ) ;
#2223 = CARTESIAN_POINT ( 'NONE',  ( 15.46262465994942481, 8.771214836349685129, 18.35239631612158817 ) ) ;
#2224 = CARTESIAN_POINT ( 'NONE',  ( 15.83221794005225469, 4.556196360113969668, -20.50002655638630955 ) ) ;
#2225 = ORIENTED_EDGE ( 'NONE', *, *, #87, .T. ) ;
#2226 = CIRCLE ( 'NONE', #1903, 7.608617427108381293 ) ;
#2227 = ORIENTED_EDGE ( 'NONE', *, *, #2034, .F. ) ;
#2228 = CARTESIAN_POINT ( 'NONE',  ( 18.86914364109005859, 6.660082534119310615, -9.022514155996010032 ) ) ;
#2229 = PERSON ( 'UNSPECIFIED', 'UNSPECIFIED', 'UNSPECIFIED', ('UNSPECIFIED'), ('UNSPECIFIED'), ('UNSPECIFIED') ) ;
#2230 = LINE ( 'NONE', #1131, #3892 ) ;
#2231 = CC_DESIGN_PERSON_AND_ORGANIZATION_ASSIGNMENT ( #2954, #1005, ( #421 ) ) ;
#2232 = CIRCLE ( 'NONE', #4240, 6.869842638148169200 ) ;
#2233 = AXIS2_PLACEMENT_3D ( 'NONE', #4282, #3826, #3524 ) ;
#2234 = ORIENTED_EDGE ( 'NONE', *, *, #3226, .T. ) ;
#2235 = ORIENTED_EDGE ( 'NONE', *, *, #2478, .F. ) ;
#2236 = CC_DESIGN_APPROVAL ( #1078, ( #421 ) ) ;
#2237 = AXIS2_PLACEMENT_3D ( 'NONE', #3289, #1377, #4485 ) ;
#2238 = CARTESIAN_POINT ( 'NONE',  ( 16.16137039704821632, -15.28445531086758180, 13.52349925778109707 ) ) ;
#2239 = CARTESIAN_POINT ( 'NONE',  ( 14.70510654245037863, 7.312581296013566323, 8.788959816618781673 ) ) ;
#2240 = CARTESIAN_POINT ( 'NONE',  ( 18.13424309457171901, 7.312581296013546783, -8.788959816618802989 ) ) ;
#2241 = EDGE_CURVE ( 'NONE', #2575, #2840, #1094, .T. ) ;
#2242 = CARTESIAN_POINT ( 'NONE',  ( 15.48362915461092726, 20.85513205487918142, 2.463080277862231604 ) ) ;
#2243 = ORIENTED_EDGE ( 'NONE', *, *, #881, .T. ) ;
#2244 = CARTESIAN_POINT ( 'NONE',  ( 18.97571454886831077, -0.3971203785825952459, -10.67530004886319261 ) ) ;
#2245 =( BOUNDED_SURFACE ( )  B_SPLINE_SURFACE ( 3, 2, ( 
 ( #2947, #2895, #1052 ),
 ( #1438, #217, #276 ),
 ( #4829, #2222, #4444 ),
 ( #1361, #2173, #2974 ) ),
 .UNSPECIFIED., .F., .F., .F. ) 
 B_SPLINE_SURFACE_WITH_KNOTS ( ( 4, 4 ),
 ( 3, 3 ),
 ( 0.000000000000000000, 0.0008361757575728967582 ),
 ( 0.000000000000000000, 1.000000000000000000 ),
 .UNSPECIFIED. ) 
 GEOMETRIC_REPRESENTATION_ITEM ( )  RATIONAL_B_SPLINE_SURFACE ( (
 ( 1.000000000000000000, 0.7392545563716668156, 1.000000000000000000),
 ( 1.000000000000000000, 0.7514166459590069236, 1.000000000000000000),
 ( 1.000000000000000000, 0.7616871162901370784, 1.000000000000000000),
 ( 1.000000000000000000, 0.7696469335709795745, 1.000000000000000000) ) ) 
 REPRESENTATION_ITEM ( '' )  SURFACE ( )  );
#2246 = DIRECTION ( 'NONE',  ( 1.000000000000000000, 1.224646799147353207E-16, -0.000000000000000000 ) ) ;
#2247 = AXIS2_PLACEMENT_3D ( 'NONE', #1794, #195, #4853 ) ;
#2248 = CARTESIAN_POINT ( 'NONE',  ( 15.80786333825919954, 8.454013453876937589, 19.22335175862303913 ) ) ;
#2249 = VECTOR ( 'NONE', #1913, 1000.000000000000000 ) ;
#2250 = DIRECTION ( 'NONE',  ( 1.223549682321994908E-16, -1.000000000000000000, 0.000000000000000000 ) ) ;
#2251 = AXIS2_PLACEMENT_3D ( 'NONE', #4617, #1934, #3080 ) ;
#2252 = VERTEX_POINT ( 'NONE', #3945 ) ;
#2253 = LINE ( 'NONE', #3628, #413 ) ;
#2254 = CARTESIAN_POINT ( 'NONE',  ( -36.17039518766870287, 0.000000000000000000, 0.000000000000000000 ) ) ;
#2255 = DIRECTION ( 'NONE',  ( 1.094332919033673980E-16, -0.8935906416409949982, -0.4488827966982416595 ) ) ;
#2256 = FACE_OUTER_BOUND ( 'NONE', #1818, .T. ) ;
#2257 = ORIENTED_EDGE ( 'NONE', *, *, #1829, .T. ) ;
#2258 = ORIENTED_EDGE ( 'NONE', *, *, #4294, .T. ) ;
#2259 = CARTESIAN_POINT ( 'NONE',  ( 19.32921422716058046, -8.654862814641548496, 1.779606812017985794E-15 ) ) ;
#2260 = ADVANCED_FACE ( 'NONE', ( #2092 ), #3908, .T. ) ;
#2261 = CARTESIAN_POINT ( 'NONE',  ( 18.13424309457171546, 10.49694520596933245, -3.498657619041309008 ) ) ;
#2262 = ORIENTED_EDGE ( 'NONE', *, *, #3062, .F. ) ;
#2263 = EDGE_CURVE ( 'NONE', #4507, #107, #4576, .T. ) ;
#2264 = DIRECTION ( 'NONE',  ( -1.337428530231552063E-16, 1.000000000000000000, 0.000000000000000000 ) ) ;
#2265 = CARTESIAN_POINT ( 'NONE',  ( 15.93116551049795326, 8.253447679255947023, 14.95768942678663826 ) ) ;
#2266 = CARTESIAN_POINT ( 'NONE',  ( 15.19102690686196411, -17.73889651796353562, 9.545713471610161704 ) ) ;
#2267 = CARTESIAN_POINT ( 'NONE',  ( 15.31671999583007171, 7.537029531006999683, -10.26054015768978722 ) ) ;
#2268 = ORIENTED_EDGE ( 'NONE', *, *, #1022, .F. ) ;
#2269 = DIRECTION ( 'NONE',  ( 0.000000000000000000, -1.000000000000000000, 0.000000000000000000 ) ) ;
#2270 = ADVANCED_FACE ( 'NONE', ( #1272 ), #3923, .T. ) ;
#2271 = EDGE_CURVE ( 'NONE', #2844, #4010, #1955, .T. ) ;
#2272 = DIRECTION ( 'NONE',  ( 1.000000000000000000, 1.224646799147353207E-16, -0.000000000000000000 ) ) ;
#2273 = CARTESIAN_POINT ( 'NONE',  ( 15.83221794005226002, 20.91368945140510505, -1.901997247681173731 ) ) ;
#2274 =( BOUNDED_SURFACE ( )  B_SPLINE_SURFACE ( 3, 2, ( 
 ( #4531, #582, #2228 ),
 ( #4475, #3759, #4091 ),
 ( #4968, #1492, #1108 ),
 ( #2156, #3685, #201 ),
 ( #3877, #1925, #4610 ),
 ( #35, #1543, #785 ),
 ( #3502, #2305, #3433 ),
 ( #4656, #1610, #11 ),
 ( #1129, #2677, #4214 ),
 ( #3803, #733, #3830 ),
 ( #3146, #1156, #2346 ),
 ( #4242, #374, #353 ),
 ( #1967, #1591, #1185 ),
 ( #1946, #3458, #1900 ),
 ( #4286, #5015, #3480 ),
 ( #3527, #4266, #2746 ),
 ( #761, #3072, #2367 ),
 ( #4993, #3126, #1519 ) ),
 .UNSPECIFIED., .F., .F., .F. ) 
 B_SPLINE_SURFACE_WITH_KNOTS ( ( 4, 2, 2, 2, 2, 2, 2, 2, 4 ),
 ( 3, 3 ),
 ( 0.000000000000000000, 0.0009262581283888547852, 0.001852516256777709570, 0.002778774385166564356, 0.003705032513555419141, 0.004631290641944273492, 0.005557548770333128711, 0.006483806898721983930, 0.007410065027110838282 ),
 ( 0.000000000000000000, 1.000000000000000000 ),
 .UNSPECIFIED. ) 
 GEOMETRIC_REPRESENTATION_ITEM ( )  RATIONAL_B_SPLINE_SURFACE ( (
 ( 1.000000000000000000, 0.7392545563716667045, 1.000000000000000000),
 ( 1.000000000000000000, 0.7431284309178100012, 1.000000000000000000),
 ( 1.000000000000000000, 0.7465470998214088771, 1.000000000000000000),
 ( 1.000000000000000000, 0.7525194806418756821, 1.000000000000000000),
 ( 1.000000000000000000, 0.7550959280701309284, 1.000000000000000000),
 ( 1.000000000000000000, 0.7592164610058770302, 1.000000000000000000),
 ( 1.000000000000000000, 0.7607675855583017066, 1.000000000000000000),
 ( 1.000000000000000000, 0.7628677165821490247, 1.000000000000000000),
 ( 1.000000000000000000, 0.7634050825006184482, 1.000000000000000000),
 ( 1.000000000000000000, 0.7634095904906705865, 1.000000000000000000),
 ( 1.000000000000000000, 0.7628945276065605130, 1.000000000000000000),
 ( 1.000000000000000000, 0.7607967864839894068, 1.000000000000000000),
 ( 1.000000000000000000, 0.7592293590992076346, 1.000000000000000000),
 ( 1.000000000000000000, 0.7551406125379240830, 1.000000000000000000),
 ( 1.000000000000000000, 0.7525859512241750426, 1.000000000000000000),
 ( 1.000000000000000000, 0.7465657539667467368, 1.000000000000000000),
 ( 1.000000000000000000, 0.7431289327727513827, 1.000000000000000000),
 ( 1.000000000000000000, 0.7392545563716669266, 1.000000000000000000) ) ) 
 REPRESENTATION_ITEM ( '' )  SURFACE ( )  );
#2275 = CARTESIAN_POINT ( 'NONE',  ( 19.08471170869487565, -2.084208495778040238, 9.905844532214867826 ) ) ;
#2276 = EDGE_LOOP ( 'NONE', ( #82, #4705, #519, #1962 ) ) ;
#2277 = CARTESIAN_POINT ( 'NONE',  ( 15.83221794005226357, 4.653778579181567565, -20.47785010531991290 ) ) ;
#2278 = CARTESIAN_POINT ( 'NONE',  ( 15.00197104962198047, 8.874942871418129542, -19.03248247152915695 ) ) ;
#2279 = DIRECTION ( 'NONE',  ( 0.000000000000000000, -0.7111427899707161160, 0.7030476031341447163 ) ) ;
#2280 = LINE ( 'NONE', #2364, #588 ) ;
#2281 = ORIENTED_EDGE ( 'NONE', *, *, #430, .F. ) ;
#2282 = AXIS2_PLACEMENT_3D ( 'NONE', #1026, #2577, #1851 ) ;
#2283 = EDGE_LOOP ( 'NONE', ( #1416, #2891, #2199, #4533, #888, #1664 ) ) ;
#2284 = CARTESIAN_POINT ( 'NONE',  ( 15.14241462648021042, -14.64777795790725001, -13.96493241761097792 ) ) ;
#2285 = DIRECTION ( 'NONE',  ( 1.000000000000000000, 1.224646799147353207E-16, -0.000000000000000000 ) ) ;
#2286 = ORIENTED_EDGE ( 'NONE', *, *, #4387, .F. ) ;
#2287 = ORIENTED_EDGE ( 'NONE', *, *, #2009, .T. ) ;
#2288 = DIRECTION ( 'NONE',  ( -1.000000000000000000, -1.224646799147353207E-16, 0.000000000000000000 ) ) ;
#2289 = DIRECTION ( 'NONE',  ( -1.214306433183764966E-16, 1.000000000000000000, 0.000000000000000000 ) ) ;
#2290 = CARTESIAN_POINT ( 'NONE',  ( 19.22466309467785450, -2.577988251267095521, -8.941642330842810793 ) ) ;
#2291 = CARTESIAN_POINT ( 'NONE',  ( 15.83221794005619465, 20.90460653044758743, 2.001869836060966801 ) ) ;
#2292 = CARTESIAN_POINT ( 'NONE',  ( 17.97821543665478572, -28.42239954983259764, 3.480740063278966048E-15 ) ) ;
#2293 = DIRECTION ( 'NONE',  ( 1.000000000000000000, 1.224646799147353207E-16, -0.000000000000000000 ) ) ;
#2294 = CARTESIAN_POINT ( 'NONE',  ( 0.7352941176470630946, -2.359246039533870917E-15, 0.000000000000000000 ) ) ;
#2295 = CARTESIAN_POINT ( 'NONE',  ( 18.36286942986333415, -4.874779903889971955, -9.277418575161384240 ) ) ;
#2296 = VERTEX_POINT ( 'NONE', #4414 ) ;
#2297 = DIRECTION ( 'NONE',  ( 8.260587980841940012E-17, -1.000000000000000000, 0.000000000000000000 ) ) ;
#2298 = CARTESIAN_POINT ( 'NONE',  ( 15.83221794005226357, 4.653778579181904185, 20.47785010531983119 ) ) ;
#2299 = CARTESIAN_POINT ( 'NONE',  ( 19.22462960354532413, -9.300780823117367646, -0.3131569457109917853 ) ) ;
#2300 = ORIENTED_EDGE ( 'NONE', *, *, #1196, .T. ) ;
#2301 = EDGE_CURVE ( 'NONE', #1699, #216, #3367, .T. ) ;
#2302 = AXIS2_PLACEMENT_3D ( 'NONE', #807, #1659, #1630 ) ;
#2303 = CONICAL_SURFACE ( 'NONE', #574, 25.19959792024635092, 0.9262896392523040090 ) ;
#2304 = VERTEX_POINT ( 'NONE', #1738 ) ;
#2305 = CARTESIAN_POINT ( 'NONE',  ( 19.08471170869432498, 7.508669420443102815, -6.788929553677091278 ) ) ;
#2306 = CARTESIAN_POINT ( 'NONE',  ( 15.68821549964285289, -16.57671369342819290, 8.370148783512590285 ) ) ;
#2307 = AXIS2_PLACEMENT_3D ( 'NONE', #653, #2194, #3228 ) ;
#2308 = CIRCLE ( 'NONE', #3179, 5.130157361851829911 ) ;
#2309 = LINE ( 'NONE', #4971, #3596 ) ;
#2310 = CARTESIAN_POINT ( 'NONE',  ( 19.16226026720764253, 8.631897789754962247, 4.358895528665641450 ) ) ;
#2311 = CARTESIAN_POINT ( 'NONE',  ( 18.18958241478233262, 10.36345879976911988, -4.280634149817884371 ) ) ;
#2312 = DIRECTION ( 'NONE',  ( -1.000000000000000000, 0.000000000000000000, 0.000000000000000000 ) ) ;
#2313 = CARTESIAN_POINT ( 'NONE',  ( -36.17039518766870287, -4.198442943339749434, 4.150650600468066109 ) ) ;
#2314 = AXIS2_PLACEMENT_3D ( 'NONE', #3324, #4497, #301 ) ;
#2315 = CARTESIAN_POINT ( 'NONE',  ( 14.57515554931855206, -10.88369449470434702, 2.611577758892159817 ) ) ;
#2316 = CARTESIAN_POINT ( 'NONE',  ( 15.48447013105907111, 8.786731406028280844, 19.07345442037654237 ) ) ;
#2317 = EDGE_CURVE ( 'NONE', #3169, #524, #687, .T. ) ;
#2318 = CARTESIAN_POINT ( 'NONE',  ( 0.3619247386862509130, 26.14030680603399404, 0.000000000000000000 ) ) ;
#2319 = AXIS2_PLACEMENT_3D ( 'NONE', #1930, #4946, #2660 ) ;
#2320 = VERTEX_POINT ( 'NONE', #4822 ) ;
#2321 = CARTESIAN_POINT ( 'NONE',  ( 15.95992883363978798, 1.748254155193553760, 16.24309589682580324 ) ) ;
#2322 = DESIGN_CONTEXT ( 'detailed design', #3399, 'design' ) ;
#2323 = DIRECTION ( 'NONE',  ( -2.168404344971006896E-16, 1.000000000000000000, 0.000000000000000000 ) ) ;
#2324 = DIRECTION ( 'NONE',  ( -3.775648693354544168E-17, 0.4590833271949417704, -0.8883932117545823015 ) ) ;
#2325 = CARTESIAN_POINT ( 'NONE',  ( 18.86914364109006570, 6.660082534119314168, -9.022514155996010032 ) ) ;
#2326 = ORIENTED_EDGE ( 'NONE', *, *, #2507, .T. ) ;
#2327 = AXIS2_PLACEMENT_3D ( 'NONE', #1842, #1784, #3665 ) ;
#2328 = EDGE_CURVE ( 'NONE', #3163, #1891, #1106, .T. ) ;
#2329 = VERTEX_POINT ( 'NONE', #1434 ) ;
#2330 = CARTESIAN_POINT ( 'NONE',  ( 14.71846512719365840, 8.830150771306035651, -18.73880596317005143 ) ) ;
#2331 = FACE_OUTER_BOUND ( 'NONE', #1713, .T. ) ;
#2332 = CARTESIAN_POINT ( 'NONE',  ( 15.00197104962198225, 4.007032904195614087, -20.61416229936821054 ) ) ;
#2333 = CARTESIAN_POINT ( 'NONE',  ( 5.644723921803028510, 16.30704420490881645, 0.000000000000000000 ) ) ;
#2334 = CARTESIAN_POINT ( 'NONE',  ( 19.85739519834307742, -1.746405138921926232E-17, 0.000000000000000000 ) ) ;
#2335 = DIRECTION ( 'NONE',  ( -1.652117596168388002E-16, 1.000000000000000000, 0.000000000000000000 ) ) ;
#2336 = CARTESIAN_POINT ( 'NONE',  ( 20.00000000000000000, 8.874942871418173951, 19.03248247152913208 ) ) ;
#2337 = VERTEX_POINT ( 'NONE', #187 ) ;
#2338 = CARTESIAN_POINT ( 'NONE',  ( 15.22970941424992475, -14.46738312548718142, -13.87431358935431192 ) ) ;
#2339 = DIRECTION ( 'NONE',  ( -1.000000000000000000, -1.224646799147353207E-16, -0.000000000000000000 ) ) ;
#2340 = ORIENTED_EDGE ( 'NONE', *, *, #3178, .T. ) ;
#2341 = CARTESIAN_POINT ( 'NONE',  ( 14.33221794005226535, 3.965987431842438404, -20.53473332242272775 ) ) ;
#2342 = CARTESIAN_POINT ( 'NONE',  ( 18.23906308542474264, -10.73755542067830149, -2.428455223860570111 ) ) ;
#2343 = DIRECTION ( 'NONE',  ( -1.000000000000000000, -1.224646799147353207E-16, 0.000000000000000000 ) ) ;
#2344 = ORIENTED_EDGE ( 'NONE', *, *, #4011, .F. ) ;
#2345 = ORIENTED_EDGE ( 'NONE', *, *, #2629, .F. ) ;
#2346 = CARTESIAN_POINT ( 'NONE',  ( 19.21697865132100702, 7.914971608718131435, -4.980504769188784486 ) ) ;
#2347 = CARTESIAN_POINT ( 'NONE',  ( 0.5000000000000073275, -2.388061258337338150E-15, 0.000000000000000000 ) ) ;
#2348 = AXIS2_PLACEMENT_3D ( 'NONE', #4330, #50, #464 ) ;
#2349 = EDGE_CURVE ( 'NONE', #3050, #1515, #1764, .T. ) ;
#2350 = VERTEX_POINT ( 'NONE', #3696 ) ;
#2351 = AXIS2_PLACEMENT_3D ( 'NONE', #1265, #457, #409 ) ;
#2352 = DIRECTION ( 'NONE',  ( -1.327240333366232074E-16, 1.000000000000000000, 0.000000000000000000 ) ) ;
#2353 = CARTESIAN_POINT ( 'NONE',  ( 18.89951605710457017, 10.21305280071946342, 4.316482618464231535 ) ) ;
#2354 = DIRECTION ( 'NONE',  ( 1.000000000000000000, 1.224646799147353207E-16, -0.000000000000000000 ) ) ;
#2355 = DIRECTION ( 'NONE',  ( 1.000000000000000000, 0.000000000000000000, 0.000000000000000000 ) ) ;
#2356 = EDGE_CURVE ( 'NONE', #688, #3730, #2543, .T. ) ;
#2357 = EDGE_CURVE ( 'NONE', #2582, #883, #431, .T. ) ;
#2358 = CARTESIAN_POINT ( 'NONE',  ( 19.10189779209455452, -5.039943664319818772, 8.647768403494223932 ) ) ;
#2359 = DIRECTION ( 'NONE',  ( 0.000000000000000000, 1.000000000000000000, 0.000000000000000000 ) ) ;
#2360 = CARTESIAN_POINT ( 'NONE',  ( 18.32568745337549387, -1.328826171110494725, 10.55847213188769196 ) ) ;
#2361 = CARTESIAN_POINT ( 'NONE',  ( 19.89969812418835104, -25.19959792024635092, 3.086060693282999444E-15 ) ) ;
#2362 = DIRECTION ( 'NONE',  ( 0.000000000000000000, -1.000000000000000000, 0.000000000000000000 ) ) ;
#2363 = LINE ( 'NONE', #2651, #3549 ) ;
#2364 = CARTESIAN_POINT ( 'NONE',  ( 0.7352941176470663143, -25.94117647058823906, 0.000000000000000000 ) ) ;
#2365 = ORIENTED_EDGE ( 'NONE', *, *, #2356, .T. ) ;
#2366 = ORIENTED_EDGE ( 'NONE', *, *, #763, .T. ) ;
#2367 = CARTESIAN_POINT ( 'NONE',  ( 18.92545337849323062, 10.33081588044462862, -3.596626206329634368 ) ) ;
#2368 = DIRECTION ( 'NONE',  ( -1.652117596168388002E-16, 1.000000000000000000, 0.000000000000000000 ) ) ;
#2369 = ORIENTED_EDGE ( 'NONE', *, *, #595, .F. ) ;
#2370 = EDGE_CURVE ( 'NONE', #1725, #52, #2215, .T. ) ;
#2371 = ORIENTED_EDGE ( 'NONE', *, *, #1007, .F. ) ;
#2372 = CONICAL_SURFACE ( 'NONE', #2216, 25.19959792024635092, 0.9262896392523040090 ) ;
#2373 = FACE_OUTER_BOUND ( 'NONE', #4727, .T. ) ;
#2374 = CARTESIAN_POINT ( 'NONE',  ( 17.75000000000000355, -2.755455298081542313E-16, 0.000000000000000000 ) ) ;
#2375 = CARTESIAN_POINT ( 'NONE',  ( 15.70457731070723462, 0.6445594685528902579, -14.10728566504939963 ) ) ;
#2376 = AXIS2_PLACEMENT_3D ( 'NONE', #2790, #2060, #2006 ) ;
#2377 = CARTESIAN_POINT ( 'NONE',  ( 16.01996565806096129, 8.220589221897313337, -19.07505054024611013 ) ) ;
#2378 = ORIENTED_EDGE ( 'NONE', *, *, #3641, .F. ) ;
#2379 = CIRCLE ( 'NONE', #2783, 56.17039518766868156 ) ;
#2380 = EDGE_CURVE ( 'NONE', #3305, #4493, #512, .T. ) ;
#2381 = ORIENTED_EDGE ( 'NONE', *, *, #4929, .F. ) ;
#2382 = CARTESIAN_POINT ( 'NONE',  ( 18.92545569602838640, -6.243750285952391010, 8.982027171350761563 ) ) ;
#2383 = CARTESIAN_POINT ( 'NONE',  ( 15.46262465994940349, 20.16462055182432422, 2.670718676749354703 ) ) ;
#2384 = CARTESIAN_POINT ( 'NONE',  ( 19.10123694577273668, -9.784532991082274478, 2.126495902324043730 ) ) ;
#2385 = AXIS2_PLACEMENT_3D ( 'NONE', #2123, #1748, #85 ) ;
#2386 = VECTOR ( 'NONE', #4495, 1000.000000000000000 ) ;
#2387 = DIRECTION ( 'NONE',  ( 1.012148567159331355E-16, -0.9885676152953464246, -0.1507782145711772936 ) ) ;
#2388 = AXIS2_PLACEMENT_3D ( 'NONE', #3535, #894, #477 ) ;
#2389 = CARTESIAN_POINT ( 'NONE',  ( 18.58817071265350762, 8.539301101228407020, 1.045762776057482785E-15 ) ) ;
#2390 = CARTESIAN_POINT ( 'NONE',  ( 14.32001258001401034, -5.315013277283461512, -9.374972017410994951 ) ) ;
#2391 = B_SPLINE_CURVE_WITH_KNOTS ( 'NONE', 3,
 ( #4355, #1982, #3942, #2435, #3890, #49, #74, #3160, #3187, #4744, #412, #1242, #1682, #4692, #4713, #4300, #826, #3591 ),
 .UNSPECIFIED., .F., .F.,
 ( 4, 2, 2, 2, 2, 2, 2, 2, 4 ),
 ( 0.000000000000000000, 0.0009387931093094932554, 0.001877586218618986511, 0.002816379327928479875, 0.003755172437237973022, 0.004693965546547465735, 0.005632758655856959749, 0.006571551765166452896, 0.007510344874475942574 ),
 .UNSPECIFIED. ) ;
#2392 = ADVANCED_FACE ( 'NONE', ( #213 ), #3763, .F. ) ;
#2393 = ORIENTED_EDGE ( 'NONE', *, *, #3795, .T. ) ;
#2394 = CIRCLE ( 'NONE', #3840, 25.00000000000000000 ) ;
#2395 = ADVANCED_FACE ( 'NONE', ( #1070 ), #4825, .F. ) ;
#2396 = ORIENTED_EDGE ( 'NONE', *, *, #2715, .T. ) ;
#2397 = CARTESIAN_POINT ( 'NONE',  ( 14.53391428651585215, -15.20030776611875645, -14.24248806111420151 ) ) ;
#2398 = DIRECTION ( 'NONE',  ( 0.000000000000000000, -0.9867767030090067726, -0.1620855897317050598 ) ) ;
#2399 = EDGE_LOOP ( 'NONE', ( #1495, #4702, #2951, #2554 ) ) ;
#2400 = AXIS2_PLACEMENT_3D ( 'NONE', #4132, #3747, #272 ) ;
#2401 = ORIENTED_EDGE ( 'NONE', *, *, #1479, .T. ) ;
#2402 = EDGE_CURVE ( 'NONE', #2117, #4107, #1470, .T. ) ;
#2403 = EDGE_LOOP ( 'NONE', ( #4275, #1743, #1924, #4996 ) ) ;
#2404 = CARTESIAN_POINT ( 'NONE',  ( 2.500000000000002220, -2.143131898507867854E-15, 0.000000000000000000 ) ) ;
#2405 = CARTESIAN_POINT ( 'NONE',  ( 19.08509607658010410, 7.510347957423401333, 6.784021265602822481 ) ) ;
#2406 = CARTESIAN_POINT ( 'NONE',  ( -4.999999999999993783, -3.061616997868382254E-15, 0.000000000000000000 ) ) ;
#2407 = CARTESIAN_POINT ( 'NONE',  ( 15.49806240675994218, 8.352671401612946411, -19.66363953421047484 ) ) ;
#2408 = AXIS2_PLACEMENT_3D ( 'NONE', #3688, #507, #4402 ) ;
#2409 = ORIENTED_EDGE ( 'NONE', *, *, #1801, .T. ) ;
#2410 = ADVANCED_FACE ( 'NONE', ( #1020, #3397 ), #600, .T. ) ;
#2411 = DIRECTION ( 'NONE',  ( -1.224646799147353207E-16, 1.000000000000000000, 0.000000000000000000 ) ) ;
#2412 = CARTESIAN_POINT ( 'NONE',  ( -36.17039518766870287, 5.094877189977949250, -0.7770803678763001932 ) ) ;
#2413 = FACE_OUTER_BOUND ( 'NONE', #2276, .T. ) ;
#2414 = ADVANCED_FACE ( 'NONE', ( #2191 ), #937, .T. ) ;
#2415 = DIRECTION ( 'NONE',  ( 0.000000000000000000, -1.000000000000000000, 0.000000000000000000 ) ) ;
#2416 = CARTESIAN_POINT ( 'NONE',  ( 18.92547975670717264, -10.47174659688756115, 3.162465454437553003 ) ) ;
#2417 = DIRECTION ( 'NONE',  ( -1.012148567159331355E-16, 0.9885676152953464246, 0.1507782145711772936 ) ) ;
#2418 = DIRECTION ( 'NONE',  ( 1.000000000000000000, 1.224646799147353207E-16, -0.000000000000000000 ) ) ;
#2419 = ORIENTED_EDGE ( 'NONE', *, *, #3137, .F. ) ;
#2420 = CARTESIAN_POINT ( 'NONE',  ( 18.36286942986331283, -1.509350031739585374, 10.37091302691362138 ) ) ;
#2421 = LINE ( 'NONE', #2796, #3016 ) ;
#2422 = DIRECTION ( 'NONE',  ( -1.286465501812323225E-16, 0.8883932117545746410, -0.4590833271949565364 ) ) ;
#2423 = ORIENTED_EDGE ( 'NONE', *, *, #2037, .F. ) ;
#2424 = ORIENTED_EDGE ( 'NONE', *, *, #4861, .T. ) ;
#2425 = ORIENTED_EDGE ( 'NONE', *, *, #230, .F. ) ;
#2426 = CARTESIAN_POINT ( 'NONE',  ( 16.91668686200012317, 30.00000000000000355, 0.000000000000000000 ) ) ;
#2427 = DIRECTION ( 'NONE',  ( 8.260587980841940012E-17, -1.000000000000000000, 0.000000000000000000 ) ) ;
#2428 = CARTESIAN_POINT ( 'NONE',  ( 14.99830906674763575, 8.875453607025459490, -19.03583107651709128 ) ) ;
#2429 = ORIENTED_EDGE ( 'NONE', *, *, #1581, .T. ) ;
#2430 = AXIS2_PLACEMENT_3D ( 'NONE', #212, #1787, #1017 ) ;
#2431 = CARTESIAN_POINT ( 'NONE',  ( 19.06317880192868230, -0.7814993824883864626, 10.19082236577414236 ) ) ;
#2432 = FACE_OUTER_BOUND ( 'NONE', #2584, .T. ) ;
#2433 = CARTESIAN_POINT ( 'NONE',  ( 15.00197104962199113, -15.35845830444613291, -14.32193277845519574 ) ) ;
#2434 = CARTESIAN_POINT ( 'NONE',  ( 18.47699635493043502, 8.362391513925594211, 5.423198996848369369 ) ) ;
#2435 = CARTESIAN_POINT ( 'NONE',  ( 19.06317880192868586, 9.450551427093413892, 3.892387377876845189 ) ) ;
#2436 = EDGE_CURVE ( 'NONE', #60, #3472, #2647, .T. ) ;
#2437 = FACE_OUTER_BOUND ( 'NONE', #4746, .T. ) ;
#2438 = DIRECTION ( 'NONE',  ( 1.000000000000000000, 1.224646799147353207E-16, -0.000000000000000000 ) ) ;
#2439 = VERTEX_POINT ( 'NONE', #1847 ) ;
#2440 = ORIENTED_EDGE ( 'NONE', *, *, #4239, .F. ) ;
#2441 = EDGE_LOOP ( 'NONE', ( #632, #3010, #1691, #1274 ) ) ;
#2442 = EDGE_CURVE ( 'NONE', #1686, #3252, #303, .T. ) ;
#2443 = CYLINDRICAL_SURFACE ( 'NONE', #33, 20.99999999999999645 ) ;
#2444 = CARTESIAN_POINT ( 'NONE',  ( 14.95638818340801990, 8.796127330051097815, 18.51573347036172734 ) ) ;
#2445 = CARTESIAN_POINT ( 'NONE',  ( 15.93116551049796392, -15.46908868813884119, -7.249770116418540411 ) ) ;
#2446 = ORIENTED_EDGE ( 'NONE', *, *, #3660, .T. ) ;
#2447 = ORIENTED_EDGE ( 'NONE', *, *, #2941, .T. ) ;
#2448 = EDGE_LOOP ( 'NONE', ( #1609, #1921, #2486, #1797 ) ) ;
#2449 = DIRECTION ( 'NONE',  ( 1.000000000000000000, 1.224646799147353207E-16, -0.000000000000000000 ) ) ;
#2450 = DIRECTION ( 'NONE',  ( 0.000000000000000000, 0.000000000000000000, 1.000000000000000000 ) ) ;
#2451 = DIRECTION ( 'NONE',  ( -2.168404344971006896E-16, 1.000000000000000000, 0.000000000000000000 ) ) ;
#2452 =( NAMED_UNIT ( * ) PLANE_ANGLE_UNIT ( ) SI_UNIT ( $, .RADIAN. ) );
#2453 = CIRCLE ( 'NONE', #4147, 0.7500000000000001110 ) ;
#2454 = VECTOR ( 'NONE', #661, 1000.000000000000000 ) ;
#2455 = CONICAL_SURFACE ( 'NONE', #4385, 4.000000000000000000, 0.1732306711105748021 ) ;
#2456 = DIRECTION ( 'NONE',  ( 0.1774377838674787433, 0.6918916578524683114, 0.6998583904264924493 ) ) ;
#2457 = CARTESIAN_POINT ( 'NONE',  ( 15.94569792126659458, 3.960372953528106699, 20.52386848781286233 ) ) ;
#2458 = CARTESIAN_POINT ( 'NONE',  ( 5.000000000000006217, -2.423442683385735097E-15, 2.168404344971008868E-16 ) ) ;
#2459 = CARTESIAN_POINT ( 'NONE',  ( 14.33221794005226535, 3.965987431842438404, -20.53473332242272775 ) ) ;
#2460 = CARTESIAN_POINT ( 'NONE',  ( 19.18575889800550272, -4.103365004997929333, 8.606508268838247488 ) ) ;
#2461 = AXIS2_PLACEMENT_3D ( 'NONE', #3744, #1431, #4516 ) ;
#2462 = EDGE_CURVE ( 'NONE', #553, #4432, #190, .T. ) ;
#2463 = DIRECTION ( 'NONE',  ( 1.000000000000000000, 1.224646799147353207E-16, -0.000000000000000000 ) ) ;
#2464 = CARTESIAN_POINT ( 'NONE',  ( 19.21663903872349977, -9.332146428312897868, 0.6320246754464490246 ) ) ;
#2465 = VECTOR ( 'NONE', #4153, 1000.000000000000000 ) ;
#2466 = CARTESIAN_POINT ( 'NONE',  ( -36.17039518766870287, -4.578598611029159215, -2.366022450903271235 ) ) ;
#2467 = EDGE_LOOP ( 'NONE', ( #3583, #3362 ) ) ;
#2468 = CARTESIAN_POINT ( 'NONE',  ( 16.10191943618044874, -18.05276933230247138, -9.863200350008673567 ) ) ;
#2469 = AXIS2_PLACEMENT_3D ( 'NONE', #544, #4357, #51 ) ;
#2470 = ORIENTED_EDGE ( 'NONE', *, *, #2839, .F. ) ;
#2471 = AXIS2_PLACEMENT_3D ( 'NONE', #671, #4596, #4925 ) ;
#2472 = ORIENTED_EDGE ( 'NONE', *, *, #3517, .T. ) ;
#2473 = CARTESIAN_POINT ( 'NONE',  ( 5.644723921803030287, -3.469446951953614189E-15, 0.000000000000000000 ) ) ;
#2474 = CARTESIAN_POINT ( 'NONE',  ( 14.33221794005226535, 20.99999999999999645, 0.000000000000000000 ) ) ;
#2475 = CARTESIAN_POINT ( 'NONE',  ( 15.34988357635248057, 20.41560443532943836, -2.629492662143432913 ) ) ;
#2476 = VERTEX_POINT ( 'NONE', #3470 ) ;
#2477 = VERTEX_POINT ( 'NONE', #3794 ) ;
#2478 = EDGE_CURVE ( 'NONE', #3405, #3400, #388, .T. ) ;
#2479 = EDGE_CURVE ( 'NONE', #1665, #972, #3512, .T. ) ;
#2480 = ORIENTED_EDGE ( 'NONE', *, *, #4679, .F. ) ;
#2481 = FACE_OUTER_BOUND ( 'NONE', #1687, .T. ) ;
#2482 = DIRECTION ( 'NONE',  ( 0.000000000000000000, -1.000000000000000000, 0.000000000000000000 ) ) ;
#2483 = VECTOR ( 'NONE', #2169, 1000.000000000000000 ) ;
#2484 = CARTESIAN_POINT ( 'NONE',  ( 15.34988357635248057, -14.97099393079876073, 14.12729545398183717 ) ) ;
#2485 = AXIS2_PLACEMENT_3D ( 'NONE', #1439, #2975, #2279 ) ;
#2486 = ORIENTED_EDGE ( 'NONE', *, *, #3025, .T. ) ;
#2487 = DIRECTION ( 'NONE',  ( -1.224646799147353207E-16, 1.000000000000000000, 0.000000000000000000 ) ) ;
#2488 = ORIENTED_EDGE ( 'NONE', *, *, #665, .F. ) ;
#2489 = DIRECTION ( 'NONE',  ( 1.000000000000000000, 1.224646799147353207E-16, -0.000000000000000000 ) ) ;
#2490 = DIRECTION ( 'NONE',  ( 0.9341489818255319655, 0.3568832858993568058, 0.000000000000000000 ) ) ;
#2491 = CARTESIAN_POINT ( 'NONE',  ( 14.43467158840843112, 3.948653150344843432, -20.50118895890335935 ) ) ;
#2492 = CARTESIAN_POINT ( 'NONE',  ( 15.10136482101756172, -15.35845830444613114, -14.32193277845519574 ) ) ;
#2493 = CARTESIAN_POINT ( 'NONE',  ( 13.79090313986343830, -2.700748588964989594, 9.575004065451983237 ) ) ;
#2494 = DIRECTION ( 'NONE',  ( -1.224646799147353207E-16, 1.000000000000000000, 0.000000000000000000 ) ) ;
#2495 = TOROIDAL_SURFACE ( 'NONE', #4554, 28.42239954983266514, 17.97821543665347477 ) ;
#2496 = VERTEX_POINT ( 'NONE', #2318 ) ;
#2497 = DIRECTION ( 'NONE',  ( -1.051387510861560765E-16, 1.000000000000000000, 0.000000000000000000 ) ) ;
#2498 = ORIENTED_EDGE ( 'NONE', *, *, #2995, .T. ) ;
#2499 = DIRECTION ( 'NONE',  ( -1.652117596168388002E-16, 1.000000000000000000, 0.000000000000000000 ) ) ;
#2500 = CARTESIAN_POINT ( 'NONE',  ( 15.46262465994940172, -15.08037375785640322, 13.34293039389026880 ) ) ;
#2501 = DIRECTION ( 'NONE',  ( -1.235329372478858935E-16, 1.000000000000000000, 0.000000000000000000 ) ) ;
#2502 = ORIENTED_EDGE ( 'NONE', *, *, #5044, .T. ) ;
#2503 = ORIENTED_EDGE ( 'NONE', *, *, #1612, .F. ) ;
#2504 = VERTEX_POINT ( 'NONE', #342 ) ;
#2505 = CARTESIAN_POINT ( 'NONE',  ( 14.57599858709623319, 10.34194657530293604, -4.284167696544465720 ) ) ;
#2506 = CARTESIAN_POINT ( 'NONE',  ( 18.13424309457171546, -0.08368666920779706253, -11.06433280111345852 ) ) ;
#2507 = EDGE_CURVE ( 'NONE', #4115, #3169, #1959, .T. ) ;
#2508 = APPROVAL_DATE_TIME ( #4887, #1078 ) ;
#2509 = B_SPLINE_CURVE_WITH_KNOTS ( 'NONE', 3,
 ( #4865, #4897, #4484, #3739, #1425, #2961, #262, #4403, #932, #2290, #4615, #4219, #4563, #1139, #3370, #1090, #2682, #359 ),
 .UNSPECIFIED., .F., .F.,
 ( 4, 2, 2, 2, 2, 2, 2, 2, 4 ),
 ( 8.673617379884035472E-19, 0.0009387931093094935807, 0.001877586218618986294, 0.002816379327928479007, 0.003755172437237969986, 0.004693965546547461398, 0.005632758655856953678, 0.006571551765166444223, 0.007510344874475935635 ),
 .UNSPECIFIED. ) ;
#2510 = CARTESIAN_POINT ( 'NONE',  ( 19.99999999999999645, 25.00000000000000000, 0.000000000000000000 ) ) ;
#2511 = DIRECTION ( 'NONE',  ( -1.376786630855773861E-16, 1.000000000000000000, 0.000000000000000000 ) ) ;
#2512 = DIRECTION ( 'NONE',  ( 2.081544907286531627E-16, -0.7111427899707145617, 0.7030476031341464926 ) ) ;
#2513 = CARTESIAN_POINT ( 'NONE',  ( 5.000000000000006217, -2.423442683385735097E-15, 2.168404344971008868E-16 ) ) ;
#2514 = EDGE_CURVE ( 'NONE', #37, #2104, #3041, .T. ) ;
#2515 = CARTESIAN_POINT ( 'NONE',  ( 19.21657918408295274, -9.332381313610992990, 0.6337110329414201715 ) ) ;
#2516 = CIRCLE ( 'NONE', #714, 30.31597898765164700 ) ;
#2517 = CIRCLE ( 'NONE', #315, 55.92698714025925710 ) ;
#2518 = CARTESIAN_POINT ( 'NONE',  ( 16.10191943618044874, -18.05276933230230085, 9.863200350008987982 ) ) ;
#2519 = DIRECTION ( 'NONE',  ( -1.000000000000000000, -1.224646799147353207E-16, -0.000000000000000000 ) ) ;
#2520 = ORIENTED_EDGE ( 'NONE', *, *, #975, .F. ) ;
#2521 = CARTESIAN_POINT ( 'NONE',  ( 19.22466309467785095, 7.707365024188172598, -5.214931963152745098 ) ) ;
#2522 = ORIENTED_EDGE ( 'NONE', *, *, #1553, .F. ) ;
#2523 = DIRECTION ( 'NONE',  ( -1.235329372478858935E-16, 1.000000000000000000, 0.000000000000000000 ) ) ;
#2524 = CARTESIAN_POINT ( 'NONE',  ( 13.77834854798522812, 8.266652273601479806, -5.510666410204789756 ) ) ;
#2525 = DIRECTION ( 'NONE',  ( 0.000000000000000000, 0.000000000000000000, 1.000000000000000000 ) ) ;
#2526 = ORIENTED_EDGE ( 'NONE', *, *, #2328, .T. ) ;
#2527 = ORIENTED_EDGE ( 'NONE', *, *, #2034, .T. ) ;
#2528 = ORIENTED_EDGE ( 'NONE', *, *, #406, .F. ) ;
#2529 = CARTESIAN_POINT ( 'NONE',  ( 14.33221794005226712, 6.123233995736814107E-17, 0.000000000000000000 ) ) ;
#2530 = EDGE_CURVE ( 'NONE', #991, #685, #2079, .T. ) ;
#2531 = DIRECTION ( 'NONE',  ( 1.224646799147353207E-16, -1.000000000000000000, 0.000000000000000000 ) ) ;
#2532 = COORDINATED_UNIVERSAL_TIME_OFFSET ( 5, 0, .BEHIND. ) ;
#2533 = CARTESIAN_POINT ( 'NONE',  ( 5.000000000000006217, -2.699999999999996181, 2.168404344971008868E-16 ) ) ;
#2534 = DIRECTION ( 'NONE',  ( -1.000000000000000000, -1.224646799147353207E-16, 0.000000000000000000 ) ) ;
#2535 = AXIS2_PLACEMENT_3D ( 'NONE', #3411, #2982, #1039 ) ;
#2536 = DIRECTION ( 'NONE',  ( 1.000000000000000000, 1.224646799147353207E-16, -0.000000000000000000 ) ) ;
#2537 = CARTESIAN_POINT ( 'NONE',  ( 5.000000000000006217, 2.012461179749811979, -1.799999999999999822 ) ) ;
#2538 = DIRECTION ( 'NONE',  ( 6.609232856433456499E-17, 0.4488827966982565920, 0.8935906416409875597 ) ) ;
#2539 = CIRCLE ( 'NONE', #573, 3.408265585956546495 ) ;
#2540 = ADVANCED_FACE ( 'NONE', ( #5026 ), #2071, .T. ) ;
#2541 = CARTESIAN_POINT ( 'NONE',  ( 15.19102690686196233, 3.596892514352015180, 19.82048081145604002 ) ) ;
#2542 = DIRECTION ( 'NONE',  ( 1.000000000000000000, 1.224646799147353207E-16, -0.000000000000000000 ) ) ;
#2543 = LINE ( 'NONE', #1454, #2483 ) ;
#2544 = CIRCLE ( 'NONE', #2702, 0.7499999999999994449 ) ;
#2545 = ORIENTED_EDGE ( 'NONE', *, *, #3640, .F. ) ;
#2546 = AXIS2_PLACEMENT_3D ( 'NONE', #2027, #3133, #67 ) ;
#2547 = EDGE_CURVE ( 'NONE', #4001, #531, #699, .T. ) ;
#2548 = ORIENTED_EDGE ( 'NONE', *, *, #1233, .T. ) ;
#2549 = CARTESIAN_POINT ( 'NONE',  ( 15.95993128910245318, 15.98869007338950610, -3.356647065828458398 ) ) ;
#2550 = CARTESIAN_POINT ( 'NONE',  ( 16.16137039704821277, 8.138455651402669133, 18.71537191549412071 ) ) ;
#2551 = CARTESIAN_POINT ( 'NONE',  ( 15.41316552742294732, 20.29408079868108317, -2.649453845106535699 ) ) ;
#2552 = EDGE_LOOP ( 'NONE', ( #1475, #2697, #1414, #4874 ) ) ;
#2553 = CIRCLE ( 'NONE', #3752, 26.14030680603399759 ) ;
#2554 = ORIENTED_EDGE ( 'NONE', *, *, #4934, .T. ) ;
#2555 = CARTESIAN_POINT ( 'NONE',  ( 14.57599858709623319, -5.848639943961127408, 9.544808150216407938 ) ) ;
#2556 = DIRECTION ( 'NONE',  ( -1.224646799147353207E-16, 1.000000000000000000, 0.000000000000000000 ) ) ;
#2557 = PERSON_AND_ORGANIZATION ( #2229, #3757 ) ;
#2558 = ORIENTED_EDGE ( 'NONE', *, *, #556, .F. ) ;
#2559 =( BOUNDED_SURFACE ( )  B_SPLINE_SURFACE ( 3, 2, ( 
 ( #3132, #19, #1639 ),
 ( #2377, #3960, #793 ),
 ( #65, #4371, #120 ),
 ( #2407, #868, #2428 ) ),
 .UNSPECIFIED., .F., .F., .F. ) 
 B_SPLINE_SURFACE_WITH_KNOTS ( ( 4, 4 ),
 ( 3, 3 ),
 ( -7.372574772901430151E-18, 0.0008361757575728952403 ),
 ( 0.000000000000000000, 1.000000000000000000 ),
 .UNSPECIFIED. ) 
 GEOMETRIC_REPRESENTATION_ITEM ( )  RATIONAL_B_SPLINE_SURFACE ( (
 ( 1.000000000000000000, 0.7392545563716671486, 1.000000000000000000),
 ( 1.000000000000000000, 0.7514166459590061464, 1.000000000000000000),
 ( 1.000000000000000000, 0.7616871162901384107, 1.000000000000000000),
 ( 1.000000000000000000, 0.7696469335709802406, 1.000000000000000000) ) ) 
 REPRESENTATION_ITEM ( '' )  SURFACE ( )  );
#2560 = AXIS2_PLACEMENT_3D ( 'NONE', #1526, #4169, #1447 ) ;
#2561 = CARTESIAN_POINT ( 'NONE',  ( 15.49806240675995284, 21.28234992461786845, 1.867463777642110578 ) ) ;
#2562 = CARTESIAN_POINT ( 'NONE',  ( 15.49185737752257275, 8.608668693976103015, 17.28667304304321917 ) ) ;
#2563 = DIRECTION ( 'NONE',  ( 1.000000000000000000, 1.224646799147353207E-16, -0.000000000000000000 ) ) ;
#2564 = CARTESIAN_POINT ( 'NONE',  ( 14.53391428651586637, -15.20030776611851131, 14.24248806111445198 ) ) ;
#2565 = FACE_OUTER_BOUND ( 'NONE', #1306, .T. ) ;
#2566 = CARTESIAN_POINT ( 'NONE',  ( 17.00000000000000000, 6.869842638148169200, 0.000000000000000000 ) ) ;
#2567 = AXIS2_PLACEMENT_3D ( 'NONE', #2693, #1012, #2886 ) ;
#2568 = CARTESIAN_POINT ( 'NONE',  ( 15.36364019208304477, -18.06792597210825946, 9.878531509762813911 ) ) ;
#2569 = CARTESIAN_POINT ( 'NONE',  ( 13.83221794005226535, -7.553354557553461427E-16, 0.000000000000000000 ) ) ;
#2570 = CARTESIAN_POINT ( 'NONE',  ( 15.83221794005226357, -5.104060959258758464E-16, 0.000000000000000000 ) ) ;
#2571 = ADVANCED_FACE ( 'NONE', ( #100 ), #4462, .T. ) ;
#2572 = EDGE_CURVE ( 'NONE', #3097, #1541, #1187, .T. ) ;
#2573 = CIRCLE ( 'NONE', #1031, 26.14030680603399048 ) ;
#2574 = VERTEX_POINT ( 'NONE', #4074 ) ;
#2575 = VERTEX_POINT ( 'NONE', #2566 ) ;
#2576 = CARTESIAN_POINT ( 'NONE',  ( 15.02560793283363871, 20.24113200983859429, 2.658151086983949085 ) ) ;
#2577 = DIRECTION ( 'NONE',  ( 3.512252815159672166E-17, -0.4488827966982417150, 0.8935906416409949982 ) ) ;
#2578 = CARTESIAN_POINT ( 'NONE',  ( 15.34988357635248946, -14.97099393079900231, -14.12729545398159026 ) ) ;
#2579 = CARTESIAN_POINT ( 'NONE',  ( 17.62072582935174836, 4.391382572891616931, 5.377892611723186411E-16 ) ) ;
#2580 = VERTEX_POINT ( 'NONE', #3317 ) ;
#2581 = EDGE_CURVE ( 'NONE', #2772, #3199, #1846, .T. ) ;
#2582 = VERTEX_POINT ( 'NONE', #1810 ) ;
#2583 = EDGE_CURVE ( 'NONE', #1359, #4157, #266, .T. ) ;
#2584 = EDGE_LOOP ( 'NONE', ( #4773, #4417, #2654, #4769, #751, #1969, #4720 ) ) ;
#2585 = CARTESIAN_POINT ( 'NONE',  ( 15.70453756401723666, -13.21750769238709466, 4.972263466761140727 ) ) ;
#2586 = ORIENTED_EDGE ( 'NONE', *, *, #3342, .F. ) ;
#2587 = ORIENTED_EDGE ( 'NONE', *, *, #95, .T. ) ;
#2588 = DIRECTION ( 'NONE',  ( -1.224646799147353207E-16, 1.000000000000000000, 0.000000000000000000 ) ) ;
#2589 = CARTESIAN_POINT ( 'NONE',  ( 2.500000000000002220, -2.143131898507867854E-15, 0.000000000000000000 ) ) ;
#2590 = CARTESIAN_POINT ( 'NONE',  ( 15.46262465994942481, 3.691206034922301704, -20.00299123274184510 ) ) ;
#2591 = CARTESIAN_POINT ( 'NONE',  ( 15.46262465994939994, -17.88332976276345931, 9.691809781751407726 ) ) ;
#2592 = LINE ( 'NONE', #2537, #3124 ) ;
#2593 = CARTESIAN_POINT ( 'NONE',  ( 19.06415730144352239, -9.929716715026776441, -2.399602485694389831 ) ) ;
#2594 =( BOUNDED_SURFACE ( )  B_SPLINE_SURFACE ( 3, 2, ( 
 ( #534, #2903, #4864 ),
 ( #4046, #1781, #4895 ),
 ( #3313, #1701, #982 ),
 ( #2561, #3711, #1313 ) ),
 .UNSPECIFIED., .F., .F., .F. ) 
 B_SPLINE_SURFACE_WITH_KNOTS ( ( 4, 4 ),
 ( 3, 3 ),
 ( -3.361026734705063745E-18, 0.0008361757575728872172 ),
 ( 0.000000000000000000, 1.000000000000000000 ),
 .UNSPECIFIED. ) 
 GEOMETRIC_REPRESENTATION_ITEM ( )  RATIONAL_B_SPLINE_SURFACE ( (
 ( 1.000000000000000000, 0.7392545563716670376, 1.000000000000000000),
 ( 1.000000000000000000, 0.7514166459590060354, 1.000000000000000000),
 ( 1.000000000000000000, 0.7616871162901380776, 1.000000000000000000),
 ( 1.000000000000000000, 0.7696469335709793524, 1.000000000000000000) ) ) 
 REPRESENTATION_ITEM ( '' )  SURFACE ( )  );
#2595 = CARTESIAN_POINT ( 'NONE',  ( 18.86914364109005859, 10.63899956840789507, 3.546004686946434781 ) ) ;
#2596 = CIRCLE ( 'NONE', #224, 55.18023718033725800 ) ;
#2597 = DIRECTION ( 'NONE',  ( -1.613696256722611405E-16, 1.000000000000000000, 0.000000000000000000 ) ) ;
#2598 = CARTESIAN_POINT ( 'NONE',  ( 19.06415730152600219, 9.443760524049475080, -3.895221853154285263 ) ) ;
#2599 = AXIS2_PLACEMENT_3D ( 'NONE', #4979, #3773, #295 ) ;
#2600 = EDGE_CURVE ( 'NONE', #3050, #2105, #4817, .T. ) ;
#2601 = ORIENTED_EDGE ( 'NONE', *, *, #4458, .F. ) ;
#2602 = CARTESIAN_POINT ( 'NONE',  ( 15.00197104962197692, 8.874942871418173951, 19.03248247152913208 ) ) ;
#2603 = CARTESIAN_POINT ( 'NONE',  ( 14.70510654245037685, 10.61850939826811313, -4.238740146298066058 ) ) ;
#2604 = CARTESIAN_POINT ( 'NONE',  ( 0.7352941176470630946, -2.359246039533870917E-15, 0.000000000000000000 ) ) ;
#2605 = DIRECTION ( 'NONE',  ( -1.508455196501571922E-16, 1.000000000000000000, 0.000000000000000000 ) ) ;
#2606 = VERTEX_POINT ( 'NONE', #4437 ) ;
#2607 = ADVANCED_FACE ( 'NONE', ( #961 ), #355, .T. ) ;
#2608 = ORIENTED_EDGE ( 'NONE', *, *, #4739, .F. ) ;
#2609 = CARTESIAN_POINT ( 'NONE',  ( 16.01996565806088313, -15.60114934161759948, 13.71275973276971349 ) ) ;
#2610 = CARTESIAN_POINT ( 'NONE',  ( 15.70457731070723817, -8.813514027737557655, 11.03417129768623361 ) ) ;
#2611 = EDGE_LOOP ( 'NONE', ( #451, #2819, #321, #4423, #3296, #3308 ) ) ;
#2612 = EDGE_LOOP ( 'NONE', ( #652, #113, #3854, #3796 ) ) ;
#2613 = CARTESIAN_POINT ( 'NONE',  ( 18.13424309457172257, 10.61850939826811313, -4.238740146298065170 ) ) ;
#2614 = CARTESIAN_POINT ( 'NONE',  ( 15.00197104962198758, 20.84347464719607856, 2.559211720763678422 ) ) ;
#2615 = ORIENTED_EDGE ( 'NONE', *, *, #1953, .T. ) ;
#2616 = CARTESIAN_POINT ( 'NONE',  ( 18.36323743614984139, -4.872038570817220027, -9.277033218042614493 ) ) ;
#2617 = DIRECTION ( 'NONE',  ( -1.499759782661857608E-32, 1.224646799147353207E-16, 1.000000000000000000 ) ) ;
#2618 = CARTESIAN_POINT ( 'NONE',  ( 19.40278114366667950, 26.58148327662222599, 0.000000000000000000 ) ) ;
#2619 = CARTESIAN_POINT ( 'NONE',  ( 14.33221794005226712, 6.123233995736814107E-17, 0.000000000000000000 ) ) ;
#2620 = AXIS2_PLACEMENT_3D ( 'NONE', #4758, #4317, #3934 ) ;
#2621 = AXIS2_PLACEMENT_3D ( 'NONE', #2589, #1089, #2289 ) ;
#2622 = EDGE_CURVE ( 'NONE', #216, #214, #4958, .T. ) ;
#2623 = CIRCLE ( 'NONE', #2282, 55.92698714025925710 ) ;
#2624 = ORIENTED_EDGE ( 'NONE', *, *, #1233, .F. ) ;
#2625 = CARTESIAN_POINT ( 'NONE',  ( 0.5000000000000038858, -2.388061258337338544E-15, 0.000000000000000000 ) ) ;
#2626 = CARTESIAN_POINT ( 'NONE',  ( 15.10136482101756528, 4.007032904195955147, 20.61416229936813593 ) ) ;
#2627 = FACE_OUTER_BOUND ( 'NONE', #3333, .T. ) ;
#2628 = ORIENTED_EDGE ( 'NONE', *, *, #2720, .T. ) ;
#2629 = EDGE_CURVE ( 'NONE', #4307, #2883, #3037, .T. ) ;
#2630 = TOROIDAL_SURFACE ( 'NONE', #4234, 19.49999999999999645, 1.500000000000001332 ) ;
#2631 = ORIENTED_EDGE ( 'NONE', *, *, #193, .F. ) ;
#2632 = CARTESIAN_POINT ( 'NONE',  ( 15.10136829394608426, 20.84347464719607856, -2.559211720763730824 ) ) ;
#2633 = EDGE_CURVE ( 'NONE', #4967, #4288, #3852, .T. ) ;
#2634 = EDGE_CURVE ( 'NONE', #240, #3654, #2170, .T. ) ;
#2635 = TOROIDAL_SURFACE ( 'NONE', #1910, 19.49999999999999645, 1.500000000000001332 ) ;
#2636 = ORIENTED_EDGE ( 'NONE', *, *, #4962, .F. ) ;
#2637 = AXIS2_PLACEMENT_3D ( 'NONE', #1808, #3690, #537 ) ;
#2638 = CARTESIAN_POINT ( 'NONE',  ( 14.33221794005226712, 3.186989538156446705E-31, 0.000000000000000000 ) ) ;
#2639 = DIRECTION ( 'NONE',  ( -1.226065276828336446E-16, 1.000000000000000000, 0.000000000000000000 ) ) ;
#2640 = CARTESIAN_POINT ( 'NONE',  ( 18.48501606016042231, 8.183058226002854596, -5.624929610984643169 ) ) ;
#2641 = DIRECTION ( 'NONE',  ( -1.609682944677043619E-16, 1.000000000000000000, 0.000000000000000000 ) ) ;
#2642 = ORIENTED_EDGE ( 'NONE', *, *, #2583, .F. ) ;
#2643 = ADVANCED_FACE ( 'NONE', ( #896 ), #2594, .T. ) ;
#2644 = CARTESIAN_POINT ( 'NONE',  ( 16.16137039704820921, 20.31429751936825667, 1.956763301910337205 ) ) ;
#2645 = CIRCLE ( 'NONE', #936, 20.40832198700114120 ) ;
#2646 = CARTESIAN_POINT ( 'NONE',  ( 15.39143569713559856, 8.822546873278081847, 19.05684268616125010 ) ) ;
#2647 = CIRCLE ( 'NONE', #2400, 0.7500000000000007772 ) ;
#2648 = CARTESIAN_POINT ( 'NONE',  ( 19.06423657720008435, -1.864496113965078861, 10.06276813645693302 ) ) ;
#2649 = ORIENTED_EDGE ( 'NONE', *, *, #914, .F. ) ;
#2650 = CARTESIAN_POINT ( 'NONE',  ( 15.37145724498213895, 3.374631415129833112, 19.39037315977422082 ) ) ;
#2651 = CARTESIAN_POINT ( 'NONE',  ( 7.418031413246570338, -19.99999999999999645, 2.449293598294706119E-15 ) ) ;
#2652 = DIRECTION ( 'NONE',  ( 1.000000000000000000, 1.224646799147353207E-16, -2.465190328815661892E-32 ) ) ;
#2653 = CARTESIAN_POINT ( 'NONE',  ( 15.19945137117259470, 4.016210107373964000, -20.61239051807707057 ) ) ;
#2654 = ORIENTED_EDGE ( 'NONE', *, *, #4892, .F. ) ;
#2655 = CONICAL_SURFACE ( 'NONE', #4499, 7.500000000000000000, 0.1732306711105734143 ) ;
#2656 = EDGE_LOOP ( 'NONE', ( #2558, #2503, #3141, #517 ) ) ;
#2657 = DIRECTION ( 'NONE',  ( -2.081544907286531627E-16, 0.7111427899707145617, -0.7030476031341464926 ) ) ;
#2658 = DIRECTION ( 'NONE',  ( -1.000000000000000000, -1.224646799147353207E-16, 0.000000000000000000 ) ) ;
#2659 = ORIENTED_EDGE ( 'NONE', *, *, #1352, .F. ) ;
#2660 = DIRECTION ( 'NONE',  ( 1.278982976889412868E-16, -0.8935906416409874486, 0.4488827966982565365 ) ) ;
#2661 = DIRECTION ( 'NONE',  ( -1.499759782661857608E-32, 1.224646799147353207E-16, 1.000000000000000000 ) ) ;
#2662 = CARTESIAN_POINT ( 'NONE',  ( 14.32001258001401212, -10.55855765525251577, 2.157852336386152370 ) ) ;
#2663 = CARTESIAN_POINT ( 'NONE',  ( 0.09999999999999939493, -2.437047130303233156E-15, 0.000000000000000000 ) ) ;
#2664 = DIRECTION ( 'NONE',  ( -1.000000000000000000, -1.224646799147353207E-16, 0.000000000000000000 ) ) ;
#2665 = CARTESIAN_POINT ( 'NONE',  ( 14.32001258001401212, -10.55855765525251577, 2.157852336386152370 ) ) ;
#2666 = EDGE_CURVE ( 'NONE', #4530, #1699, #1668, .T. ) ;
#2667 = DIRECTION ( 'NONE',  ( 0.000000000000000000, -1.000000000000000000, 0.000000000000000000 ) ) ;
#2668 = CARTESIAN_POINT ( 'NONE',  ( 18.42320388915669938, -4.355474269762427575, -9.236844941091227668 ) ) ;
#2669 = EDGE_LOOP ( 'NONE', ( #1745, #3299, #4140, #4793 ) ) ;
#2670 = CARTESIAN_POINT ( 'NONE',  ( 14.33221794005226712, -6.941031157979783714E-16, 0.000000000000000000 ) ) ;
#2671 = CARTESIAN_POINT ( 'NONE',  ( 18.36286942986333059, -10.32973922444439729, 1.769311189444577215 ) ) ;
#2672 = FACE_OUTER_BOUND ( 'NONE', #4481, .T. ) ;
#2673 = DIRECTION ( 'NONE',  ( -1.000000000000000000, 0.000000000000000000, 0.000000000000000000 ) ) ;
#2674 = ORIENTED_EDGE ( 'NONE', *, *, #2921, .F. ) ;
#2675 = VECTOR ( 'NONE', #2968, 1000.000000000000000 ) ;
#2676 = ORIENTED_EDGE ( 'NONE', *, *, #2107, .F. ) ;
#2677 = CARTESIAN_POINT ( 'NONE',  ( 19.11952606956353051, 7.870642499669492587, -6.055323628596307017 ) ) ;
#2678 = DIRECTION ( 'NONE',  ( 1.226200593105923645E-16, -1.000000000000000000, 0.000000000000000000 ) ) ;
#2679 = EDGE_LOOP ( 'NONE', ( #863, #1824, #4241, #3526 ) ) ;
#2680 = DIRECTION ( 'NONE',  ( 1.000000000000000000, 1.224646799147353207E-16, -0.000000000000000000 ) ) ;
#2681 = LINE ( 'NONE', #425, #3893 ) ;
#2682 = CARTESIAN_POINT ( 'NONE',  ( 18.92545569602838640, -0.2282030170412699399, -10.93659696264004033 ) ) ;
#2683 = CARTESIAN_POINT ( 'NONE',  ( 15.83221794005226002, 20.91368945140510860, 1.901997247681121994 ) ) ;
#2684 = CARTESIAN_POINT ( 'NONE',  ( 18.18980072945038273, -0.8691082231499547284, -11.17811785933203161 ) ) ;
#2685 = FACE_OUTER_BOUND ( 'NONE', #1006, .T. ) ;
#2686 = CARTESIAN_POINT ( 'NONE',  ( 20.00000000000000000, 0.000000000000000000, 0.000000000000000000 ) ) ;
#2687 = CARTESIAN_POINT ( 'NONE',  ( 18.18979366850652823, -0.8690930833240504416, 11.17814715710348850 ) ) ;
#2688 = AXIS2_PLACEMENT_3D ( 'NONE', #83, #4419, #2870 ) ;
#2689 = EDGE_CURVE ( 'NONE', #3457, #2574, #3455, .T. ) ;
#2690 = ORIENTED_EDGE ( 'NONE', *, *, #3974, .T. ) ;
#2691 = CARTESIAN_POINT ( 'NONE',  ( 15.22970941424992297, -5.841921096841585800E-16, 0.000000000000000000 ) ) ;
#2692 = DIRECTION ( 'NONE',  ( 1.012148567159331355E-16, -0.9885676152953464246, -0.1507782145711772936 ) ) ;
#2693 = CARTESIAN_POINT ( 'NONE',  ( 28.99999999999999645, -5.244893519845039265, 2.710334946299556513 ) ) ;
#2694 = AXIS2_PLACEMENT_3D ( 'NONE', #590, #2932, #3337 ) ;
#2695 = CIRCLE ( 'NONE', #3813, 17.97821543665347832 ) ;
#2696 = CARTESIAN_POINT ( 'NONE',  ( 14.70510654246227311, 7.312581296013545895, -8.788959816618802989 ) ) ;
#2697 = ORIENTED_EDGE ( 'NONE', *, *, #4757, .T. ) ;
#2698 = TOROIDAL_SURFACE ( 'NONE', #4715, 269.1527857348445991, 236.2527857348445934 ) ;
#2699 = ORIENTED_EDGE ( 'NONE', *, *, #4645, .F. ) ;
#2700 = CARTESIAN_POINT ( 'NONE',  ( 15.02560793283363516, 8.782905688999942839, -18.42904663565315460 ) ) ;
#2701 = CARTESIAN_POINT ( 'NONE',  ( 14.32001258001401212, -10.55855765525251577, 2.157852336386152370 ) ) ;
#2702 = AXIS2_PLACEMENT_3D ( 'NONE', #3065, #5009, #4960 ) ;
#2703 = B_SPLINE_CURVE_WITH_KNOTS ( 'NONE', 3,
 ( #3630, #142, #4369, #4730, #2127, #171, #2048, #1723, #3254, #976 ),
 .UNSPECIFIED., .F., .F.,
 ( 4, 2, 2, 2, 4 ),
 ( 5.651432404165509419E-07, 0.0003283357421046770460, 0.0006561063409689375965, 0.0009838769398331980928, 0.001311647538697458589 ),
 .UNSPECIFIED. ) ;
#2704 = ORIENTED_EDGE ( 'NONE', *, *, #188, .F. ) ;
#2705 = AXIS2_PLACEMENT_3D ( 'NONE', #1163, #695, #2708 ) ;
#2706 = FACE_OUTER_BOUND ( 'NONE', #4918, .T. ) ;
#2707 = CARTESIAN_POINT ( 'NONE',  ( 19.18532477634181177, 8.383232431693091513, 4.547256532816012609 ) ) ;
#2708 = DIRECTION ( 'NONE',  ( -1.652117596168388002E-16, 1.000000000000000000, 0.000000000000000000 ) ) ;
#2709 = CARTESIAN_POINT ( 'NONE',  ( 15.80786333825919954, -18.13864321821018066, -10.58287383070240040 ) ) ;
#2710 = CARTESIAN_POINT ( 'NONE',  ( 19.01091110140517770, -1.461704485647469687, -10.41621811977614698 ) ) ;
#2711 = ADVANCED_FACE ( 'NONE', ( #3334 ), #4997, .T. ) ;
#2712 = AXIS2_PLACEMENT_3D ( 'NONE', #4988, #4211, #78 ) ;
#2713 = CARTESIAN_POINT ( 'NONE',  ( 14.44470321908979926, -10.70992027269713098, 2.394103394322059319 ) ) ;
#2714 = CARTESIAN_POINT ( 'NONE',  ( 15.71530254681542260, 8.613285801392025931, 19.15251691077771667 ) ) ;
#2715 = EDGE_CURVE ( 'NONE', #2582, #4432, #4785, .T. ) ;
#2716 = CARTESIAN_POINT ( 'NONE',  ( 18.80661654244304515, -0.6943277787201983520, 11.51634351724781702 ) ) ;
#2717 = AXIS2_PLACEMENT_3D ( 'NONE', #1785, #2538, #3264 ) ;
#2718 = ORIENTED_EDGE ( 'NONE', *, *, #2478, .T. ) ;
#2719 = CARTESIAN_POINT ( 'NONE',  ( 13.77803019910892424, -9.926594664305911309, 1.215657238207279889E-15 ) ) ;
#2720 = EDGE_CURVE ( 'NONE', #3435, #1832, #3692, .T. ) ;
#2721 = DIRECTION ( 'NONE',  ( 1.000000000000000000, 1.224646799147353207E-16, -0.000000000000000000 ) ) ;
#2722 = DIRECTION ( 'NONE',  ( 2.298614068971663948E-16, -0.8883932117545823015, -0.4590833271949417704 ) ) ;
#2723 = DIRECTION ( 'NONE',  ( -1.000000000000000000, 0.000000000000000000, 0.000000000000000000 ) ) ;
#2724 = ORIENTED_EDGE ( 'NONE', *, *, #3331, .F. ) ;
#2725 = VECTOR ( 'NONE', #4445, 1000.000000000000114 ) ;
#2726 = VERTEX_POINT ( 'NONE', #1343 ) ;
#2727 = CARTESIAN_POINT ( 'NONE',  ( 14.33221794005226712, 8.861462174840761818, -18.94409715601186761 ) ) ;
#2728 = DIRECTION ( 'NONE',  ( -1.224646799147353207E-16, 1.000000000000000000, 0.000000000000000000 ) ) ;
#2729 = EDGE_CURVE ( 'NONE', #3269, #2066, #4071, .T. ) ;
#2730 = VERTEX_POINT ( 'NONE', #3287 ) ;
#2731 = CARTESIAN_POINT ( 'NONE',  ( -4.999999999999992895, -4.000000000000007105, 4.898587196589420717E-16 ) ) ;
#2732 = CARTESIAN_POINT ( 'NONE',  ( 18.47743373205507922, 7.746722698892702930, 6.268135461170463607 ) ) ;
#2733 = CARTESIAN_POINT ( 'NONE',  ( 5.000000000000006217, 2.012461179749811979, 1.800000000000000266 ) ) ;
#2734 = DIRECTION ( 'NONE',  ( 0.000000000000000000, 0.000000000000000000, 1.000000000000000000 ) ) ;
#2735 = EDGE_LOOP ( 'NONE', ( #864, #139, #2923, #116, #4138, #882, #4057, #3955, #3018 ) ) ;
#2736 = FACE_OUTER_BOUND ( 'NONE', #3422, .T. ) ;
#2737 = CARTESIAN_POINT ( 'NONE',  ( 7.418031413246567674, -1.540846755674013973E-15, 0.000000000000000000 ) ) ;
#2738 = CARTESIAN_POINT ( 'NONE',  ( 18.85554940496507470, -0.8100827982601600530, 11.27530154860753520 ) ) ;
#2739 = EDGE_CURVE ( 'NONE', #3269, #2496, #4433, .T. ) ;
#2740 = CARTESIAN_POINT ( 'NONE',  ( 18.42320388915669582, 8.952933936886356747, 4.912680989243426666 ) ) ;
#2741 = CARTESIAN_POINT ( 'NONE',  ( 15.68821549964284578, 2.837998300762434756, 18.35190979644615794 ) ) ;
#2742 = CARTESIAN_POINT ( 'NONE',  ( 14.15916972526788520, 7.294866582872613137, 7.590593026807348487 ) ) ;
#2743 = DIRECTION ( 'NONE',  ( -0.000000000000000000, 0.000000000000000000, -1.000000000000000000 ) ) ;
#2744 = EDGE_LOOP ( 'NONE', ( #818, #2258, #3706, #3573 ) ) ;
#2745 = ORIENTED_EDGE ( 'NONE', *, *, #692, .F. ) ;
#2746 = CARTESIAN_POINT ( 'NONE',  ( 18.97571454886832854, 10.03009672908267014, -3.676533058954797095 ) ) ;
#2747 = DIRECTION ( 'NONE',  ( -1.012148567159333944E-16, -0.1620855897317050598, 0.9867767030090066616 ) ) ;
#2748 = CONICAL_SURFACE ( 'NONE', #2025, 25.19959792024635092, 0.9262896392523124467 ) ;
#2749 = ORIENTED_EDGE ( 'NONE', *, *, #3483, .F. ) ;
#2750 = VERTEX_POINT ( 'NONE', #3662 ) ;
#2751 = EDGE_CURVE ( 'NONE', #1902, #2105, #101, .T. ) ;
#2752 = VECTOR ( 'NONE', #3014, 1000.000000000000114 ) ;
#2753 = DIRECTION ( 'NONE',  ( -1.000000000000000000, -1.224646799147353207E-16, 0.000000000000000000 ) ) ;
#2754 = CARTESIAN_POINT ( 'NONE',  ( 19.21697865132099636, 7.182602252265136045, 5.988524710517858729 ) ) ;
#2755 = CARTESIAN_POINT ( 'NONE',  ( 14.33221794005226712, 4.007032904195614087, -20.61416229936821054 ) ) ;
#2756 =( NAMED_UNIT ( * ) SI_UNIT ( $, .STERADIAN. ) SOLID_ANGLE_UNIT ( ) );
#2757 = CARTESIAN_POINT ( 'NONE',  ( 19.10123694587635157, -1.001169191113128853, 9.962767231820878422 ) ) ;
#2758 = CARTESIAN_POINT ( 'NONE',  ( -4.999999999999993783, 2.012461179749810647, 1.800000000000000266 ) ) ;
#2759 = CARTESIAN_POINT ( 'NONE',  ( 18.32568745337549387, -10.45233359259615114, 1.998958534329734027 ) ) ;
#2760 = DIRECTION ( 'NONE',  ( 1.000000000000000000, 1.224646799147353207E-16, -0.000000000000000000 ) ) ;
#2761 = CARTESIAN_POINT ( 'NONE',  ( 15.02560793283365825, -17.93784178864059697, -9.746949482101813445 ) ) ;
#2762 = CARTESIAN_POINT ( 'NONE',  ( 15.80786333825919954, -15.67006012714976926, 13.98058696641879273 ) ) ;
#2763 = CARTESIAN_POINT ( 'NONE',  ( 3.170041743989857608, 32.99874609610466081, 0.000000000000000000 ) ) ;
#2764 = VERTEX_POINT ( 'NONE', #2161 ) ;
#2765 = ADVANCED_FACE ( 'NONE', ( #2959, #1858 ), #4217, .T. ) ;
#2766 = ORIENTED_EDGE ( 'NONE', *, *, #4080, .T. ) ;
#2767 = AXIS2_PLACEMENT_3D ( 'NONE', #4451, #502, #2078 ) ;
#2768 = CARTESIAN_POINT ( 'NONE',  ( 14.80283521913047728, -15.03107617849782507, -14.15747693319832834 ) ) ;
#2769 = DIRECTION ( 'NONE',  ( 0.000000000000000000, -0.8883932117545825236, -0.4590833271949414374 ) ) ;
#2770 = EDGE_CURVE ( 'NONE', #192, #4507, #2793, .T. ) ;
#2771 = ORIENTED_EDGE ( 'NONE', *, *, #3761, .T. ) ;
#2772 = VERTEX_POINT ( 'NONE', #332 ) ;
#2773 = CIRCLE ( 'NONE', #903, 32.99874609610467502 ) ;
#2774 = CLOSED_SHELL ( 'NONE', ( #2004, #2000, #3673, #3576, #4311, #284, #3506, #1547, #3969, #783, #1490, #3985, #3484, #53, #1981, #4519, #4200, #603, #926, #2201, #1726, #54, #4353, #1464, #955, #3426, #666, #3056, #3418, #3088, #3946, #1739, #852, #4690, #4725, #2996, #2929, #2813, #4784, #1887, #788, #2876, #4718, #3608, #3973, #4902, #1777, #4264, #2410, #2807, #351, #3198, #3145, #1641, #4425, #2902, #4139, #4376, #587, #3082, #4618, #1394, #316, #4128, #2643, #754, #2046, #562, #2814, #5019, #3845, #900, #4869, #1975, #4176, #2206, #1580, #2571, #4719, #3456, #3772, #1811, #2540, #2260, #438, #2414, #436, #4703, #1927, #4796, #3461, #1400, #4849, #980, #1021, #1044, #1508 ) ) ;
#2775 = ORIENTED_EDGE ( 'NONE', *, *, #4004, .T. ) ;
#2776 = CARTESIAN_POINT ( 'NONE',  ( 15.83480435235251882, 14.39691806002348784, 3.618107743525940112 ) ) ;
#2777 = CARTESIAN_POINT ( 'NONE',  ( 19.06423657719954790, 8.994100222983536952, 4.882807543413620444 ) ) ;
#2778 = DIRECTION ( 'NONE',  ( 0.8823529411764713393, 0.4705882352941161417, 0.000000000000000000 ) ) ;
#2779 = EDGE_CURVE ( 'NONE', #1868, #579, #1111, .T. ) ;
#2780 = EDGE_CURVE ( 'NONE', #2883, #4399, #576, .T. ) ;
#2781 = CIRCLE ( 'NONE', #667, 20.40832198700114120 ) ;
#2782 = EDGE_CURVE ( 'NONE', #2845, #2726, #5005, .T. ) ;
#2783 = AXIS2_PLACEMENT_3D ( 'NONE', #700, #2617, #3416 ) ;
#2784 = CARTESIAN_POINT ( 'NONE',  ( 20.00000000000000000, 0.000000000000000000, 0.000000000000000000 ) ) ;
#2785 = FACE_OUTER_BOUND ( 'NONE', #3530, .T. ) ;
#2786 = CARTESIAN_POINT ( 'NONE',  ( 18.36388945876986156, -4.867002640192171548, 9.276408340865392788 ) ) ;
#2787 = AXIS2_PLACEMENT_3D ( 'NONE', #4911, #1823, #3679 ) ;
#2788 = CARTESIAN_POINT ( 'NONE',  ( 18.48494877390131563, 8.185241904130945656, 5.622302358278058243 ) ) ;
#2789 = VECTOR ( 'NONE', #1885, 1000.000000000000000 ) ;
#2790 = CARTESIAN_POINT ( 'NONE',  ( 15.83221794005226357, -5.104060959258758464E-16, 0.000000000000000000 ) ) ;
#2791 = CARTESIAN_POINT ( 'NONE',  ( 16.07878658978781417, 8.186423654324499921, -18.92543298165568189 ) ) ;
#2792 = FACE_OUTER_BOUND ( 'NONE', #3750, .T. ) ;
#2793 = CIRCLE ( 'NONE', #2560, 55.92698714025925710 ) ;
#2794 = ORIENTED_EDGE ( 'NONE', *, *, #4202, .F. ) ;
#2795 = CARTESIAN_POINT ( 'NONE',  ( 18.23879110075061050, -1.007897265546366050, 10.96358813940545929 ) ) ;
#2796 = CARTESIAN_POINT ( 'NONE',  ( 28.99999999999999645, -0.7499815780235438156, 11.40864529650967718 ) ) ;
#2797 = CARTESIAN_POINT ( 'NONE',  ( 15.22970941424992120, 3.549241899149075952, 19.72826991950124409 ) ) ;
#2798 = AXIS2_PLACEMENT_3D ( 'NONE', #1316, #2085, #2832 ) ;
#2799 = ORIENTED_EDGE ( 'NONE', *, *, #365, .F. ) ;
#2800 = ORIENTED_EDGE ( 'NONE', *, *, #499, .T. ) ;
#2801 = ORIENTED_EDGE ( 'NONE', *, *, #1368, .T. ) ;
#2802 = CARTESIAN_POINT ( 'NONE',  ( 15.37145724498214427, 19.48415920402459989, 2.782489636188740789 ) ) ;
#2803 = CARTESIAN_POINT ( 'NONE',  ( 7.418031413246566785, 4.000000000000000000, 0.000000000000000000 ) ) ;
#2804 = FACE_OUTER_BOUND ( 'NONE', #490, .T. ) ;
#2805 = CARTESIAN_POINT ( 'NONE',  ( 15.83221794005226357, 8.271592331946822085, 19.30235115974420168 ) ) ;
#2806 = AXIS2_PLACEMENT_3D ( 'NONE', #424, #1994, #4729 ) ;
#2807 = ADVANCED_FACE ( 'NONE', ( #1063 ), #2655, .F. ) ;
#2808 = ORIENTED_EDGE ( 'NONE', *, *, #2271, .F. ) ;
#2809 = DIRECTION ( 'NONE',  ( -1.499759782661857608E-32, 1.224646799147353207E-16, 1.000000000000000000 ) ) ;
#2810 = DIRECTION ( 'NONE',  ( 1.000000000000000000, 1.224646799147353207E-16, -0.000000000000000000 ) ) ;
#2811 = DIRECTION ( 'NONE',  ( 2.302785849846831563E-16, -0.8935906416409949982, -0.4488827966982416595 ) ) ;
#2812 = CARTESIAN_POINT ( 'NONE',  ( 18.89975179206069811, -5.724233629245416566, 9.494577617534087466 ) ) ;
#2813 = ADVANCED_FACE ( 'NONE', ( #3387 ), #310, .T. ) ;
#2814 = ADVANCED_FACE ( 'NONE', ( #668 ), #3291, .T. ) ;
#2815 = FACE_OUTER_BOUND ( 'NONE', #1628, .T. ) ;
#2816 = DIRECTION ( 'NONE',  ( -1.286465501812323225E-16, 0.8883932117545746410, -0.4590833271949565364 ) ) ;
#2817 = CARTESIAN_POINT ( 'NONE',  ( -36.17039518766870287, 5.836302901449456293, 0.8901640288046700489 ) ) ;
#2818 = DIRECTION ( 'NONE',  ( -0.000000000000000000, 0.000000000000000000, -1.000000000000000000 ) ) ;
#2819 = ORIENTED_EDGE ( 'NONE', *, *, #530, .T. ) ;
#2820 = FACE_OUTER_BOUND ( 'NONE', #570, .T. ) ;
#2821 = CARTESIAN_POINT ( 'NONE',  ( 5.644723921803030287, -3.469446951953614189E-15, 0.000000000000000000 ) ) ;
#2822 = EDGE_LOOP ( 'NONE', ( #710, #2126, #1122, #1077 ) ) ;
#2823 = ORIENTED_EDGE ( 'NONE', *, *, #1045, .F. ) ;
#2824 = ORIENTED_EDGE ( 'NONE', *, *, #408, .T. ) ;
#2825 = DIRECTION ( 'NONE',  ( -1.000000000000000000, -1.224646799147353207E-16, 0.000000000000000000 ) ) ;
#2826 = VECTOR ( 'NONE', #2989, 1000.000000000000227 ) ;
#2827 = DIRECTION ( 'NONE',  ( -1.000000000000000000, -1.224646799147353207E-16, 0.000000000000000000 ) ) ;
#2828 = CARTESIAN_POINT ( 'NONE',  ( 14.57599858709623142, 7.270322851386182172, 8.511895056633811407 ) ) ;
#2829 = AXIS2_PLACEMENT_3D ( 'NONE', #3586, #26, #1238 ) ;
#2830 = CARTESIAN_POINT ( 'NONE',  ( 14.57515554931854851, 10.34014069969267879, 4.284464325368690929 ) ) ;
#2831 = DIRECTION ( 'NONE',  ( 0.9850330519469497892, 0.1723655608643380743, 0.000000000000000000 ) ) ;
#2832 = DIRECTION ( 'NONE',  ( 0.000000000000000000, -1.000000000000000000, 0.000000000000000000 ) ) ;
#2833 = CARTESIAN_POINT ( 'NONE',  ( 19.16245220678156613, -4.418577923632734716, 8.600201747403307451 ) ) ;
#2834 = DIRECTION ( 'NONE',  ( -1.000000000000000000, -1.224646799147353207E-16, 0.000000000000000000 ) ) ;
#2835 = DIRECTION ( 'NONE',  ( 0.000000000000000000, -1.000000000000000000, -1.224646799147353454E-16 ) ) ;
#2836 = DIRECTION ( 'NONE',  ( -1.000000000000000000, -1.224646799147353207E-16, 0.000000000000000000 ) ) ;
#2837 = ORIENTED_EDGE ( 'NONE', *, *, #377, .T. ) ;
#2838 = CARTESIAN_POINT ( 'NONE',  ( 15.49806240675995639, -18.31545043693875385, -10.99864148732594771 ) ) ;
#2839 = EDGE_CURVE ( 'NONE', #4010, #1832, #4460, .T. ) ;
#2840 = VERTEX_POINT ( 'NONE', #1088 ) ;
#2841 = ORIENTED_EDGE ( 'NONE', *, *, #1523, .F. ) ;
#2842 = DIRECTION ( 'NONE',  ( -1.000000000000000000, -1.224646799147353207E-16, 0.000000000000000000 ) ) ;
#2843 = CARTESIAN_POINT ( 'NONE',  ( 15.19609989511502413, 20.64302300193651263, -2.592137430334611192 ) ) ;
#2844 = VERTEX_POINT ( 'NONE', #3438 ) ;
#2845 = VERTEX_POINT ( 'NONE', #1548 ) ;
#2846 = CARTESIAN_POINT ( 'NONE',  ( 3.170041743989861160, -2.061075450800638586E-15, 0.000000000000000000 ) ) ;
#2847 = CARTESIAN_POINT ( 'NONE',  ( 14.70510654246227311, -6.099085611835032061, -9.670616038725453834 ) ) ;
#2848 = CARTESIAN_POINT ( 'NONE',  ( 15.76450214191841503, -12.73241636174295621, -13.00277723165721433 ) ) ;
#2849 = DATE_TIME_ROLE ( 'creation_date' ) ;
#2850 = AXIS2_PLACEMENT_3D ( 'NONE', #3555, #1260, #64 ) ;
#2851 = AXIS2_PLACEMENT_3D ( 'NONE', #3028, #2179, #1392 ) ;
#2852 = AXIS2_PLACEMENT_3D ( 'NONE', #860, #2041, #1157 ) ;
#2853 = DIRECTION ( 'NONE',  ( -1.224646799147353207E-16, 1.000000000000000000, 0.000000000000000000 ) ) ;
#2854 = FACE_OUTER_BOUND ( 'NONE', #2448, .T. ) ;
#2855 = CARTESIAN_POINT ( 'NONE',  ( 15.96918268402513696, 20.72875511708956253, -1.919161523589907326 ) ) ;
#2856 = CARTESIAN_POINT ( 'NONE',  ( 16.16137039704821277, 8.138455651402626501, -18.71537191549413848 ) ) ;
#2857 = CARTESIAN_POINT ( 'NONE',  ( 18.13424309457172257, -6.099085611834869525, 9.670616038725553310 ) ) ;
#2858 = AXIS2_PLACEMENT_3D ( 'NONE', #891, #2449, #1339 ) ;
#2859 = CARTESIAN_POINT ( 'NONE',  ( 18.13424309457172257, -11.08202350442305395, -2.812190412536465178 ) ) ;
#2860 = CARTESIAN_POINT ( 'NONE',  ( 12.33221794005226535, 22.99999999999999289, 0.000000000000000000 ) ) ;
#2861 = EDGE_CURVE ( 'NONE', #3680, #2104, #199, .T. ) ;
#2862 = CYLINDRICAL_SURFACE ( 'NONE', #3710, 20.99999999999999645 ) ;
#2863 = ORIENTED_EDGE ( 'NONE', *, *, #159, .F. ) ;
#2864 = CARTESIAN_POINT ( 'NONE',  ( 15.00197104962198935, -18.36699211836383228, 10.18104122985270621 ) ) ;
#2865 = TOROIDAL_SURFACE ( 'NONE', #505, 16.30704420490882001, 10.28806150457966240 ) ;
#2866 = LOCAL_TIME ( 15, 54, 54.00000000000000000, #94 ) ;
#2867 = ORIENTED_EDGE ( 'NONE', *, *, #4886, .F. ) ;
#2868 = AXIS2_PLACEMENT_3D ( 'NONE', #4949, #5003, #2312 ) ;
#2869 = EDGE_LOOP ( 'NONE', ( #228, #186, #2528, #258 ) ) ;
#2870 = DIRECTION ( 'NONE',  ( 0.000000000000000000, -1.000000000000000000, -1.224646799147352714E-16 ) ) ;
#2871 = CARTESIAN_POINT ( 'NONE',  ( 14.32001258001400856, 9.810406359139564714, -4.460425263749256075 ) ) ;
#2872 = CARTESIAN_POINT ( 'NONE',  ( 15.10136482101755462, 8.874942871418129542, -19.03248247152916406 ) ) ;
#2873 = EDGE_LOOP ( 'NONE', ( #2977, #2234, #466, #4559 ) ) ;
#2874 = EDGE_LOOP ( 'NONE', ( #3227, #1720, #897, #858 ) ) ;
#2875 = ORIENTED_EDGE ( 'NONE', *, *, #3667, .T. ) ;
#2876 = ADVANCED_FACE ( 'NONE', ( #4120 ), #1769, .T. ) ;
#2877 = CARTESIAN_POINT ( 'NONE',  ( 17.62072582935174836, -2.913770497378355403E-16, 0.000000000000000000 ) ) ;
#2878 = FACE_OUTER_BOUND ( 'NONE', #1826, .T. ) ;
#2879 = AXIS2_PLACEMENT_3D ( 'NONE', #1768, #4518, #2943 ) ;
#2880 = DIRECTION ( 'NONE',  ( -1.000000000000000000, -1.224646799147353207E-16, 0.000000000000000000 ) ) ;
#2881 = AXIS2_PLACEMENT_3D ( 'NONE', #1863, #2664, #3108 ) ;
#2882 = DIRECTION ( 'NONE',  ( 1.000000000000000000, 1.224646799147353207E-16, -0.000000000000000000 ) ) ;
#2883 = VERTEX_POINT ( 'NONE', #2238 ) ;
#2884 = CARTESIAN_POINT ( 'NONE',  ( 0.5000000000000034417, -3.469446951953614189E-15, 0.000000000000000000 ) ) ;
#2885 = CARTESIAN_POINT ( 'NONE',  ( 20.00000000000000000, 0.000000000000000000, 0.000000000000000000 ) ) ;
#2886 = DIRECTION ( 'NONE',  ( 6.462380036219373459E-17, 0.4590833271949565364, 0.8883932117545746410 ) ) ;
#2887 = DIRECTION ( 'NONE',  ( -0.9850330519469494561, -0.1723655608643394344, 0.000000000000000000 ) ) ;
#2888 = B_SPLINE_CURVE_WITH_KNOTS ( 'NONE', 3,
 ( #2602, #275, #1666, #3606, #3751, #4494 ),
 .UNSPECIFIED., .F., .F.,
 ( 4, 2, 4 ),
 ( 0.000000000000000000, 0.0004198938236725319401, 0.0008397876473450638802 ),
 .UNSPECIFIED. ) ;
#2889 = CARTESIAN_POINT ( 'NONE',  ( 13.77834854798522102, -3.448773729709930791, 9.317239068439876704 ) ) ;
#2890 = CARTESIAN_POINT ( 'NONE',  ( 15.46262465994939994, 8.029789124878130124, -18.46547997704998068 ) ) ;
#2891 = ORIENTED_EDGE ( 'NONE', *, *, #1733, .T. ) ;
#2892 = CARTESIAN_POINT ( 'NONE',  ( 18.86914364109006570, 6.660082534119314168, -9.022514155996010032 ) ) ;
#2893 = EDGE_CURVE ( 'NONE', #972, #4313, #2309, .T. ) ;
#2894 = VERTEX_POINT ( 'NONE', #1497 ) ;
#2895 = CARTESIAN_POINT ( 'NONE',  ( 16.10191943618044164, 20.40244089150463580, -2.631654874483161155 ) ) ;
#2896 = CARTESIAN_POINT ( 'NONE',  ( 20.00000000000000000, -18.36699211836383228, 10.18104122985270621 ) ) ;
#2897 = ORIENTED_EDGE ( 'NONE', *, *, #1953, .F. ) ;
#2898 = EDGE_CURVE ( 'NONE', #3391, #4629, #1018, .T. ) ;
#2899 = EDGE_LOOP ( 'NONE', ( #4163, #2424, #138, #3100, #1481 ) ) ;
#2900 = CARTESIAN_POINT ( 'NONE',  ( 18.85555543971940651, 7.282820791811570160, 8.645723407479295020 ) ) ;
#2901 = CARTESIAN_POINT ( 'NONE',  ( 15.19609989511503123, -15.17693627037346893, 14.23074771616881762 ) ) ;
#2902 = ADVANCED_FACE ( 'NONE', ( #3835 ), #4509, .T. ) ;
#2903 = CARTESIAN_POINT ( 'NONE',  ( 16.10191943618044164, 20.40244089150464646, 2.631654874483110529 ) ) ;
#2904 = DIRECTION ( 'NONE',  ( 0.000000000000000000, 1.000000000000000000, 0.000000000000000000 ) ) ;
#2905 = CARTESIAN_POINT ( 'NONE',  ( 12.33221794005226890, 0.000000000000000000, 0.000000000000000000 ) ) ;
#2906 = CARTESIAN_POINT ( 'NONE',  ( 18.13424309457171901, 7.312581296013546783, -8.788959816618802989 ) ) ;
#2907 = CARTESIAN_POINT ( 'NONE',  ( 18.80661654244304870, -11.16725262926318685, -2.898400901492522053 ) ) ;
#2908 = CONICAL_SURFACE ( 'NONE', #2348, 25.94117647058823550, 0.4899573262537263441 ) ;
#2909 = B_SPLINE_CURVE_WITH_KNOTS ( 'NONE', 3,
 ( #1690, #2872, #948, #4060, #4363, #4338, #137, #4421, #166, #1363 ),
 .UNSPECIFIED., .F., .F.,
 ( 4, 2, 2, 2, 4 ),
 ( 0.000000000000000000, 0.0002946598545078778263, 0.0005893197090157556526, 0.0008839795635236292505, 0.001178639418031502848 ),
 .UNSPECIFIED. ) ;
#2910 = CARTESIAN_POINT ( 'NONE',  ( 14.32001258001403876, -5.315013277283295423, 9.374972017411080216 ) ) ;
#2911 = FACE_OUTER_BOUND ( 'NONE', #4207, .T. ) ;
#2912 = ORIENTED_EDGE ( 'NONE', *, *, #327, .T. ) ;
#2913 = DIRECTION ( 'NONE',  ( 0.6008041595073017049, 0.7993962483766887672, 0.000000000000000000 ) ) ;
#2914 = ORIENTED_EDGE ( 'NONE', *, *, #3884, .F. ) ;
#2915 = ORIENTED_EDGE ( 'NONE', *, *, #3707, .T. ) ;
#2916 = DIRECTION ( 'NONE',  ( 1.000000000000000000, 1.224646799147353207E-16, -0.000000000000000000 ) ) ;
#2917 = CARTESIAN_POINT ( 'NONE',  ( 16.16137039704821632, -17.58476853304786047, -10.35738972735138219 ) ) ;
#2918 = CARTESIAN_POINT ( 'NONE',  ( 15.00197104962198225, 4.007032904195614087, -20.61416229936821054 ) ) ;
#2919 = EDGE_CURVE ( 'NONE', #1716, #15, #80, .T. ) ;
#2920 = ORIENTED_EDGE ( 'NONE', *, *, #2479, .F. ) ;
#2921 = EDGE_CURVE ( 'NONE', #913, #1767, #716, .T. ) ;
#2922 = EDGE_LOOP ( 'NONE', ( #3083, #1149, #2724, #3647, #3805, #373 ) ) ;
#2923 = ORIENTED_EDGE ( 'NONE', *, *, #3954, .T. ) ;
#2924 = CARTESIAN_POINT ( 'NONE',  ( 15.80786333825919421, 20.89492778299475972, -2.099902201894563891 ) ) ;
#2925 = CARTESIAN_POINT ( 'NONE',  ( 15.22970941424992475, -14.46738312548718142, -13.87431358935431192 ) ) ;
#2926 = ADVANCED_FACE ( 'NONE', ( #4682 ), #1433, .T. ) ;
#2927 = COORDINATED_UNIVERSAL_TIME_OFFSET ( 5, 0, .BEHIND. ) ;
#2928 = VERTEX_POINT ( 'NONE', #2332 ) ;
#2929 = ADVANCED_FACE ( 'NONE', ( #2373 ), #62, .F. ) ;
#2930 = EDGE_CURVE ( 'NONE', #4310, #3269, #2394, .T. ) ;
#2931 = CIRCLE ( 'NONE', #4726, 30.31597898765162924 ) ;
#2932 = DIRECTION ( 'NONE',  ( 1.000000000000000000, 1.224646799147353207E-16, -0.000000000000000000 ) ) ;
#2933 = AXIS2_PLACEMENT_3D ( 'NONE', #2529, #3202, #1637 ) ;
#2934 = EDGE_CURVE ( 'NONE', #2476, #3449, #4598, .T. ) ;
#2935 = CARTESIAN_POINT ( 'NONE',  ( 14.95638818340801812, -14.89135614129991758, 14.08729052106595070 ) ) ;
#2936 = DIRECTION ( 'NONE',  ( -1.387778780781445676E-16, 1.000000000000000000, 0.000000000000000000 ) ) ;
#2937 = CARTESIAN_POINT ( 'NONE',  ( 18.97753207998094993, -10.49053298924781430, -2.067003446208381057 ) ) ;
#2938 = CIRCLE ( 'NONE', #4973, 4.000000000000003553 ) ;
#2939 = AXIS2_PLACEMENT_3D ( 'NONE', #3562, #2387, #1198 ) ;
#2940 = CARTESIAN_POINT ( 'NONE',  ( 15.79337818020426454, -18.11417641266598011, 10.82119642137396731 ) ) ;
#2941 = EDGE_CURVE ( 'NONE', #3328, #37, #3205, .T. ) ;
#2942 = DIRECTION ( 'NONE',  ( 0.9850330519469499002, -0.1723655608643378800, 2.110869323957498111E-17 ) ) ;
#2943 = DIRECTION ( 'NONE',  ( -1.224646799147353207E-16, 1.000000000000000000, 0.000000000000000000 ) ) ;
#2944 = AXIS2_PLACEMENT_3D ( 'NONE', #878, #2816, #487 ) ;
#2945 = AXIS2_PLACEMENT_3D ( 'NONE', #563, #2563, #4024 ) ;
#2946 = VERTEX_POINT ( 'NONE', #4634 ) ;
#2947 = CARTESIAN_POINT ( 'NONE',  ( 15.46262465994942303, 20.16462055182432422, -2.670718676749403997 ) ) ;
#2948 = CARTESIAN_POINT ( 'NONE',  ( 15.94569792126995722, 8.859618193659102303, 18.93200721261666075 ) ) ;
#2949 = ORIENTED_EDGE ( 'NONE', *, *, #4426, .F. ) ;
#2950 = CIRCLE ( 'NONE', #3184, 0.4999999999999970024 ) ;
#2951 = ORIENTED_EDGE ( 'NONE', *, *, #1455, .F. ) ;
#2952 = FACE_OUTER_BOUND ( 'NONE', #140, .T. ) ;
#2953 = CARTESIAN_POINT ( 'NONE',  ( 15.19609989511502590, 20.64302300193651263, 2.592137430334560566 ) ) ;
#2954 = PERSON_AND_ORGANIZATION ( #2229, #3757 ) ;
#2955 = ORIENTED_EDGE ( 'NONE', *, *, #530, .F. ) ;
#2956 = EDGE_LOOP ( 'NONE', ( #1487, #1334, #4231, #2837 ) ) ;
#2957 = AXIS2_PLACEMENT_3D ( 'NONE', #4593, #3806, #1137 ) ;
#2958 = EDGE_CURVE ( 'NONE', #4735, #478, #2108, .T. ) ;
#2959 = FACE_BOUND ( 'NONE', #4339, .T. ) ;
#2960 = FACE_OUTER_BOUND ( 'NONE', #2669, .T. ) ;
#2961 = CARTESIAN_POINT ( 'NONE',  ( 19.16226026710409513, -4.421257497600869613, -8.600122780165282421 ) ) ;
#2962 = CARTESIAN_POINT ( 'NONE',  ( 14.43467158840843112, -15.24482402802574477, 14.26485018445403163 ) ) ;
#2963 = CARTESIAN_POINT ( 'NONE',  ( 19.10123694577278997, -5.046004761046923193, -8.648520487786647948 ) ) ;
#2964 = DIRECTION ( 'NONE',  ( -1.000000000000000000, -8.462101261039414178E-17, -1.164708318489093331E-16 ) ) ;
#2965 = CIRCLE ( 'NONE', #2485, 0.7500000000000003331 ) ;
#2966 = EDGE_CURVE ( 'NONE', #1049, #2946, #4343, .T. ) ;
#2967 = CARTESIAN_POINT ( 'NONE',  ( 15.94569792126584495, -18.29553631821510962, 10.10876265746354896 ) ) ;
#2968 = DIRECTION ( 'NONE',  ( 0.8823529411764715613, -0.4705882352941159197, 5.763043760693407136E-17 ) ) ;
#2969 = CARTESIAN_POINT ( 'NONE',  ( 19.18532477622876442, 6.915259246666137116, -6.567748285592425184 ) ) ;
#2970 = EDGE_CURVE ( 'NONE', #2772, #3457, #3443, .T. ) ;
#2971 = ORIENTED_EDGE ( 'NONE', *, *, #2380, .F. ) ;
#2972 = EDGE_LOOP ( 'NONE', ( #4036, #3043, #1943, #472 ) ) ;
#2973 = CARTESIAN_POINT ( 'NONE',  ( 16.07878658978781417, 4.501134540365371528, 20.12285600109373718 ) ) ;
#2974 = CARTESIAN_POINT ( 'NONE',  ( 15.49806240675993863, 21.28234992461787911, -1.867463777642163203 ) ) ;
#2975 = DIRECTION ( 'NONE',  ( 0.3527547862872247308, 0.6578527512995349102, 0.6654275455367674175 ) ) ;
#2976 = CARTESIAN_POINT ( 'NONE',  ( 15.00197104962198225, 4.007032904195614087, -20.61416229936821054 ) ) ;
#2977 = ORIENTED_EDGE ( 'NONE', *, *, #2986, .T. ) ;
#2978 = ORIENTED_EDGE ( 'NONE', *, *, #2172, .F. ) ;
#2979 = CARTESIAN_POINT ( 'NONE',  ( 19.26470588235295267, -25.94117647058823550, 3.176877873082251580E-15 ) ) ;
#2980 = CARTESIAN_POINT ( 'NONE',  ( 15.36364019208452270, -14.97833794227655702, -14.13098461572680797 ) ) ;
#2981 = DIRECTION ( 'NONE',  ( -1.000000000000000000, -1.224646799147353207E-16, 0.000000000000000000 ) ) ;
#2982 = DIRECTION ( 'NONE',  ( 1.000000000000000000, 1.224646799147353207E-16, -0.000000000000000000 ) ) ;
#2983 = CARTESIAN_POINT ( 'NONE',  ( 18.18957372837409991, 7.273616008890135376, -8.533486430888375551 ) ) ;
#2984 = DIRECTION ( 'NONE',  ( 1.000000000000000000, 1.224646799147353207E-16, -0.000000000000000000 ) ) ;
#2985 = CARTESIAN_POINT ( 'NONE',  ( 19.11952606956513634, -3.326792706205228711, -9.356623744416308952 ) ) ;
#2986 = EDGE_CURVE ( 'NONE', #1803, #2337, #3578, .T. ) ;
#2987 = CARTESIAN_POINT ( 'NONE',  ( 15.46262465994942836, -17.88332976276346642, 9.691809781751416608 ) ) ;
#2988 = VECTOR ( 'NONE', #2116, 1000.000000000000000 ) ;
#2989 = DIRECTION ( 'NONE',  ( -1.208452930813158323E-16, 0.9867767030090066616, 0.1620855897317050598 ) ) ;
#2990 = DIRECTION ( 'NONE',  ( 1.000000000000000000, 1.224646799147353207E-16, -0.000000000000000000 ) ) ;
#2991 = TOROIDAL_SURFACE ( 'NONE', #3478, 55.18023718033725089, 0.7500000000000000000 ) ;
#2992 = ORIENTED_EDGE ( 'NONE', *, *, #4143, .F. ) ;
#2993 = FACE_OUTER_BOUND ( 'NONE', #4863, .T. ) ;
#2995 = EDGE_CURVE ( 'NONE', #1128, #4507, #1268, .T. ) ;
#2994 = EDGE_LOOP ( 'NONE', ( #729, #397 ) ) ;
#2996 = ADVANCED_FACE ( 'NONE', ( #2706 ), #4247, .T. ) ;
#2997 = LINE ( 'NONE', #4160, #4215 ) ;
#2998 = DIRECTION ( 'NONE',  ( 1.212044605522343980E-16, -1.000000000000000000, 0.000000000000000000 ) ) ;
#2999 = CARTESIAN_POINT ( 'NONE',  ( 16.16137039704820921, 20.31429751936825312, -1.956763301910390496 ) ) ;
#3000 = EDGE_LOOP ( 'NONE', ( #4811, #1246, #2914, #4855, #809, #473, #4584 ) ) ;
#3001 = VERTEX_POINT ( 'NONE', #2731 ) ;
#3002 = CARTESIAN_POINT ( 'NONE',  ( 15.83221794005226002, 20.91368945140510505, -1.901997247681173731 ) ) ;
#3003 = CARTESIAN_POINT ( 'NONE',  ( 15.42014407859633529, -15.77015268526294811, -14.52874170911569429 ) ) ;
#3004 = EDGE_LOOP ( 'NONE', ( #3745, #1092, #920, #3151 ) ) ;
#3005 = ORIENTED_EDGE ( 'NONE', *, *, #47, .F. ) ;
#3006 = DIRECTION ( 'NONE',  ( -1.499759782661857608E-32, 1.224646799147353207E-16, 1.000000000000000000 ) ) ;
#3007 = CARTESIAN_POINT ( 'NONE',  ( -36.17039518766870287, 0.8466611016249594446, 5.154470868202144729 ) ) ;
#3008 = CARTESIAN_POINT ( 'NONE',  ( 13.77803019910892424, -9.926594664305911309, 1.215657238207279889E-15 ) ) ;
#3009 = CARTESIAN_POINT ( 'NONE',  ( 19.50000000000000000, 24.66778205994773643, 0.000000000000000000 ) ) ;
#3010 = ORIENTED_EDGE ( 'NONE', *, *, #47, .T. ) ;
#3011 = DIRECTION ( 'NONE',  ( 1.000000000000000000, 1.224646799147353207E-16, 0.000000000000000000 ) ) ;
#3012 = AXIS2_PLACEMENT_3D ( 'NONE', #1753, #3554, #2450 ) ;
#3013 = CARTESIAN_POINT ( 'NONE',  ( -36.17039518766870287, -4.198442943339816935, -4.150650600467989726 ) ) ;
#3014 = DIRECTION ( 'NONE',  ( -0.6008041595073085883, 0.7993962483766836602, 9.789780568249082586E-17 ) ) ;
#3015 = CARTESIAN_POINT ( 'NONE',  ( 19.10123694577272602, -1.001169191486714238, 9.962767232360571157 ) ) ;
#3016 = VECTOR ( 'NONE', #786, 1000.000000000000000 ) ;
#3017 = TOROIDAL_SURFACE ( 'NONE', #3658, 19.49999999999999645, 1.500000000000001332 ) ;
#3018 = ORIENTED_EDGE ( 'NONE', *, *, #1368, .F. ) ;
#3019 = DIRECTION ( 'NONE',  ( -0.000000000000000000, 0.000000000000000000, -1.000000000000000000 ) ) ;
#3020 = CIRCLE ( 'NONE', #4894, 0.7499999999999997780 ) ;
#3021 = CARTESIAN_POINT ( 'NONE',  ( 14.02300515190534824, 9.146746962666670200, 4.772359776430083578 ) ) ;
#3022 = LINE ( 'NONE', #4578, #513 ) ;
#3023 = DIRECTION ( 'NONE',  ( -1.224646799147353207E-16, 1.000000000000000000, 0.000000000000000000 ) ) ;
#3024 = EDGE_LOOP ( 'NONE', ( #204, #2978, #4566, #2177 ) ) ;
#3025 = EDGE_CURVE ( 'NONE', #2764, #4106, #2573, .T. ) ;
#3026 = AXIS2_PLACEMENT_3D ( 'NONE', #1807, #2109, #4842 ) ;
#3027 = ORIENTED_EDGE ( 'NONE', *, *, #3089, .F. ) ;
#3028 = CARTESIAN_POINT ( 'NONE',  ( 0.3619247386862540772, -2.404970601018269939E-15, 0.000000000000000000 ) ) ;
#3029 = FACE_OUTER_BOUND ( 'NONE', #444, .T. ) ;
#3030 = TOROIDAL_SURFACE ( 'NONE', #3833, 8.539301101228399915, 0.7500000000000000000 ) ;
#3031 = EDGE_CURVE ( 'NONE', #2350, #4005, #1680, .T. ) ;
#3032 = AXIS2_PLACEMENT_3D ( 'NONE', #2905, #234, #1760 ) ;
#3033 = DIRECTION ( 'NONE',  ( -0.000000000000000000, -0.1620855897317074468, -0.9867767030090063285 ) ) ;
#3034 = CARTESIAN_POINT ( 'NONE',  ( 14.43467158840842934, -18.27758842281442497, 10.09060810241827966 ) ) ;
#3035 = DIRECTION ( 'NONE',  ( -1.023802872957410437E-16, 0.9867767030090066616, 0.1620855897317050598 ) ) ;
#3036 = DIRECTION ( 'NONE',  ( 0.000000000000000000, -0.7030476031341463816, -0.7111427899707145617 ) ) ;
#3037 = CIRCLE ( 'NONE', #2408, 55.92698714025927131 ) ;
#3038 = CARTESIAN_POINT ( 'NONE',  ( 18.86914364109006570, -6.522842194442663555, -9.122225099328991504 ) ) ;
#3039 = CIRCLE ( 'NONE', #686, 20.99999999999999645 ) ;
#3040 = CARTESIAN_POINT ( 'NONE',  ( 0.1003018758116532988, 25.19959792024634737, 3.086060693282999444E-15 ) ) ;
#3041 = CIRCLE ( 'NONE', #846, 21.49999999999999645 ) ;
#3042 = CARTESIAN_POINT ( 'NONE',  ( 18.23906308542474619, -1.008488937848797118, -10.96245598616799022 ) ) ;
#3043 = ORIENTED_EDGE ( 'NONE', *, *, #692, .T. ) ;
#3044 = CARTESIAN_POINT ( 'NONE',  ( 15.76450214191841503, 2.657900520495333208, 18.00339431796219003 ) ) ;
#3045 = CARTESIAN_POINT ( 'NONE',  ( 18.44603654216123800, -10.05526745732693783, 1.039682028476968334 ) ) ;
#3046 = CARTESIAN_POINT ( 'NONE',  ( 13.77787315996086370, 7.915997656929276260, -5.992396759368136649 ) ) ;
#3047 = CARTESIAN_POINT ( 'NONE',  ( 18.92542535232765388, -10.47195873849306658, -3.162680038730804277 ) ) ;
#3048 = ORIENTED_EDGE ( 'NONE', *, *, #2921, .T. ) ;
#3049 = VECTOR ( 'NONE', #4660, 1000.000000000000000 ) ;
#3050 = VERTEX_POINT ( 'NONE', #811 ) ;
#3051 = CARTESIAN_POINT ( 'NONE',  ( 15.19102690686195700, 8.740239143269157296, -18.14930618716772770 ) ) ;
#3052 = CARTESIAN_POINT ( 'NONE',  ( 0.1003018758116563935, -2.437010161178584327E-15, 0.000000000000000000 ) ) ;
#3053 = CARTESIAN_POINT ( 'NONE',  ( 16.16137039704821632, -15.28445531086758180, 13.52349925778109707 ) ) ;
#3054 = CARTESIAN_POINT ( 'NONE',  ( 19.01091110140410123, 7.305043165108900283, 7.567729136141830182 ) ) ;
#3055 = CARTESIAN_POINT ( 'NONE',  ( 14.32001258001400856, 9.810406359139578925, 4.460425263749230318 ) ) ;
#3056 = ADVANCED_FACE ( 'NONE', ( #501 ), #4482, .F. ) ;
#3057 = DIRECTION ( 'NONE',  ( 1.000000000000000000, 1.224646799147353207E-16, -0.000000000000000000 ) ) ;
#3058 = FACE_OUTER_BOUND ( 'NONE', #3004, .T. ) ;
#3059 = DIRECTION ( 'NONE',  ( -2.168404344971007882E-16, 1.000000000000000000, 0.000000000000000000 ) ) ;
#3060 = DIRECTION ( 'NONE',  ( -8.260587980841940012E-17, 1.000000000000000000, 0.000000000000000000 ) ) ;
#3061 = CARTESIAN_POINT ( 'NONE',  ( 18.44603654216123445, -4.096044895357344728, -9.241848222835798765 ) ) ;
#3062 = EDGE_CURVE ( 'NONE', #1966, #1128, #2888, .T. ) ;
#3063 = CIRCLE ( 'NONE', #1707, 236.2527857348446503 ) ;
#3064 = ORIENTED_EDGE ( 'NONE', *, *, #3467, .F. ) ;
#3065 = CARTESIAN_POINT ( 'NONE',  ( 15.46262465994940349, 20.04305635952553999, 1.930636149492600095 ) ) ;
#3066 = DIRECTION ( 'NONE',  ( -1.144428472313823324E-16, 1.000000000000000000, 0.000000000000000000 ) ) ;
#3067 = DIRECTION ( 'NONE',  ( -1.337428530231552063E-16, 1.000000000000000000, 0.000000000000000000 ) ) ;
#3068 = CARTESIAN_POINT ( 'NONE',  ( 17.49999999999999645, 25.00000000000000000, 0.000000000000000000 ) ) ;
#3069 = EDGE_LOOP ( 'NONE', ( #1880, #3197, #3300, #3351 ) ) ;
#3070 = CIRCLE ( 'NONE', #3318, 21.49999999999999645 ) ;
#3071 = ORIENTED_EDGE ( 'NONE', *, *, #1679, .F. ) ;
#3072 = CARTESIAN_POINT ( 'NONE',  ( 18.85555543971641157, 10.47308697642503716, -4.254698709485485786 ) ) ;
#3073 = CARTESIAN_POINT ( 'NONE',  ( 15.49806240675995817, -16.12011510156189331, -14.02026135231022508 ) ) ;
#3074 = ORIENTED_EDGE ( 'NONE', *, *, #1523, .T. ) ;
#3075 = EDGE_CURVE ( 'NONE', #4069, #3602, #1087, .T. ) ;
#3076 = DIRECTION ( 'NONE',  ( 1.000000000000000000, 1.224646799147353207E-16, -0.000000000000000000 ) ) ;
#3077 = CARTESIAN_POINT ( 'NONE',  ( 20.00000000000000355, -20.99999999999999645, 2.571758278209441267E-15 ) ) ;
#3078 = CARTESIAN_POINT ( 'NONE',  ( 18.36286942986333059, 7.316959556165480549, -7.503071196753880123 ) ) ;
#3079 = CARTESIAN_POINT ( 'NONE',  ( 20.00000000000000000, 0.000000000000000000, 0.000000000000000000 ) ) ;
#3080 = DIRECTION ( 'NONE',  ( -1.224646799147353207E-16, 1.000000000000000000, 0.000000000000000000 ) ) ;
#3081 = EDGE_CURVE ( 'NONE', #2143, #4890, #1741, .T. ) ;
#3082 = ADVANCED_FACE ( 'NONE', ( #1722 ), #628, .T. ) ;
#3083 = ORIENTED_EDGE ( 'NONE', *, *, #4892, .T. ) ;
#3084 = EDGE_CURVE ( 'NONE', #2946, #1945, #1167, .T. ) ;
#3085 = DIRECTION ( 'NONE',  ( -1.387778780781445676E-16, 1.000000000000000000, 0.000000000000000000 ) ) ;
#3086 = CYLINDRICAL_SURFACE ( 'NONE', #4541, 25.00000000000000000 ) ;
#3087 = CARTESIAN_POINT ( 'NONE',  ( 18.18957372837410347, -5.868156919507954150, -9.554612230696212904 ) ) ;
#3088 = ADVANCED_FACE ( 'NONE', ( #2481 ), #4134, .T. ) ;
#3089 = EDGE_CURVE ( 'NONE', #420, #1693, #1494, .T. ) ;
#3090 = ORIENTED_EDGE ( 'NONE', *, *, #376, .F. ) ;
#3091 = LINE ( 'NONE', #4184, #4648 ) ;
#3092 = FACE_OUTER_BOUND ( 'NONE', #4133, .T. ) ;
#3093 = DIRECTION ( 'NONE',  ( -1.224646799147353207E-16, 1.000000000000000000, 0.000000000000000000 ) ) ;
#3094 = TOROIDAL_SURFACE ( 'NONE', #4068, 19.49999999999999645, 2.499999999999994227 ) ;
#3095 = CONICAL_SURFACE ( 'NONE', #2851, 26.14030680603399759, 0.4899573262537276208 ) ;
#3096 = CARTESIAN_POINT ( 'NONE',  ( 19.21692034013947747, -9.331042625822767889, -0.6246664807592867685 ) ) ;
#3097 = VERTEX_POINT ( 'NONE', #1457 ) ;
#3098 =( BOUNDED_SURFACE ( )  B_SPLINE_SURFACE ( 3, 2, ( 
 ( #2590, #148, #1728 ),
 ( #206, #3261, #2209 ),
 ( #4072, #4455, #3235 ),
 ( #619, #536, #2133 ) ),
 .UNSPECIFIED., .F., .F., .T. ) 
 B_SPLINE_SURFACE_WITH_KNOTS ( ( 4, 4 ),
 ( 3, 3 ),
 ( 1.084202172485504434E-19, 0.0008361757575728904698 ),
 ( 0.000000000000000000, 1.000000000000000000 ),
 .UNSPECIFIED. ) 
 GEOMETRIC_REPRESENTATION_ITEM ( )  RATIONAL_B_SPLINE_SURFACE ( (
 ( 1.000000000000000000, 0.7392545563716670376, 1.000000000000000000),
 ( 1.000000000000000000, 0.7514166459590060354, 1.000000000000000000),
 ( 1.000000000000000000, 0.7616871162901377446, 1.000000000000000000),
 ( 1.000000000000000000, 0.7696469335709790194, 1.000000000000000000) ) ) 
 REPRESENTATION_ITEM ( '' )  SURFACE ( )  );
#3099 = AXIS2_PLACEMENT_3D ( 'NONE', #2500, #521, #3979 ) ;
#3100 = ORIENTED_EDGE ( 'NONE', *, *, #2357, .T. ) ;
#3101 = PLANE ( 'NONE',  #904 ) ;
#3102 = B_SPLINE_CURVE_WITH_KNOTS ( 'NONE', 3,
 ( #3002, #4503, #2924, #4585, #1033, #4116, #3408, #1002, #2632, #4065 ),
 .UNSPECIFIED., .F., .F.,
 ( 4, 2, 2, 2, 4 ),
 ( 4.336808689942017736E-19, 0.0002960619375290610275, 0.0005921238750581216213, 0.0008881858125871737583, 0.001184247750116225895 ),
 .UNSPECIFIED. ) ;
#3103 = DIRECTION ( 'NONE',  ( -0.1774377838674803254, -0.8794111632416286017, -0.4417599334731514560 ) ) ;
#3104 = CARTESIAN_POINT ( 'NONE',  ( 14.33221794005226712, -4.198442943339808942, -4.150650600467988838 ) ) ;
#3105 = CARTESIAN_POINT ( 'NONE',  ( 19.11958564739121513, 7.872510742967455677, 6.052349282412230913 ) ) ;
#3106 = CARTESIAN_POINT ( 'NONE',  ( 15.04390458109207174, -0.4123412476556512773, -12.06202859262359439 ) ) ;
#3107 = AXIS2_PLACEMENT_3D ( 'NONE', #1942, #3894, #1920 ) ;
#3108 = DIRECTION ( 'NONE',  ( 0.000000000000000000, 1.000000000000000000, 0.000000000000000000 ) ) ;
#3109 = ORIENTED_EDGE ( 'NONE', *, *, #567, .T. ) ;
#3110 = ADVANCED_FACE ( 'NONE', ( #2993 ), #4548, .F. ) ;
#3111 = AXIS2_PLACEMENT_3D ( 'NONE', #290, #4567, #1573 ) ;
#3112 = AXIS2_PLACEMENT_3D ( 'NONE', #3079, #770, #2335 ) ;
#3113 = CARTESIAN_POINT ( 'NONE',  ( 17.00000000000000000, -3.673940397442058882E-16, 0.000000000000000000 ) ) ;
#3114 = CARTESIAN_POINT ( 'NONE',  ( 15.64697572671804693, 8.682054368656881849, 19.12132956327961608 ) ) ;
#3115 = CARTESIAN_POINT ( 'NONE',  ( 18.47699635493043147, -3.577640457787894857, -9.302750558108670020 ) ) ;
#3116 = EDGE_CURVE ( 'NONE', #478, #1965, #4823, .T. ) ;
#3117 = VECTOR ( 'NONE', #2913, 1000.000000000000114 ) ;
#3118 = EDGE_LOOP ( 'NONE', ( #2419, #950, #3366, #810 ) ) ;
#3119 = CARTESIAN_POINT ( 'NONE',  ( 15.22970941425003488, 8.724589098369037288, 18.04669767963086358 ) ) ;
#3120 = CARTESIAN_POINT ( 'NONE',  ( 18.36353445633487169, -10.32754586506367822, -1.764629723140426876 ) ) ;
#3121 = DIRECTION ( 'NONE',  ( 1.000000000000000000, 1.224646799147353207E-16, -0.000000000000000000 ) ) ;
#3122 = EDGE_CURVE ( 'NONE', #1693, #3680, #2253, .T. ) ;
#3123 = VERTEX_POINT ( 'NONE', #1282 ) ;
#3124 = VECTOR ( 'NONE', #565, 1000.000000000000000 ) ;
#3125 = ORIENTED_EDGE ( 'NONE', *, *, #2780, .F. ) ;
#3126 = CARTESIAN_POINT ( 'NONE',  ( 18.80661654244304870, 10.73813446268078131, -4.219090818286068689 ) ) ;
#3127 = CARTESIAN_POINT ( 'NONE',  ( 19.85739519834307742, -1.746405138921926232E-17, 0.000000000000000000 ) ) ;
#3128 = ORIENTED_EDGE ( 'NONE', *, *, #4739, .T. ) ;
#3129 = CARTESIAN_POINT ( 'NONE',  ( 15.88143132485929776, 14.79448380441926858, 3.552804541756970025 ) ) ;
#3130 = CARTESIAN_POINT ( 'NONE',  ( 18.48494926851507714, 8.184883952001849039, 5.622792255578578313 ) ) ;
#3131 = CARTESIAN_POINT ( 'NONE',  ( 15.95993128910245318, 1.748415885612175202, -16.24340886878052359 ) ) ;
#3132 = CARTESIAN_POINT ( 'NONE',  ( 16.16137039704821277, 8.138455651402624724, -18.71537191549414203 ) ) ;
#3133 = DIRECTION ( 'NONE',  ( 1.000000000000000000, 1.224646799147353207E-16, -0.000000000000000000 ) ) ;
#3134 = PLANE ( 'NONE',  #1983 ) ;
#3135 = EDGE_CURVE ( 'NONE', #3680, #3328, #745, .T. ) ;
#3136 = CARTESIAN_POINT ( 'NONE',  ( 15.71430869653329587, -15.55242915279590044, -14.11133161509895295 ) ) ;
#3137 = EDGE_CURVE ( 'NONE', #2296, #3199, #912, .T. ) ;
#3138 = CARTESIAN_POINT ( 'NONE',  ( 0.1003018758116563935, -2.437010161178584327E-15, 0.000000000000000000 ) ) ;
#3139 = CARTESIAN_POINT ( 'NONE',  ( 15.48447013105908177, -15.42468378528674400, 14.25069971797095825 ) ) ;
#3140 = DIRECTION ( 'NONE',  ( -0.8823529411764706731, -0.4705882352941174740, 0.000000000000000000 ) ) ;
#3141 = ORIENTED_EDGE ( 'NONE', *, *, #1568, .F. ) ;
#3142 = EDGE_CURVE ( 'NONE', #4288, #107, #1133, .T. ) ;
#3143 = EDGE_CURVE ( 'NONE', #2606, #845, #2226, .T. ) ;
#3144 = EDGE_LOOP ( 'NONE', ( #1465, #3280, #4039, #4061, #2268, #1873 ) ) ;
#3145 = ADVANCED_FACE ( 'NONE', ( #1585 ), #3423, .F. ) ;
#3146 = CARTESIAN_POINT ( 'NONE',  ( 18.47743373205399564, 8.355220040034737394, -5.430610722167723559 ) ) ;
#3147 = CARTESIAN_POINT ( 'NONE',  ( 15.46262465994942481, 4.357500943738238597, -19.65867873734564242 ) ) ;
#3148 = AXIS2_PLACEMENT_3D ( 'NONE', #4053, #623, #1736 ) ;
#3149 = ORIENTED_EDGE ( 'NONE', *, *, #814, .T. ) ;
#3150 = ORIENTED_EDGE ( 'NONE', *, *, #2514, .F. ) ;
#3151 = ORIENTED_EDGE ( 'NONE', *, *, #3142, .T. ) ;
#3152 = DIRECTION ( 'NONE',  ( -1.214306433183764966E-16, 1.000000000000000000, 0.000000000000000000 ) ) ;
#3153 = CARTESIAN_POINT ( 'NONE',  ( 18.86914364109005859, 10.63899956840789507, 3.546004686946434781 ) ) ;
#3154 = LINE ( 'NONE', #3580, #4562 ) ;
#3155 = PLANE ( 'NONE',  #1662 ) ;
#3156 = ORIENTED_EDGE ( 'NONE', *, *, #4933, .F. ) ;
#3157 = FACE_OUTER_BOUND ( 'NONE', #2735, .T. ) ;
#3158 = CARTESIAN_POINT ( 'NONE',  ( 16.16137039704821277, 4.416470673144473835, -19.92471814401320529 ) ) ;
#3159 = CARTESIAN_POINT ( 'NONE',  ( 15.48362915461093259, -15.42439398979119147, -14.25101285977023302 ) ) ;
#3160 = CARTESIAN_POINT ( 'NONE',  ( 19.21657918419602851, 7.922541079642117623, 4.972753109166445640 ) ) ;
#3161 = CARTESIAN_POINT ( 'NONE',  ( 15.96918268402514407, 8.230768676250342253, -19.12116410305477743 ) ) ;
#3162 = CARTESIAN_POINT ( 'NONE',  ( 15.48362915461093259, -18.31991851487075351, 10.26566525316985512 ) ) ;
#3163 = VERTEX_POINT ( 'NONE', #2277 ) ;
#3164 = ORIENTED_EDGE ( 'NONE', *, *, #1007, .T. ) ;
#3165 = VECTOR ( 'NONE', #3508, 1000.000000000000000 ) ;
#3166 = DIRECTION ( 'NONE',  ( -1.224646799147353207E-16, 1.000000000000000000, 0.000000000000000000 ) ) ;
#3167 = CARTESIAN_POINT ( 'NONE',  ( 15.95993128910245318, -10.96213434472125670, 12.11350074898752638 ) ) ;
#3168 = CARTESIAN_POINT ( 'NONE',  ( 15.70457731070723817, -13.21764612931432481, -4.972403497709271036 ) ) ;
#3169 = VERTEX_POINT ( 'NONE', #1869 ) ;
#3170 = ORIENTED_EDGE ( 'NONE', *, *, #2462, .T. ) ;
#3171 = AXIS2_PLACEMENT_3D ( 'NONE', #4293, #813, #1669 ) ;
#3172 = CLOSED_SHELL ( 'NONE', ( #1606, #1115, #96, #3816, #1292, #650, #1634, #1110, #4489, #3720, #1369, #3110, #1671, #1142, #3674, #988, #2270, #4588, #4237, #4182, #4048, #2075, #4998, #1462, #2765, #2395 ) ) ;
#3173 = ORIENTED_EDGE ( 'NONE', *, *, #782, .T. ) ;
#3174 = CARTESIAN_POINT ( 'NONE',  ( 15.04388330914849981, 11.34420487300517344, 4.119539136961569703 ) ) ;
#3175 = FACE_OUTER_BOUND ( 'NONE', #115, .T. ) ;
#3176 = FACE_OUTER_BOUND ( 'NONE', #4366, .T. ) ;
#3177 = AXIS2_PLACEMENT_3D ( 'NONE', #1308, #141, #924 ) ;
#3178 = EDGE_CURVE ( 'NONE', #1385, #3552, #2544, .T. ) ;
#3179 = AXIS2_PLACEMENT_3D ( 'NONE', #4047, #2534, #2904 ) ;
#3180 = CARTESIAN_POINT ( 'NONE',  ( 19.50000000000000355, 0.000000000000000000, 0.000000000000000000 ) ) ;
#3181 = DIRECTION ( 'NONE',  ( -2.298614068971663455E-16, 0.8883932117545823015, 0.4590833271949418259 ) ) ;
#3182 = DIRECTION ( 'NONE',  ( -1.069396340127215433E-16, 0.7111427899707265521, 0.7030476031341341692 ) ) ;
#3183 = CARTESIAN_POINT ( 'NONE',  ( 19.06317880188185754, -9.933544607975257179, 2.405887217252298704 ) ) ;
#3184 = AXIS2_PLACEMENT_3D ( 'NONE', #1181, #349, #2723 ) ;
#3185 = DIRECTION ( 'NONE',  ( -1.652117596168388002E-16, 1.000000000000000000, 0.000000000000000000 ) ) ;
#3186 = CIRCLE ( 'NONE', #4422, 55.18023718033725800 ) ;
#3187 = CARTESIAN_POINT ( 'NONE',  ( 19.22459589515231215, 7.709960144754471223, 5.211808764857028820 ) ) ;
#3188 = DIRECTION ( 'NONE',  ( 0.000000000000000000, 0.000000000000000000, 1.000000000000000000 ) ) ;
#3189 = CARTESIAN_POINT ( 'NONE',  ( 15.46262465994940172, -17.88332976276362629, -9.691809781751098640 ) ) ;
#3190 = ORIENTED_EDGE ( 'NONE', *, *, #4529, .F. ) ;
#3191 = AXIS2_PLACEMENT_3D ( 'NONE', #3260, #2183, #231 ) ;
#3192 = ORIENTED_EDGE ( 'NONE', *, *, #1136, .F. ) ;
#3193 = CARTESIAN_POINT ( 'NONE',  ( 18.42339492369415055, -4.353227634586071204, 9.236911378885784174 ) ) ;
#3194 = DIRECTION ( 'NONE',  ( 1.000000000000000000, 1.224646799147353207E-16, -0.000000000000000000 ) ) ;
#3195 = CARTESIAN_POINT ( 'NONE',  ( 14.33221794005226890, -18.30413442075645136, 10.11745976218483456 ) ) ;
#3196 = CIRCLE ( 'NONE', #604, 25.94117647058823550 ) ;
#3197 = ORIENTED_EDGE ( 'NONE', *, *, #3705, .T. ) ;
#3198 = ADVANCED_FACE ( 'NONE', ( #4984 ), #322, .F. ) ;
#3199 = VERTEX_POINT ( 'NONE', #1482 ) ;
#3200 = ORIENTED_EDGE ( 'NONE', *, *, #1894, .T. ) ;
#3201 = DIRECTION ( 'NONE',  ( 0.000000000000000000, 0.9885676152953460916, -0.1507782145711797084 ) ) ;
#3202 = DIRECTION ( 'NONE',  ( 1.000000000000000000, 1.224646799147353207E-16, -0.000000000000000000 ) ) ;
#3203 = DIRECTION ( 'NONE',  ( -1.051387510861560765E-16, 1.000000000000000000, 0.000000000000000000 ) ) ;
#3204 = DATE_AND_TIME ( #4759, #2866 ) ;
#3205 = CIRCLE ( 'NONE', #3927, 1.499999999999999556 ) ;
#3206 = ORIENTED_EDGE ( 'NONE', *, *, #3208, .T. ) ;
#3207 = B_SPLINE_CURVE_WITH_KNOTS ( 'NONE', 3,
 ( #849, #3236, #3613, #126 ),
 .UNSPECIFIED., .F., .F.,
 ( 4, 4 ),
 ( 2.204532649881299488E-07, 0.0009207377340520649317 ),
 .UNSPECIFIED. ) ;
#3208 = EDGE_CURVE ( 'NONE', #3217, #1849, #4397, .T. ) ;
#3209 = CARTESIAN_POINT ( 'NONE',  ( 18.86914364109006570, -0.08481919454766292943, 11.21406557679531524 ) ) ;
#3210 = FACE_OUTER_BOUND ( 'NONE', #3024, .T. ) ;
#3211 = CARTESIAN_POINT ( 'NONE',  ( 17.75000000000000355, -2.755455298081542806E-16, 0.000000000000000000 ) ) ;
#3212 = CARTESIAN_POINT ( 'NONE',  ( 18.85554940496937704, -10.97377836251039795, 2.713825271198402334 ) ) ;
#3213 = CYLINDRICAL_SURFACE ( 'NONE', #3575, 20.99999999999999645 ) ;
#3214 = B_SPLINE_CURVE_WITH_KNOTS ( 'NONE', 3,
 ( #2614, #1116, #1140, #4198, #2242, #3809, #4150, #719, #2291, #2683 ),
 .UNSPECIFIED., .F., .F.,
 ( 4, 2, 2, 2, 4 ),
 ( 0.000000000000000000, 0.0002946598545078734895, 0.0005893197090157469790, 0.0008839795635236204685, 0.001178639418031493958 ),
 .UNSPECIFIED. ) ;
#3215 = CARTESIAN_POINT ( 'NONE',  ( 13.83221794005226180, 0.000000000000000000, 0.000000000000000000 ) ) ;
#3216 = CARTESIAN_POINT ( 'NONE',  ( 19.50000000000000711, -24.66778205994773643, 3.053496363730474985E-15 ) ) ;
#3217 = VERTEX_POINT ( 'NONE', #3119 ) ;
#3218 = FACE_OUTER_BOUND ( 'NONE', #1183, .T. ) ;
#3219 = ORIENTED_EDGE ( 'NONE', *, *, #2782, .T. ) ;
#3220 = ORIENTED_EDGE ( 'NONE', *, *, #293, .T. ) ;
#3221 = DIRECTION ( 'NONE',  ( 1.000000000000000000, 1.224646799147353207E-16, -0.000000000000000000 ) ) ;
#3222 = CARTESIAN_POINT ( 'NONE',  ( 14.80283521913048972, 8.819702708716427253, 18.67030391631875474 ) ) ;
#3223 = CARTESIAN_POINT ( 'NONE',  ( 14.33221794005226890, -15.27856463851703950, -14.28179930958306265 ) ) ;
#3224 = ORIENTED_EDGE ( 'NONE', *, *, #2779, .T. ) ;
#3225 = EDGE_LOOP ( 'NONE', ( #3282, #3125, #3982, #4602 ) ) ;
#3226 = EDGE_CURVE ( 'NONE', #2337, #2580, #1575, .T. ) ;
#3227 = ORIENTED_EDGE ( 'NONE', *, *, #1944, .T. ) ;
#3228 = DIRECTION ( 'NONE',  ( -1.131341397376178819E-16, 1.000000000000000000, 0.000000000000000000 ) ) ;
#3229 = AXIS2_PLACEMENT_3D ( 'NONE', #3798, #778, #1918 ) ;
#3230 = DIRECTION ( 'NONE',  ( 1.000000000000000000, 1.224646799147353207E-16, -0.000000000000000000 ) ) ;
#3231 = CARTESIAN_POINT ( 'NONE',  ( 15.94569792126896601, -15.26763624059443103, -14.27630958129254424 ) ) ;
#3232 = EDGE_LOOP ( 'NONE', ( #3924, #3048, #4551, #4466 ) ) ;
#3233 = AXIS2_PLACEMENT_3D ( 'NONE', #1145, #1912, #1865 ) ;
#3234 = CARTESIAN_POINT ( 'NONE',  ( 15.46262465994939994, 3.691206034922628998, 20.00299123274177049 ) ) ;
#3235 = CARTESIAN_POINT ( 'NONE',  ( 15.79337818020434447, 4.693981020039391439, -20.57153910825945786 ) ) ;
#3236 = CARTESIAN_POINT ( 'NONE',  ( 14.57515554931855029, -0.8794885150427875775, 11.15803048018357835 ) ) ;
#3237 = DIRECTION ( 'NONE',  ( -1.224646799147353207E-16, 1.000000000000000000, 0.000000000000000000 ) ) ;
#3238 = CARTESIAN_POINT ( 'NONE',  ( 18.18980072945154092, -5.867209503623235456, 9.554136309539487115 ) ) ;
#3239 = DIRECTION ( 'NONE',  ( -1.000000000000000000, 0.000000000000000000, 0.000000000000000000 ) ) ;
#3240 = CARTESIAN_POINT ( 'NONE',  ( 20.00000000000000000, 0.000000000000000000, 0.000000000000000000 ) ) ;
#3241 = DIRECTION ( 'NONE',  ( 2.298614068971663455E-16, -0.8883932117545823015, -0.4590833271949418259 ) ) ;
#3242 = ORIENTED_EDGE ( 'NONE', *, *, #2507, .F. ) ;
#3243 = CARTESIAN_POINT ( 'NONE',  ( 15.39062593997193140, -18.33904599433077820, 10.23132307967468968 ) ) ;
#3244 = EDGE_CURVE ( 'NONE', #1278, #3169, #1649, .T. ) ;
#3245 = ORIENTED_EDGE ( 'NONE', *, *, #1226, .T. ) ;
#3246 = ORIENTED_EDGE ( 'NONE', *, *, #4341, .F. ) ;
#3247 = DIRECTION ( 'NONE',  ( 1.000000000000000000, 1.224646799147353207E-16, -0.000000000000000000 ) ) ;
#3248 = CARTESIAN_POINT ( 'NONE',  ( 18.71744488330175926, 6.721821765502580633E-15, 0.000000000000000000 ) ) ;
#3249 = DIRECTION ( 'NONE',  ( 1.000000000000000000, 1.224646799147353454E-16, -1.232595164407830946E-32 ) ) ;
#3250 = ORIENTED_EDGE ( 'NONE', *, *, #808, .F. ) ;
#3251 = EDGE_LOOP ( 'NONE', ( #326, #1227, #3895, #4589 ) ) ;
#3252 = VERTEX_POINT ( 'NONE', #2719 ) ;
#3253 = DIRECTION ( 'NONE',  ( 1.224646799147353207E-16, -1.000000000000000000, 0.000000000000000000 ) ) ;
#3254 = CARTESIAN_POINT ( 'NONE',  ( 14.43467158840842934, 20.71799027951204053, -2.579823483968268327 ) ) ;
#3255 = DIRECTION ( 'NONE',  ( 0.1774377838674792152, -0.4517986021562867549, 0.8742962060685286474 ) ) ;
#3256 = TOROIDAL_SURFACE ( 'NONE', #4229, 55.18023718033725089, 0.7500000000000000000 ) ;
#3257 = AXIS2_PLACEMENT_3D ( 'NONE', #1498, #3335, #2639 ) ;
#3258 = ORIENTED_EDGE ( 'NONE', *, *, #4409, .T. ) ;
#3259 = ORIENTED_EDGE ( 'NONE', *, *, #4861, .F. ) ;
#3260 = CARTESIAN_POINT ( 'NONE',  ( 2.021784563346531449, 28.42239954983266159, 0.000000000000000000 ) ) ;
#3261 = CARTESIAN_POINT ( 'NONE',  ( 15.94569792126915431, 3.960372953528320306, -20.52386848781307549 ) ) ;
#3262 = FACE_OUTER_BOUND ( 'NONE', #4624, .T. ) ;
#3263 = CARTESIAN_POINT ( 'NONE',  ( 19.22466309474267732, -2.577988251128001895, -8.941642330481975876 ) ) ;
#3264 = DIRECTION ( 'NONE',  ( 0.000000000000000000, -0.8935906416409874486, 0.4488827966982565365 ) ) ;
#3265 = EDGE_CURVE ( 'NONE', #524, #3984, #3661, .T. ) ;
#3266 = AXIS2_PLACEMENT_3D ( 'NONE', #4, #345, #1100 ) ;
#3267 = CARTESIAN_POINT ( 'NONE',  ( 14.70510654245038040, -11.08202350442305395, -2.812190412536465178 ) ) ;
#3268 = DIRECTION ( 'NONE',  ( -0.000000000000000000, 0.000000000000000000, -1.000000000000000000 ) ) ;
#3269 = VERTEX_POINT ( 'NONE', #4280 ) ;
#3270 = DIRECTION ( 'NONE',  ( -1.000000000000000000, 0.000000000000000000, 0.000000000000000000 ) ) ;
#3271 = AXIS2_PLACEMENT_3D ( 'NONE', #3593, #4031, #2008 ) ;
#3272 = LOCAL_TIME ( 15, 54, 54.00000000000000000, #2532 ) ;
#3273 = ORIENTED_EDGE ( 'NONE', *, *, #1663, .T. ) ;
#3274 = AXIS2_PLACEMENT_3D ( 'NONE', #4049, #4025, #178 ) ;
#3275 = VERTEX_POINT ( 'NONE', #1150 ) ;
#3276 = EDGE_CURVE ( 'NONE', #203, #1849, #1806, .T. ) ;
#3277 = DIRECTION ( 'NONE',  ( 8.294471464601281835E-17, -1.000000000000000000, 0.000000000000000000 ) ) ;
#3278 = FACE_OUTER_BOUND ( 'NONE', #2441, .T. ) ;
#3279 = DIRECTION ( 'NONE',  ( -0.9850330519469495671, 0.1723655608643392123, 2.110869323957514751E-17 ) ) ;
#3280 = ORIENTED_EDGE ( 'NONE', *, *, #2271, .T. ) ;
#3281 = ORIENTED_EDGE ( 'NONE', *, *, #2357, .F. ) ;
#3282 = ORIENTED_EDGE ( 'NONE', *, *, #973, .F. ) ;
#3283 = AXIS2_PLACEMENT_3D ( 'NONE', #2604, #4161, #2998 ) ;
#3284 = CARTESIAN_POINT ( 'NONE',  ( 14.32001258001400856, 9.810406359139564714, -4.460425263749256075 ) ) ;
#3285 = AXIS2_PLACEMENT_3D ( 'NONE', #2036, #2818, #3270 ) ;
#3286 = DIRECTION ( 'NONE',  ( 0.000000000000000000, -0.8883932117545824125, -0.4590833271949414929 ) ) ;
#3287 = CARTESIAN_POINT ( 'NONE',  ( 16.16137039704821632, -17.58476853304786047, -10.35738972735138219 ) ) ;
#3288 = CYLINDRICAL_SURFACE ( 'NONE', #2694, 25.00000000000000000 ) ;
#3289 = CARTESIAN_POINT ( 'NONE',  ( 19.26470588235294912, -9.004755876083409207E-17, 0.000000000000000000 ) ) ;
#3290 = CARTESIAN_POINT ( 'NONE',  ( 17.50000000000000000, -3.061616997868382155E-16, 0.000000000000000000 ) ) ;
#3291 = TOROIDAL_SURFACE ( 'NONE', #362, 55.18023718033725089, 0.7500000000000000000 ) ;
#3292 = CARTESIAN_POINT ( 'NONE',  ( 18.42363533702621936, -10.12925233201191944, -1.283438758256501222 ) ) ;
#3293 = EDGE_CURVE ( 'NONE', #524, #3552, #2781, .T. ) ;
#3294 = FACE_OUTER_BOUND ( 'NONE', #4783, .T. ) ;
#3295 = LINE ( 'NONE', #1381, #2826 ) ;
#3296 = ORIENTED_EDGE ( 'NONE', *, *, #4318, .T. ) ;
#3297 = DIRECTION ( 'NONE',  ( -1.000000000000000000, -1.224646799147353207E-16, 0.000000000000000000 ) ) ;
#3298 = EDGE_CURVE ( 'NONE', #4797, #4268, #3847, .T. ) ;
#3299 = ORIENTED_EDGE ( 'NONE', *, *, #4879, .T. ) ;
#3300 = ORIENTED_EDGE ( 'NONE', *, *, #3832, .F. ) ;
#3301 = CARTESIAN_POINT ( 'NONE',  ( 15.31675430528524906, 12.08751710972065929, -3.997444440283574707 ) ) ;
#3302 = CARTESIAN_POINT ( 'NONE',  ( 28.99999999999999645, -4.303554425041840936, 13.24497860528950355 ) ) ;
#3303 = CARTESIAN_POINT ( 'NONE',  ( -36.17039518766870287, 2.313450983510229264, -4.605385111583167657 ) ) ;
#3304 = ORIENTED_EDGE ( 'NONE', *, *, #1318, .F. ) ;
#3305 = VERTEX_POINT ( 'NONE', #2341 ) ;
#3306 = EDGE_CURVE ( 'NONE', #2304, #1104, #3091, .T. ) ;
#3307 = EDGE_CURVE ( 'NONE', #3984, #456, #3902, .T. ) ;
#3308 = ORIENTED_EDGE ( 'NONE', *, *, #1517, .T. ) ;
#3309 = CARTESIAN_POINT ( 'NONE',  ( 15.79337818020437290, -15.88915772127777437, 13.88367192091112301 ) ) ;
#3310 = CARTESIAN_POINT ( 'NONE',  ( 15.10479532739163488, -15.27322580496947602, 14.27911742100688031 ) ) ;
#3311 = ORIENTED_EDGE ( 'NONE', *, *, #624, .F. ) ;
#3312 = EDGE_CURVE ( 'NONE', #4708, #4115, #3504, .T. ) ;
#3313 = CARTESIAN_POINT ( 'NONE',  ( 15.79337818020424677, 21.01521622559628355, 1.892713948428610626 ) ) ;
#3314 = DIRECTION ( 'NONE',  ( -1.000000000000000000, -2.215406871764438888E-16, 7.198293278060055070E-17 ) ) ;
#3315 = CARTESIAN_POINT ( 'NONE',  ( 18.13424309457172257, -0.7499815780237347740, -11.40864529650966652 ) ) ;
#3316 = CARTESIAN_POINT ( 'NONE',  ( 14.33221794005226712, 8.861462174840808004, 18.94409715601184985 ) ) ;
#3317 = CARTESIAN_POINT ( 'NONE',  ( 14.33221794005226890, -15.35845830444589666, 14.32193277845545154 ) ) ;
#3318 = AXIS2_PLACEMENT_3D ( 'NONE', #2569, #987, #2597 ) ;
#3319 = CARTESIAN_POINT ( 'NONE',  ( 14.71846512719366551, -18.15813582760134892, -9.969780079606277212 ) ) ;
#3320 = CARTESIAN_POINT ( 'NONE',  ( 18.97544250893952622, 6.596283725854623192, -8.404577513908153108 ) ) ;
#3321 = ORIENTED_EDGE ( 'NONE', *, *, #188, .T. ) ;
#3322 = ORIENTED_EDGE ( 'NONE', *, *, #403, .F. ) ;
#3323 = CARTESIAN_POINT ( 'NONE',  ( 14.15900358777833468, 7.294888447458612646, -7.590219822501335756 ) ) ;
#3324 = CARTESIAN_POINT ( 'NONE',  ( 7.418031413246567674, -1.540846755674013973E-15, 0.000000000000000000 ) ) ;
#3325 = VERTEX_POINT ( 'NONE', #3563 ) ;
#3326 = EDGE_CURVE ( 'NONE', #107, #4530, #1084, .T. ) ;
#3327 = ORIENTED_EDGE ( 'NONE', *, *, #3116, .F. ) ;
#3328 = VERTEX_POINT ( 'NONE', #2860 ) ;
#3329 = CARTESIAN_POINT ( 'NONE',  ( 0.3619247386862540772, -2.404970601018269939E-15, 0.000000000000000000 ) ) ;
#3330 = CARTESIAN_POINT ( 'NONE',  ( 14.70510654245037685, 10.61850939826811313, -4.238740146298066058 ) ) ;
#3331 = EDGE_CURVE ( 'NONE', #1085, #531, #3581, .T. ) ;
#3332 = PERSON_AND_ORGANIZATION_ROLE ( 'creator' ) ;
#3333 = EDGE_LOOP ( 'NONE', ( #3311, #3819, #857, #1273 ) ) ;
#3334 = FACE_OUTER_BOUND ( 'NONE', #2869, .T. ) ;
#3335 = DIRECTION ( 'NONE',  ( 1.000000000000000000, 1.224646799147353207E-16, -0.000000000000000000 ) ) ;
#3336 = AXIS2_PLACEMENT_3D ( 'NONE', #5045, #1095, #3085 ) ;
#3337 = DIRECTION ( 'NONE',  ( -1.387778780781445676E-16, 1.000000000000000000, 0.000000000000000000 ) ) ;
#3338 = VECTOR ( 'NONE', #717, 1000.000000000000000 ) ;
#3339 = EDGE_CURVE ( 'NONE', #1725, #999, #169, .T. ) ;
#3340 = FACE_OUTER_BOUND ( 'NONE', #2874, .T. ) ;
#3341 = CARTESIAN_POINT ( 'NONE',  ( 18.42344596033374060, -4.352960259413630517, -9.236821437250601008 ) ) ;
#3342 = EDGE_CURVE ( 'NONE', #685, #4258, #739, .T. ) ;
#3343 = CARTESIAN_POINT ( 'NONE',  ( 18.47703959845191335, -9.952850287719446243, 0.5265259604332216403 ) ) ;
#3344 = AXIS2_PLACEMENT_3D ( 'NONE', #1565, #3103, #1224 ) ;
#3345 = CLOSED_SHELL ( 'NONE', ( #4201, #32, #2711, #4760, #4194, #2926, #724, #153, #3883, #1293, #2392, #1147, #2607, #539, #3875, #3603, #3821, #1893, #4102, #2145, #4827, #1322 ) ) ;
#3346 = CARTESIAN_POINT ( 'NONE',  ( 17.75000000000000355, -6.869842638148169200, 8.413130797454164376E-16 ) ) ;
#3347 = CARTESIAN_POINT ( 'NONE',  ( 19.89969812418834749, -1.228343711612165424E-17, 0.000000000000000000 ) ) ;
#3348 = DIRECTION ( 'NONE',  ( 1.000000000000000000, 1.224646799147353207E-16, -0.000000000000000000 ) ) ;
#3349 = CIRCLE ( 'NONE', #491, 0.7499999999999997780 ) ;
#3350 = ORIENTED_EDGE ( 'NONE', *, *, #753, .T. ) ;
#3351 = ORIENTED_EDGE ( 'NONE', *, *, #1130, .F. ) ;
#3352 = CARTESIAN_POINT ( 'NONE',  ( 15.83221794005226357, 4.653778579181904185, 20.47785010531983119 ) ) ;
#3353 = AXIS2_PLACEMENT_3D ( 'NONE', #1561, #325, #2673 ) ;
#3354 = CARTESIAN_POINT ( 'NONE',  ( 15.22970941425003311, 19.85947572615599199, -2.720841038648719401 ) ) ;
#3355 = CARTESIAN_POINT ( 'NONE',  ( 16.01996565806098616, 8.220589221897279586, 19.07505054024605329 ) ) ;
#3356 = CARTESIAN_POINT ( 'NONE',  ( 15.64697572671805048, 4.215305991189054247, -20.57266408923528189 ) ) ;
#3357 = B_SPLINE_CURVE_WITH_KNOTS ( 'NONE', 3,
 ( #2087, #1625, #4712, #103, #3967, #1241, #1295, #4354, #877, #2788, #2434, #4328, #2740, #3998, #28, #3590, #1681, #4766 ),
 .UNSPECIFIED., .F., .F.,
 ( 4, 2, 2, 2, 2, 2, 2, 2, 4 ),
 ( 0.000000000000000000, 0.0007873018392454920198, 0.001574603678490984040, 0.002361905517736476168, 0.003149207356981968079, 0.003936509196227457388, 0.004723811035472946264, 0.005511112874718436007, 0.006298414713963924882 ),
 .UNSPECIFIED. ) ;
#3358 = ORIENTED_EDGE ( 'NONE', *, *, #4409, .F. ) ;
#3359 = VERTEX_POINT ( 'NONE', #2088 ) ;
#3360 = TOROIDAL_SURFACE ( 'NONE', #2251, 19.49999999999999645, 2.499999999999994227 ) ;
#3361 = TOROIDAL_SURFACE ( 'NONE', #2712, 269.1527857348445991, 236.2527857348445934 ) ;
#3362 = ORIENTED_EDGE ( 'NONE', *, *, #611, .T. ) ;
#3363 = CARTESIAN_POINT ( 'NONE',  ( 16.10191943618044874, -14.95907348361268774, 14.12130738358199622 ) ) ;
#3364 = DIRECTION ( 'NONE',  ( 1.000000000000000000, 1.224646799147353207E-16, -0.000000000000000000 ) ) ;
#3365 = ORIENTED_EDGE ( 'NONE', *, *, #1445, .F. ) ;
#3366 = ORIENTED_EDGE ( 'NONE', *, *, #4704, .T. ) ;
#3367 = CIRCLE ( 'NONE', #21, 55.18023718033725089 ) ;
#3368 = CARTESIAN_POINT ( 'NONE',  ( 14.44494051783086519, -1.032281149769947115, -10.92597099602918576 ) ) ;
#3369 = DIRECTION ( 'NONE',  ( -3.512252815159672166E-17, 0.4488827966982417150, -0.8935906416409949982 ) ) ;
#3370 = CARTESIAN_POINT ( 'NONE',  ( 19.06415730152600929, -0.7862936331191461292, -10.18523973421353546 ) ) ;
#3371 = DIRECTION ( 'NONE',  ( 0.000000000000000000, -0.7030476031341464926, -0.7111427899707145617 ) ) ;
#3372 = CARTESIAN_POINT ( 'NONE',  ( 19.11239656173428969, -3.597623402972514484, -9.298430598951783921 ) ) ;
#3373 = TOROIDAL_SURFACE ( 'NONE', #1262, 16.30704420490882001, 10.28806150457966240 ) ;
#3374 = EDGE_CURVE ( 'NONE', #697, #3984, #3020, .T. ) ;
#3375 = CARTESIAN_POINT ( 'NONE',  ( 15.22970941424992120, 3.549241899149075952, 19.72826991950124409 ) ) ;
#3376 = LINE ( 'NONE', #3643, #1463 ) ;
#3377 = DIRECTION ( 'NONE',  ( 0.000000000000000000, -1.000000000000000000, 0.000000000000000000 ) ) ;
#3378 = ORIENTED_EDGE ( 'NONE', *, *, #437, .T. ) ;
#3379 = DIRECTION ( 'NONE',  ( -1.000000000000000000, -1.224646799147353207E-16, 0.000000000000000000 ) ) ;
#3380 = CARTESIAN_POINT ( 'NONE',  ( 16.16137039704821277, -4.700965456367184473E-16, 0.000000000000000000 ) ) ;
#3381 = CARTESIAN_POINT ( 'NONE',  ( 13.79090313986344007, 7.812997686320044544, -6.158880819416471475 ) ) ;
#3382 = VERTEX_POINT ( 'NONE', #462 ) ;
#3383 = ORIENTED_EDGE ( 'NONE', *, *, #4893, .F. ) ;
#3384 = CARTESIAN_POINT ( 'NONE',  ( 15.36364019208406972, -14.97833794227574522, 14.13098461572676356 ) ) ;
#3385 = CARTESIAN_POINT ( 'NONE',  ( 15.04388330914849092, -11.59905888087991954, 3.335179152542334435 ) ) ;
#3386 = EDGE_LOOP ( 'NONE', ( #4474, #38, #651, #2502 ) ) ;
#3387 = FACE_OUTER_BOUND ( 'NONE', #1249, .T. ) ;
#3388 = DIRECTION ( 'NONE',  ( 1.000000000000000000, 1.224646799147353207E-16, -0.000000000000000000 ) ) ;
#3389 = CARTESIAN_POINT ( 'NONE',  ( 14.15924467937224307, -10.36340066173168495, 1.853245776581148307 ) ) ;
#3390 = CARTESIAN_POINT ( 'NONE',  ( 15.10136829394609848, -18.36699211836400991, -10.18104122985239535 ) ) ;
#3391 = VERTEX_POINT ( 'NONE', #4767 ) ;
#3392 = CARTESIAN_POINT ( 'NONE',  ( 3.170041743989864713, -32.99874609610466081, 4.041180878247078262E-15 ) ) ;
#3393 = EDGE_CURVE ( 'NONE', #3472, #192, #2391, .T. ) ;
#3394 = CARTESIAN_POINT ( 'NONE',  ( -4.999999999999993783, -2.012461179749811535, 1.800000000000000266 ) ) ;
#3395 = CIRCLE ( 'NONE', #1213, 20.99999999999999645 ) ;
#3396 = LINE ( 'NONE', #3040, #2752 ) ;
#3397 = FACE_OUTER_BOUND ( 'NONE', #2994, .T. ) ;
#3398 = TOROIDAL_SURFACE ( 'NONE', #2351, 8.539301101228399915, 0.7500000000000000000 ) ;
#3399 = APPLICATION_CONTEXT ( 'configuration controlled 3d designs of mechanical parts and assemblies' ) ;
#3400 = VERTEX_POINT ( 'NONE', #906 ) ;
#3401 = DIRECTION ( 'NONE',  ( -1.000000000000000000, -2.215406871764448996E-16, -7.198293278059910857E-17 ) ) ;
#3402 = CARTESIAN_POINT ( 'NONE',  ( 18.18958241478232907, -10.90030791324030446, -2.628382471340451332 ) ) ;
#3403 = DIRECTION ( 'NONE',  ( -1.000000000000000000, -1.224646799147353207E-16, 0.000000000000000000 ) ) ;
#3404 = CARTESIAN_POINT ( 'NONE',  ( 15.19609989511502768, 3.913775728618963168, -20.43369605975127001 ) ) ;
#3405 = VERTEX_POINT ( 'NONE', #1626 ) ;
#3406 = EDGE_CURVE ( 'NONE', #3457, #4629, #824, .T. ) ;
#3407 = EDGE_LOOP ( 'NONE', ( #4418, #3245, #279, #3721 ) ) ;
#3408 = CARTESIAN_POINT ( 'NONE',  ( 15.39143569713559856, 20.85045133419776775, -2.501852444996861990 ) ) ;
#3409 = DIRECTION ( 'NONE',  ( -1.224646799147353207E-16, 1.000000000000000000, 0.000000000000000000 ) ) ;
#3410 = DIRECTION ( 'NONE',  ( 0.000000000000000000, -1.000000000000000000, 1.224646799147354933E-16 ) ) ;
#3411 = CARTESIAN_POINT ( 'NONE',  ( 14.32001258001401034, -6.955978413083076646E-16, 0.000000000000000000 ) ) ;
#3412 = CARTESIAN_POINT ( 'NONE',  ( 13.83221794005226180, 0.000000000000000000, 0.000000000000000000 ) ) ;
#3413 = FACE_OUTER_BOUND ( 'NONE', #198, .T. ) ;
#3414 = DIRECTION ( 'NONE',  ( -1.499759782661857608E-32, 1.224646799147353207E-16, 1.000000000000000000 ) ) ;
#3415 = CIRCLE ( 'NONE', #1159, 55.92698714025925710 ) ;
#3416 = DIRECTION ( 'NONE',  ( 0.000000000000000000, -1.000000000000000000, 1.224646799147353207E-16 ) ) ;
#3417 = CARTESIAN_POINT ( 'NONE',  ( 19.89650254383110806, 6.866214684500324405E-15, 0.000000000000000000 ) ) ;
#3418 = ADVANCED_FACE ( 'NONE', ( #1711 ), #4329, .T. ) ;
#3419 = CARTESIAN_POINT ( 'NONE',  ( 18.13424309457172257, -0.7499815780237347740, -11.40864529650966652 ) ) ;
#3420 = CONICAL_SURFACE ( 'NONE', #3574, 4.000000000000000000, 0.1732306711105748021 ) ;
#3421 = CIRCLE ( 'NONE', #1236, 4.000000000000001776 ) ;
#3422 = EDGE_LOOP ( 'NONE', ( #1469, #3220, #3961, #1324 ) ) ;
#3423 = CYLINDRICAL_SURFACE ( 'NONE', #3748, 4.000000000000002665 ) ;
#3424 = AXIS2_PLACEMENT_3D ( 'NONE', #2846, #4108, #1050 ) ;
#3425 = CARTESIAN_POINT ( 'NONE',  ( 13.83097149846100571, 7.617847172301115855, 6.502788845003490970 ) ) ;
#3426 = ADVANCED_FACE ( 'NONE', ( #29 ), #2630, .F. ) ;
#3427 = DIRECTION ( 'NONE',  ( 8.260587980841940012E-17, -1.000000000000000000, 0.000000000000000000 ) ) ;
#3428 = CARTESIAN_POINT ( 'NONE',  ( 15.00197104962197514, 20.84347464719607856, -2.559211720763729492 ) ) ;
#3429 = ORIENTED_EDGE ( 'NONE', *, *, #4320, .F. ) ;
#3430 = TOROIDAL_SURFACE ( 'NONE', #1419, 25.50000000000000355, 0.4999999999999978351 ) ;
#3431 = EDGE_CURVE ( 'NONE', #4069, #4851, #992, .T. ) ;
#3432 = ORIENTED_EDGE ( 'NONE', *, *, #122, .T. ) ;
#3433 = CARTESIAN_POINT ( 'NONE',  ( 19.18532477634180466, 6.915259245988663928, -6.567748285356081794 ) ) ;
#3434 = CARTESIAN_POINT ( 'NONE',  ( 15.31671999583007526, -12.12857916293521932, 3.870796554618940899 ) ) ;
#3435 = VERTEX_POINT ( 'NONE', #1353 ) ;
#3436 = AXIS2_PLACEMENT_3D ( 'NONE', #3767, #3650, #4390 ) ;
#3437 =( GEOMETRIC_REPRESENTATION_CONTEXT ( 3 ) GLOBAL_UNCERTAINTY_ASSIGNED_CONTEXT ( ( #4233 ) ) GLOBAL_UNIT_ASSIGNED_CONTEXT ( ( #1261, #2452, #2756 ) ) REPRESENTATION_CONTEXT ( 'NONE', 'WORKASPACE' ) );
#3438 = CARTESIAN_POINT ( 'NONE',  ( 15.00197104962198935, -18.36699211836383228, 10.18104122985270621 ) ) ;
#3439 = DIRECTION ( 'NONE',  ( 0.000000000000000000, -0.7030476031341342802, 0.7111427899707265521 ) ) ;
#3440 = CARTESIAN_POINT ( 'NONE',  ( 15.22970941424992475, -17.66592359818666580, 9.471900310835428272 ) ) ;
#3441 = CARTESIAN_POINT ( 'NONE',  ( 14.70510654246227311, 7.312581296013545895, -8.788959816618802989 ) ) ;
#3442 = CARTESIAN_POINT ( 'NONE',  ( 19.99999999999999645, 25.00000000000000000, 0.000000000000000000 ) ) ;
#3443 = CIRCLE ( 'NONE', #612, 2.999999999999992450 ) ;
#3444 = CARTESIAN_POINT ( 'NONE',  ( 14.33221794005226535, 20.75524945259014586, -2.573703380987660161 ) ) ;
#3445 = AXIS2_PLACEMENT_3D ( 'NONE', #5011, #3182, #3939 ) ;
#3446 = DIRECTION ( 'NONE',  ( 1.000000000000000000, 1.224646799147353207E-16, -0.000000000000000000 ) ) ;
#3447 = CARTESIAN_POINT ( 'NONE',  ( 13.83221794005226535, -7.553354557553461427E-16, 0.000000000000000000 ) ) ;
#3448 = EDGE_CURVE ( 'NONE', #4608, #167, #1234, .T. ) ;
#3449 = VERTEX_POINT ( 'NONE', #4870 ) ;
#3450 = DIRECTION ( 'NONE',  ( -1.000000000000000000, -1.224646799147353207E-16, 0.000000000000000000 ) ) ;
#3451 = CARTESIAN_POINT ( 'NONE',  ( 18.47740069463480950, -9.951657125309941065, -0.5187282304432981883 ) ) ;
#3452 = DIRECTION ( 'NONE',  ( -1.000000000000000000, 0.000000000000000000, 0.000000000000000000 ) ) ;
#3453 = FACE_OUTER_BOUND ( 'NONE', #498, .T. ) ;
#3454 = EDGE_LOOP ( 'NONE', ( #1298, #1721, #838, #1067 ) ) ;
#3455 = CIRCLE ( 'NONE', #3191, 17.97821543665347477 ) ;
#3456 = ADVANCED_FACE ( 'NONE', ( #3294 ), #1365, .T. ) ;
#3457 = VERTEX_POINT ( 'NONE', #3718 ) ;
#3458 = CARTESIAN_POINT ( 'NONE',  ( 19.01091110140410123, 9.454720591145687081, -4.608951992099801664 ) ) ;
#3459 = EDGE_CURVE ( 'NONE', #1849, #913, #3944, .T. ) ;
#3460 = EDGE_CURVE ( 'NONE', #2840, #845, #3349, .T. ) ;
#3461 = ADVANCED_FACE ( 'NONE', ( #1786, #183 ), #1765, .F. ) ;
#3462 = CARTESIAN_POINT ( 'NONE',  ( -36.17039518766870287, 5.094877189977948362, 0.7770803678762873146 ) ) ;
#3463 = CARTESIAN_POINT ( 'NONE',  ( 19.11952606956566925, 8.191117284300210244, 5.614227929063424938 ) ) ;
#3464 = CARTESIAN_POINT ( 'NONE',  ( 28.99999999999999645, 0.9569204807014519698, 5.825729718177735883 ) ) ;
#3465 = CARTESIAN_POINT ( 'NONE',  ( 15.39143569713561099, -18.33892144033487881, -10.23154665246228845 ) ) ;
#3466 = LINE ( 'NONE', #2336, #2789 ) ;
#3467 = EDGE_CURVE ( 'NONE', #2574, #4826, #259, .T. ) ;
#3468 = CARTESIAN_POINT ( 'NONE',  ( 7.418031413246567674, -1.540846755674013973E-15, 0.000000000000000000 ) ) ;
#3469 = DIRECTION ( 'NONE',  ( 1.000000000000000000, 1.224646799147353454E-16, -1.232595164407830946E-32 ) ) ;
#3470 = CARTESIAN_POINT ( 'NONE',  ( 14.33221794005226890, -15.35845830444613647, -14.32193277845519574 ) ) ;
#3471 = AXIS2_PLACEMENT_3D ( 'NONE', #2890, #598, #4077 ) ;
#3472 = VERTEX_POINT ( 'NONE', #2595 ) ;
#3473 = CARTESIAN_POINT ( 'NONE',  ( 14.70510654246227311, -0.7499815780235450369, 11.40864529650967896 ) ) ;
#3474 = CARTESIAN_POINT ( 'NONE',  ( 18.32625450480177420, -10.45046583685502739, -1.995969550533689629 ) ) ;
#3475 = CARTESIAN_POINT ( 'NONE',  ( 15.14241462648021752, 3.641919973444697867, -19.90761551365756077 ) ) ;
#3476 = DIRECTION ( 'NONE',  ( -1.000000000000000000, -1.224646799147353207E-16, -0.000000000000000000 ) ) ;
#3477 = ORIENTED_EDGE ( 'NONE', *, *, #3811, .F. ) ;
#3478 = AXIS2_PLACEMENT_3D ( 'NONE', #2412, #4277, #44 ) ;
#3479 = ORIENTED_EDGE ( 'NONE', *, *, #2039, .T. ) ;
#3480 = CARTESIAN_POINT ( 'NONE',  ( 19.06415730144356502, 9.443760524240946808, -3.895221853863604533 ) ) ;
#3481 = FACE_OUTER_BOUND ( 'NONE', #4522, .T. ) ;
#3482 = ORIENTED_EDGE ( 'NONE', *, *, #753, .F. ) ;
#3483 = EDGE_CURVE ( 'NONE', #1686, #3873, #801, .T. ) ;
#3484 = ADVANCED_FACE ( 'NONE', ( #4130 ), #4977, .F. ) ;
#3485 = DIRECTION ( 'NONE',  ( -1.000000000000000000, 0.000000000000000000, 0.000000000000000000 ) ) ;
#3486 = CARTESIAN_POINT ( 'NONE',  ( 18.48501557096667014, 7.878663093638174963, 6.043896318914673493 ) ) ;
#3487 = LINE ( 'NONE', #3509, #1162 ) ;
#3488 = LINE ( 'NONE', #1530, #594 ) ;
#3489 = EDGE_CURVE ( 'NONE', #2477, #2066, #3668, .T. ) ;
#3490 = DIRECTION ( 'NONE',  ( 0.1774377838674806585, -0.1483856688830547388, -0.9728810441808010134 ) ) ;
#3491 = CARTESIAN_POINT ( 'NONE',  ( 16.16137039704821277, 4.416470673144473835, -19.92471814401320529 ) ) ;
#3492 = CARTESIAN_POINT ( 'NONE',  ( 14.02401577298426893, -10.20615935081246839, -1.518788559181115216 ) ) ;
#3493 = ORIENTED_EDGE ( 'NONE', *, *, #1568, .T. ) ;
#3494 = CARTESIAN_POINT ( 'NONE',  ( 15.83221794005226357, -5.104060959258758464E-16, 0.000000000000000000 ) ) ;
#3495 = CARTESIAN_POINT ( 'NONE',  ( 14.02443944494153349, 7.364009391491416423, 7.228903625689048873 ) ) ;
#3496 = AXIS2_PLACEMENT_3D ( 'NONE', #3959, #1755, #2556 ) ;
#3497 = AXIS2_PLACEMENT_3D ( 'NONE', #418, #2657, #1987 ) ;
#3498 = DIRECTION ( 'NONE',  ( 0.000000000000000000, -1.000000000000000000, 0.000000000000000000 ) ) ;
#3499 = VERTEX_POINT ( 'NONE', #1864 ) ;
#3500 = AXIS2_PLACEMENT_3D ( 'NONE', #3928, #2014, #57 ) ;
#3501 = ORIENTED_EDGE ( 'NONE', *, *, #3306, .F. ) ;
#3502 = CARTESIAN_POINT ( 'NONE',  ( 18.44620250683703944, 7.524597746138359078, -6.749389902173535738 ) ) ;
#3503 = CARTESIAN_POINT ( 'NONE',  ( 17.75000000000000355, -2.755455298081542806E-16, 0.000000000000000000 ) ) ;
#3504 = CIRCLE ( 'NONE', #81, 20.99999999999999645 ) ;
#3505 = ORIENTED_EDGE ( 'NONE', *, *, #4893, .T. ) ;
#3506 = ADVANCED_FACE ( 'NONE', ( #2685 ), #4653, .T. ) ;
#3507 = CARTESIAN_POINT ( 'NONE',  ( 14.70510654246227134, 10.61850939826812201, 4.238740146298038525 ) ) ;
#3508 = DIRECTION ( 'NONE',  ( 1.000000000000000000, 1.224646799147353207E-16, -0.000000000000000000 ) ) ;
#3509 = CARTESIAN_POINT ( 'NONE',  ( 17.49999999999999645, 25.00000000000000000, 0.000000000000000000 ) ) ;
#3510 = AXIS2_PLACEMENT_3D ( 'NONE', #684, #219, #2605 ) ;
#3511 = FACE_BOUND ( 'NONE', #1758, .T. ) ;
#3512 = B_SPLINE_CURVE_WITH_KNOTS ( 'NONE', 3,
 ( #3419, #1506, #3042, #1121, #1556, #319, #1889, #1578, #4571, #749, #3115, #3061, #2668, #2295, #4668, #4206, #3087, #3866 ),
 .UNSPECIFIED., .F., .F.,
 ( 4, 2, 2, 2, 2, 2, 2, 2, 4 ),
 ( 3.252606517456513302E-19, 0.0007873018392454914777, 0.001574603678490982522, 0.002361905517736473999, 0.003149207356981965043, 0.003936509196227455654, 0.004723811035472947131, 0.005511112874718437742, 0.006298414713963929219 ),
 .UNSPECIFIED. ) ;
#3513 = AXIS2_PLACEMENT_3D ( 'NONE', #1450, #2984, #2641 ) ;
#3514 = DIRECTION ( 'NONE',  ( 0.000000000000000000, -1.000000000000000000, 1.224646799147353454E-16 ) ) ;
#3515 = CARTESIAN_POINT ( 'NONE',  ( 15.41316552742295087, -17.97556614813456477, -9.785108215793247410 ) ) ;
#3516 = CARTESIAN_POINT ( 'NONE',  ( 19.01032660687564757, -1.457906441696817934, 10.41989106833411682 ) ) ;
#3517 = EDGE_CURVE ( 'NONE', #4258, #456, #2379, .T. ) ;
#3518 = EDGE_CURVE ( 'NONE', #4856, #246, #2931, .T. ) ;
#3519 = AXIS2_PLACEMENT_3D ( 'NONE', #1689, #2068, #1362 ) ;
#3520 = AXIS2_PLACEMENT_3D ( 'NONE', #3971, #2418, #829 ) ;
#3521 = DIRECTION ( 'NONE',  ( 1.000000000000000000, 1.224646799147353207E-16, -0.000000000000000000 ) ) ;
#3522 = DIRECTION ( 'NONE',  ( -1.144428472313823324E-16, 1.000000000000000000, 0.000000000000000000 ) ) ;
#3523 = DIRECTION ( 'NONE',  ( -1.208452930813157830E-16, 0.9867767030090062175, -0.1620855897317074190 ) ) ;
#3524 = DIRECTION ( 'NONE',  ( 0.000000000000000000, 0.9867767030090066616, 0.1620855897317050598 ) ) ;
#3525 = CIRCLE ( 'NONE', #2388, 20.04499319220071740 ) ;
#3526 = ORIENTED_EDGE ( 'NONE', *, *, #2780, .T. ) ;
#3527 = CARTESIAN_POINT ( 'NONE',  ( 18.23939104319076066, 10.11259560568196925, -4.347191117178759612 ) ) ;
#3528 = CYLINDRICAL_SURFACE ( 'NONE', #3500, 20.99999999999999645 ) ;
#3529 = VERTEX_POINT ( 'NONE', #3444 ) ;
#3530 = EDGE_LOOP ( 'NONE', ( #79, #586, #3699, #552 ) ) ;
#3531 = DIRECTION ( 'NONE',  ( -5.622149271912206072E-17, 0.4590833271949565364, 0.8883932117545746410 ) ) ;
#3532 = CARTESIAN_POINT ( 'NONE',  ( 18.13424309457171191, 10.61850939826812201, 4.238740146298036748 ) ) ;
#3533 = VECTOR ( 'NONE', #3247, 1000.000000000000000 ) ;
#3534 = CARTESIAN_POINT ( 'NONE',  ( 15.49185737752256919, 3.196292203532296483, -19.04526076821632685 ) ) ;
#3535 = CARTESIAN_POINT ( 'NONE',  ( 15.22970941424992297, -5.841921096841585800E-16, 0.000000000000000000 ) ) ;
#3536 = CARTESIAN_POINT ( 'NONE',  ( 16.16137039704821277, 4.416470673144810455, 19.92471814401313068 ) ) ;
#3537 = CARTESIAN_POINT ( 'NONE',  ( 18.42363533702675227, -4.350733905209190233, 9.236887048017081270 ) ) ;
#3538 = DIRECTION ( 'NONE',  ( -0.000000000000000000, 0.000000000000000000, -1.000000000000000000 ) ) ;
#3539 = CARTESIAN_POINT ( 'NONE',  ( 19.06326668214480691, -9.933200776537224996, 2.405311299234142997 ) ) ;
#3540 = EDGE_CURVE ( 'NONE', #3730, #1684, #1579, .T. ) ;
#3541 = CARTESIAN_POINT ( 'NONE',  ( 19.63807526131374459, -4.432299727643678968E-17, 0.000000000000000000 ) ) ;
#3542 = CARTESIAN_POINT ( 'NONE',  ( 15.83221794005226712, -18.03749611335454617, 10.75401013393233818 ) ) ;
#3543 = ORIENTED_EDGE ( 'NONE', *, *, #3761, .F. ) ;
#3544 = VERTEX_POINT ( 'NONE', #4179 ) ;
#3545 = CARTESIAN_POINT ( 'NONE',  ( 18.86914364109006570, -10.69142071353678780, 3.384668991583358100 ) ) ;
#3546 = CARTESIAN_POINT ( 'NONE',  ( 15.93116551049796037, -11.67515240298985191, 12.47167542671714990 ) ) ;
#3547 = EDGE_CURVE ( 'NONE', #991, #3435, #483, .T. ) ;
#3548 = DIRECTION ( 'NONE',  ( 1.000000000000000000, 1.224646799147353207E-16, -0.000000000000000000 ) ) ;
#3549 = VECTOR ( 'NONE', #4186, 1000.000000000000000 ) ;
#3550 = ORIENTED_EDGE ( 'NONE', *, *, #701, .F. ) ;
#3551 = ORIENTED_EDGE ( 'NONE', *, *, #1790, .T. ) ;
#3552 = VERTEX_POINT ( 'NONE', #2644 ) ;
#3553 = DIRECTION ( 'NONE',  ( -1.224646799147353207E-16, 1.000000000000000000, 0.000000000000000000 ) ) ;
#3554 = DIRECTION ( 'NONE',  ( -1.000000000000000000, 0.000000000000000000, 0.000000000000000000 ) ) ;
#3555 = CARTESIAN_POINT ( 'NONE',  ( 19.50000000000000711, -25.50000000000000355, 3.122849337825751011E-15 ) ) ;
#3556 = APPROVAL_ROLE ( '' ) ;
#3557 = ORIENTED_EDGE ( 'NONE', *, *, #221, .F. ) ;
#3558 = CARTESIAN_POINT ( 'NONE',  ( 14.99830906674764641, 4.008587971037651521, 20.61717158056863042 ) ) ;
#3559 = DIRECTION ( 'NONE',  ( 1.000000000000000000, 1.224646799147353207E-16, -0.000000000000000000 ) ) ;
#3560 = CARTESIAN_POINT ( 'NONE',  ( 28.99999999999999645, 10.61850939826812201, 4.238740146298038525 ) ) ;
#3561 = CARTESIAN_POINT ( 'NONE',  ( 18.97544250898635099, -10.27659234804249344, 2.922247745531083574 ) ) ;
#3562 = CARTESIAN_POINT ( 'NONE',  ( -36.17039518766870287, 5.163825776135519519, 0.7875965374909875694 ) ) ;
#3563 = CARTESIAN_POINT ( 'NONE',  ( 14.33221794005226535, 20.91421356237308871, 0.000000000000000000 ) ) ;
#3564 = CARTESIAN_POINT ( 'NONE',  ( 15.83221794005226357, 8.271592331946775900, -19.30235115974421944 ) ) ;
#3565 = CARTESIAN_POINT ( 'NONE',  ( 15.46262465994942836, -17.88332976276363695, -9.691809781751103969 ) ) ;
#3566 = EDGE_LOOP ( 'NONE', ( #4285, #2074, #3863, #2423 ) ) ;
#3567 = ORIENTED_EDGE ( 'NONE', *, *, #1327, .F. ) ;
#3568 = AXIS2_PLACEMENT_3D ( 'NONE', #2333, #840, #379 ) ;
#3569 = CARTESIAN_POINT ( 'NONE',  ( 10.00000000000000533, -4.000000000000002665, 4.898587196589415787E-16 ) ) ;
#3570 = CARTESIAN_POINT ( 'NONE',  ( 19.22462960354503991, -9.300780823118447671, 1.671464376369778469E-11 ) ) ;
#3571 = LINE ( 'NONE', #1660, #175 ) ;
#3572 = ORIENTED_EDGE ( 'NONE', *, *, #4581, .F. ) ;
#3573 = ORIENTED_EDGE ( 'NONE', *, *, #3293, .F. ) ;
#3574 = AXIS2_PLACEMENT_3D ( 'NONE', #2334, #670, #3808 ) ;
#3575 = AXIS2_PLACEMENT_3D ( 'NONE', #1650, #2760, #3185 ) ;
#3576 = ADVANCED_FACE ( 'NONE', ( #3841 ), #5006, .T. ) ;
#3577 = VERTEX_POINT ( 'NONE', #4619 ) ;
#3578 = LINE ( 'NONE', #3104, #3049 ) ;
#3579 = DIRECTION ( 'NONE',  ( 1.000000000000000000, 1.224646799147353207E-16, -0.000000000000000000 ) ) ;
#3580 = CARTESIAN_POINT ( 'NONE',  ( 20.00000000000000000, 4.007032904195956036, 20.61416229936813593 ) ) ;
#3581 = CIRCLE ( 'NONE', #2376, 20.99999999999999645 ) ;
#3582 = DIRECTION ( 'NONE',  ( -1.214306433183764966E-16, 1.000000000000000000, 0.000000000000000000 ) ) ;
#3583 = ORIENTED_EDGE ( 'NONE', *, *, #3339, .T. ) ;
#3584 = AXIS2_PLACEMENT_3D ( 'NONE', #4511, #643, #3663 ) ;
#3585 = CARTESIAN_POINT ( 'NONE',  ( 15.71329586650349519, 4.104365799644699386, 20.80251565152583026 ) ) ;
#3586 = CARTESIAN_POINT ( 'NONE',  ( 13.83221794005226180, 0.000000000000000000, 0.000000000000000000 ) ) ;
#3587 = CARTESIAN_POINT ( 'NONE',  ( 16.16137039704821277, -4.700965456367184473E-16, 0.000000000000000000 ) ) ;
#3588 = CARTESIAN_POINT ( 'NONE',  ( 19.06440771516971466, -4.404011118404930869, 9.236914653533316866 ) ) ;
#3589 = VECTOR ( 'NONE', #3121, 1000.000000000000000 ) ;
#3590 = CARTESIAN_POINT ( 'NONE',  ( 18.23879110075061050, 10.11553455831990611, 4.346502316557950607 ) ) ;
#3591 = CARTESIAN_POINT ( 'NONE',  ( 18.86914364109006925, 6.660082534119333708, 9.022514155995990492 ) ) ;
#3592 = DIRECTION ( 'NONE',  ( 1.000000000000000000, 1.224646799147353207E-16, -0.000000000000000000 ) ) ;
#3593 = CARTESIAN_POINT ( 'NONE',  ( 13.83221794005226180, 0.000000000000000000, 0.000000000000000000 ) ) ;
#3594 = ORIENTED_EDGE ( 'NONE', *, *, #4929, .T. ) ;
#3595 = EDGE_CURVE ( 'NONE', #2320, #4367, #1429, .T. ) ;
#3596 = VECTOR ( 'NONE', #4145, 1000.000000000000000 ) ;
#3597 = ORIENTED_EDGE ( 'NONE', *, *, #253, .T. ) ;
#3598 = CARTESIAN_POINT ( 'NONE',  ( 2.500000000000005329, -25.00000000000000711, 3.061616997868383831E-15 ) ) ;
#3599 = DIRECTION ( 'NONE',  ( -1.000000000000000000, -8.462101261039250243E-17, 1.164708318489088155E-16 ) ) ;
#3600 = CARTESIAN_POINT ( 'NONE',  ( 15.37116396231835402, -17.39907555535522832, -9.201979667010261821 ) ) ;
#3601 = CIRCLE ( 'NONE', #20, 0.7500000000000006661 ) ;
#3602 = VERTEX_POINT ( 'NONE', #2338 ) ;
#3603 = ADVANCED_FACE ( 'NONE', ( #1554 ), #3749, .F. ) ;
#3604 = ORIENTED_EDGE ( 'NONE', *, *, #1700, .T. ) ;
#3605 = ORIENTED_EDGE ( 'NONE', *, *, #2919, .F. ) ;
#3606 = CARTESIAN_POINT ( 'NONE',  ( 15.34988357635248235, 8.809564851835103738, 18.60383571313778361 ) ) ;
#3607 = PLANE ( 'NONE',  #1079 ) ;
#3608 = ADVANCED_FACE ( 'NONE', ( #317 ), #3828, .T. ) ;
#3609 = ORIENTED_EDGE ( 'NONE', *, *, #2301, .F. ) ;
#3610 =( BOUNDED_SURFACE ( )  B_SPLINE_SURFACE ( 3, 2, ( 
 ( #2223, #3824, #4964 ),
 ( #683, #2948, #3355 ),
 ( #1871, #300, #277 ),
 ( #1852, #348, #4496 ) ),
 .UNSPECIFIED., .F., .F., .T. ) 
 B_SPLINE_SURFACE_WITH_KNOTS ( ( 4, 4 ),
 ( 3, 3 ),
 ( 0.000000000000000000, 0.0008361757575728909035 ),
 ( 0.000000000000000000, 1.000000000000000000 ),
 .UNSPECIFIED. ) 
 GEOMETRIC_REPRESENTATION_ITEM ( )  RATIONAL_B_SPLINE_SURFACE ( (
 ( 1.000000000000000000, 0.7392545563716672596, 1.000000000000000000),
 ( 1.000000000000000000, 0.7514166459590058134, 1.000000000000000000),
 ( 1.000000000000000000, 0.7616871162901373005, 1.000000000000000000),
 ( 1.000000000000000000, 0.7696469335709791304, 1.000000000000000000) ) ) 
 REPRESENTATION_ITEM ( '' )  SURFACE ( )  );
#3611 = CARTESIAN_POINT ( 'NONE',  ( 18.13424309457171901, -0.08368666920761605454, 11.06433280111346029 ) ) ;
#3612 = CARTESIAN_POINT ( 'NONE',  ( 15.49806240675995639, 4.800544212269845623, 20.81779562155248797 ) ) ;
#3613 = CARTESIAN_POINT ( 'NONE',  ( 14.44470321908979749, -1.032619738809816612, 10.92555809948643919 ) ) ;
#3614 = CARTESIAN_POINT ( 'NONE',  ( 3.083313137999876830, -3.469446951953614189E-15, 0.000000000000000000 ) ) ;
#3615 = EDGE_CURVE ( 'NONE', #3359, #1524, #385, .T. ) ;
#3616 = CARTESIAN_POINT ( 'NONE',  ( 19.11239656173429324, -2.554941903163080230, 9.637218355137246562 ) ) ;
#3617 = EDGE_LOOP ( 'NONE', ( #2526, #191, #4983, #4752 ) ) ;
#3618 = CARTESIAN_POINT ( 'NONE',  ( 19.22462960354503991, -9.300780823118447671, 1.671464376369778469E-11 ) ) ;
#3619 = PLANE ( 'NONE',  #4689 ) ;
#3620 = DIRECTION ( 'NONE',  ( 1.000000000000000000, 1.224646799147353207E-16, -0.000000000000000000 ) ) ;
#3621 = ORIENTED_EDGE ( 'NONE', *, *, #2751, .F. ) ;
#3622 = CARTESIAN_POINT ( 'NONE',  ( 14.33221794005226890, -15.27856463851703950, -14.28179930958306265 ) ) ;
#3623 = LINE ( 'NONE', #494, #4254 ) ;
#3624 = CARTESIAN_POINT ( 'NONE',  ( 15.00197104962198047, 8.874942871418129542, -19.03248247152915695 ) ) ;
#3625 = ORIENTED_EDGE ( 'NONE', *, *, #1358, .F. ) ;
#3626 = ORIENTED_EDGE ( 'NONE', *, *, #499, .F. ) ;
#3627 = ORIENTED_EDGE ( 'NONE', *, *, #4239, .T. ) ;
#3628 = CARTESIAN_POINT ( 'NONE',  ( 7.418031413246570338, -22.99999999999999289, 2.816687638038911563E-15 ) ) ;
#3629 = TOROIDAL_SURFACE ( 'NONE', #875, 55.18023718033725089, 0.7500000000000000000 ) ;
#3630 = CARTESIAN_POINT ( 'NONE',  ( 15.22970941425003311, 19.85947572615599199, -2.720841038648719401 ) ) ;
#3631 = CARTESIAN_POINT ( 'NONE',  ( 15.49201212968508834, -13.77989863137322857, -13.52896534148341345 ) ) ;
#3632 = APPROVAL_STATUS ( 'not_yet_approved' ) ;
#3633 = ORIENTED_EDGE ( 'NONE', *, *, #293, .F. ) ;
#3634 = EDGE_CURVE ( 'NONE', #660, #192, #584, .T. ) ;
#3635 = VERTEX_POINT ( 'NONE', #3038 ) ;
#3636 = CARTESIAN_POINT ( 'NONE',  ( 15.96918268402513696, 20.72875511708956253, 1.919161523589854701 ) ) ;
#3637 = CARTESIAN_POINT ( 'NONE',  ( 14.80283521913048972, -15.03107617849758348, 14.15747693319857703 ) ) ;
#3638 = CARTESIAN_POINT ( 'NONE',  ( 19.22459589508747158, -3.174064453447422718, -8.748242731411876250 ) ) ;
#3639 = CARTESIAN_POINT ( 'NONE',  ( 19.22466309474270929, -9.300649385682799419, -0.3113069125736056542 ) ) ;
#3640 = EDGE_CURVE ( 'NONE', #2840, #2575, #2232, .T. ) ;
#3641 = EDGE_CURVE ( 'NONE', #4857, #913, #3976, .T. ) ;
#3642 = CARTESIAN_POINT ( 'NONE',  ( 14.43467158840842757, 3.948653150345181384, 20.50118895890329540 ) ) ;
#3643 = CARTESIAN_POINT ( 'NONE',  ( 17.00000000000000355, -7.500000000000000000, 9.184850993605147944E-16 ) ) ;
#3644 = EDGE_LOOP ( 'NONE', ( #2148, #4384, #554, #1029 ) ) ;
#3645 = CARTESIAN_POINT ( 'NONE',  ( -36.17039518766870287, -5.244893519845046370, 2.710334946299562286 ) ) ;
#3646 = EDGE_LOOP ( 'NONE', ( #613, #3609, #1032, #4347 ) ) ;
#3647 = ORIENTED_EDGE ( 'NONE', *, *, #1708, .T. ) ;
#3648 = CARTESIAN_POINT ( 'NONE',  ( 20.00000000000000000, 0.000000000000000000, 0.000000000000000000 ) ) ;
#3649 = DIRECTION ( 'NONE',  ( 0.000000000000000000, -0.9510565162951500895, 0.3090169943749581094 ) ) ;
#3650 = DIRECTION ( 'NONE',  ( -0.000000000000000000, 0.000000000000000000, -1.000000000000000000 ) ) ;
#3651 = ORIENTED_EDGE ( 'NONE', *, *, #954, .F. ) ;
#3652 = ORIENTED_EDGE ( 'NONE', *, *, #2462, .F. ) ;
#3653 = AXIS2_PLACEMENT_3D ( 'NONE', #118, #1695, #1257 ) ;
#3654 = VERTEX_POINT ( 'NONE', #1119 ) ;
#3655 = CARTESIAN_POINT ( 'NONE',  ( 18.18980072945455007, 7.273456148581899150, 8.532438317113006931 ) ) ;
#3656 = CARTESIAN_POINT ( 'NONE',  ( 16.16137039704821277, -15.28445531086781095, -13.52349925778084128 ) ) ;
#3657 = AXIS2_PLACEMENT_3D ( 'NONE', #4632, #3732, #3409 ) ;
#3658 = AXIS2_PLACEMENT_3D ( 'NONE', #3889, #2463, #48 ) ;
#3659 = ORIENTED_EDGE ( 'NONE', *, *, #3974, .F. ) ;
#3660 = EDGE_CURVE ( 'NONE', #1541, #680, #4954, .T. ) ;
#3661 = CIRCLE ( 'NONE', #5, 56.17039518766867445 ) ;
#3662 = CARTESIAN_POINT ( 'NONE',  ( 19.89650254383111161, -3.408265585956582466, 4.173921540485815066E-16 ) ) ;
#3663 = DIRECTION ( 'NONE',  ( -1.226200593105923645E-16, 1.000000000000000000, 0.000000000000000000 ) ) ;
#3664 = DIRECTION ( 'NONE',  ( 0.000000000000000000, 1.000000000000000000, 0.000000000000000000 ) ) ;
#3665 = DIRECTION ( 'NONE',  ( 0.000000000000000000, 0.8883932117545753071, -0.4590833271949551486 ) ) ;
#3666 = CARTESIAN_POINT ( 'NONE',  ( 19.11275066977625769, -9.953652274105962761, -0.5389132784622722161 ) ) ;
#3667 = EDGE_CURVE ( 'NONE', #1945, #2946, #4400, .T. ) ;
#3668 = CIRCLE ( 'NONE', #1004, 25.00000000000000000 ) ;
#3669 = CARTESIAN_POINT ( 'NONE',  ( 14.71846512719365663, 3.870651753842155429, 20.35024487739184451 ) ) ;
#3670 = CARTESIAN_POINT ( 'NONE',  ( 19.50000000000000355, 0.000000000000000000, 0.000000000000000000 ) ) ;
#3671 = ORIENTED_EDGE ( 'NONE', *, *, #1051, .F. ) ;
#3672 = CARTESIAN_POINT ( 'NONE',  ( 19.10123694587635512, 6.665930540742230015, -7.471575515959005820 ) ) ;
#3673 = ADVANCED_FACE ( 'NONE', ( #3157 ), #1406, .T. ) ;
#3674 = ADVANCED_FACE ( 'NONE', ( #4709 ), #3430, .T. ) ;
#3675 = LOCAL_TIME ( 15, 54, 54.00000000000000000, #254 ) ;
#3676 = CONICAL_SURFACE ( 'NONE', #2237, 25.94117647058823550, 0.4899573262537263441 ) ;
#3677 = ORIENTED_EDGE ( 'NONE', *, *, #4679, .T. ) ;
#3678 = CARTESIAN_POINT ( 'NONE',  ( 14.53391428651586637, 8.848257659318498725, 18.85752260372560585 ) ) ;
#3679 = DIRECTION ( 'NONE',  ( -1.387778780781445676E-16, 1.000000000000000000, 0.000000000000000000 ) ) ;
#3680 = VERTEX_POINT ( 'NONE', #97 ) ;
#3681 = VECTOR ( 'NONE', #2964, 1000.000000000000000 ) ;
#3682 = ORIENTED_EDGE ( 'NONE', *, *, #3540, .F. ) ;
#3683 = EDGE_LOOP ( 'NONE', ( #2704, #3149, #1461, #3246 ) ) ;
#3684 = AXIS2_PLACEMENT_3D ( 'NONE', #4763, #2722, #2324 ) ;
#3685 = CARTESIAN_POINT ( 'NONE',  ( 18.97667301655002348, 7.271683962140277124, -7.844740655680225494 ) ) ;
#3686 = AXIS2_PLACEMENT_3D ( 'NONE', #2619, #2990, #4465 ) ;
#3687 = CARTESIAN_POINT ( 'NONE',  ( 14.32001258001401034, -5.315013277283461512, -9.374972017410994951 ) ) ;
#3688 = CARTESIAN_POINT ( 'NONE',  ( -36.17039518766870287, 2.344758740009648790, 4.667709438610956774 ) ) ;
#3689 = CARTESIAN_POINT ( 'NONE',  ( 14.70510654245038040, -11.08202350442305395, -2.812190412536465178 ) ) ;
#3690 = DIRECTION ( 'NONE',  ( -1.000000000000000000, -2.215406871764438888E-16, 7.198293278060055070E-17 ) ) ;
#3691 = CARTESIAN_POINT ( 'NONE',  ( 18.89951605710402305, -5.725368455320480443, -9.495189611408472175 ) ) ;
#3692 = CIRCLE ( 'NONE', #1914, 0.7499999999999991118 ) ;
#3693 = CARTESIAN_POINT ( 'NONE',  ( 19.18532477634186506, -9.454987833414483234, 1.248732577058814242 ) ) ;
#3694 = CARTESIAN_POINT ( 'NONE',  ( 14.33221794005226535, 3.965987431842777688, 20.53473332242266380 ) ) ;
#3695 = LINE ( 'NONE', #1047, #2675 ) ;
#3696 = CARTESIAN_POINT ( 'NONE',  ( 14.33221794005226535, 8.874942871418125989, -19.03248247152915340 ) ) ;
#3697 = ORIENTED_EDGE ( 'NONE', *, *, #4458, .T. ) ;
#3698 = APPROVAL ( #4018, 'UNSPECIFIED' ) ;
#3699 = ORIENTED_EDGE ( 'NONE', *, *, #715, .F. ) ;
#3700 = CARTESIAN_POINT ( 'NONE',  ( 15.76442018981255977, 17.94404467126581082, -3.035465179222358145 ) ) ;
#3701 = CARTESIAN_POINT ( 'NONE',  ( 14.71846512719366551, 8.830150771306078283, 18.73880596317002656 ) ) ;
#3702 = CARTESIAN_POINT ( 'NONE',  ( 5.000000000000006217, 1.449011120738813565E-14, 2.168404344971008868E-16 ) ) ;
#3703 = EDGE_LOOP ( 'NONE', ( #1655, #223, #3925, #2345 ) ) ;
#3704 = ORIENTED_EDGE ( 'NONE', *, *, #3540, .T. ) ;
#3705 = EDGE_CURVE ( 'NONE', #2105, #3544, #267, .T. ) ;
#3706 = ORIENTED_EDGE ( 'NONE', *, *, #3825, .T. ) ;
#3707 = EDGE_CURVE ( 'NONE', #4735, #3975, #559, .T. ) ;
#3708 = DIRECTION ( 'NONE',  ( 1.000000000000000000, 1.224646799147353207E-16, -0.000000000000000000 ) ) ;
#3709 = CARTESIAN_POINT ( 'NONE',  ( 15.31671999583007704, -7.429283365491997415, -10.33882232916593047 ) ) ;
#3710 = AXIS2_PLACEMENT_3D ( 'NONE', #488, #3592, #442 ) ;
#3711 = CARTESIAN_POINT ( 'NONE',  ( 15.42014407859632641, 21.29810163725016281, 2.484535774760728621 ) ) ;
#3712 = CARTESIAN_POINT ( 'NONE',  ( 0.5972188563333133970, -26.58148327662223309, 3.255292841130430943E-15 ) ) ;
#3713 = CARTESIAN_POINT ( 'NONE',  ( 16.07878658978781061, 20.52890039325018634, 1.937471144362415965 ) ) ;
#3714 = LINE ( 'NONE', #2110, #14 ) ;
#3715 = DIRECTION ( 'NONE',  ( -1.000000000000000000, -1.224646799147353207E-16, -0.000000000000000000 ) ) ;
#3716 = CARTESIAN_POINT ( 'NONE',  ( 19.08471170869594857, -10.06507383678562562, 1.078874232863132887 ) ) ;
#3717 = CIRCLE ( 'NONE', #2599, 4.000000000000001776 ) ;
#3718 = CARTESIAN_POINT ( 'NONE',  ( 19.89999999999998792, 30.31597898765171806, 0.000000000000000000 ) ) ;
#3719 = FACE_OUTER_BOUND ( 'NONE', #2119, .T. ) ;
#3720 = ADVANCED_FACE ( 'NONE', ( #2736 ), #508, .F. ) ;
#3721 = ORIENTED_EDGE ( 'NONE', *, *, #4427, .T. ) ;
#3722 = ORIENTED_EDGE ( 'NONE', *, *, #4323, .F. ) ;
#3723 = DIRECTION ( 'NONE',  ( 1.225619847157527094E-16, -1.000000000000000000, 0.000000000000000000 ) ) ;
#3724 = DIRECTION ( 'NONE',  ( 0.000000000000000000, 0.000000000000000000, 1.000000000000000000 ) ) ;
#3725 = CARTESIAN_POINT ( 'NONE',  ( 15.00197104962198935, 4.007032904195955147, 20.61416229936813593 ) ) ;
#3726 = CYLINDRICAL_SURFACE ( 'NONE', #2314, 4.000000000000001776 ) ;
#3727 = EDGE_LOOP ( 'NONE', ( #1134, #1719, #2642, #1396, #4574, #2527 ) ) ;
#3728 = B_SPLINE_CURVE_WITH_KNOTS ( 'NONE', 3,
 ( #143, #4885, #1418, #2953, #557, #2128 ),
 .UNSPECIFIED., .F., .F.,
 ( 4, 2, 4 ),
 ( 3.903127820947815962E-18, 0.0004148105333363940315, 0.0008296210666727841599 ),
 .UNSPECIFIED. ) ;
#3729 = ORIENTED_EDGE ( 'NONE', *, *, #221, .T. ) ;
#3730 = VERTEX_POINT ( 'NONE', #4665 ) ;
#3731 = FACE_OUTER_BOUND ( 'NONE', #1491, .T. ) ;
#3732 = DIRECTION ( 'NONE',  ( 1.000000000000000000, 1.224646799147353207E-16, -0.000000000000000000 ) ) ;
#3733 = EDGE_CURVE ( 'NONE', #500, #478, #2049, .T. ) ;
#3734 = ORIENTED_EDGE ( 'NONE', *, *, #2080, .F. ) ;
#3735 = ORIENTED_EDGE ( 'NONE', *, *, #1670, .F. ) ;
#3736 = DIRECTION ( 'NONE',  ( 0.000000000000000000, -1.000000000000000000, 1.224646799147353700E-16 ) ) ;
#3737 = DIRECTION ( 'NONE',  ( -1.000000000000000000, -2.215406871764438888E-16, 7.198293278060055070E-17 ) ) ;
#3738 = VECTOR ( 'NONE', #4337, 1000.000000000000114 ) ;
#3739 = CARTESIAN_POINT ( 'NONE',  ( 19.06317880192868230, -5.357768813807648023, -8.703902292269974694 ) ) ;
#3740 = AXIS2_PLACEMENT_3D ( 'NONE', #4394, #3230, #4781 ) ;
#3741 = CARTESIAN_POINT ( 'NONE',  ( 14.32001258001401034, -6.955978413083076646E-16, 0.000000000000000000 ) ) ;
#3742 = CARTESIAN_POINT ( 'NONE',  ( 19.18532477634181532, -4.109367176655104537, -8.606348202719836138 ) ) ;
#3743 = CARTESIAN_POINT ( 'NONE',  ( 18.47743373205453210, -9.951547897561814793, -0.5176187551224966654 ) ) ;
#3744 = CARTESIAN_POINT ( 'NONE',  ( -4.999999999999993783, 1.084202172485502265E-15, 0.000000000000000000 ) ) ;
#3745 = ORIENTED_EDGE ( 'NONE', *, *, #2263, .F. ) ;
#3746 = CARTESIAN_POINT ( 'NONE',  ( 15.83221794005226712, -18.03749611335473091, -10.75401013393202909 ) ) ;
#3747 = DIRECTION ( 'NONE',  ( -0.1774377838674795482, 0.9711185500547420135, -0.1595136188410668787 ) ) ;
#3748 = AXIS2_PLACEMENT_3D ( 'NONE', #298, #3401, #1123 ) ;
#3749 = CONICAL_SURFACE ( 'NONE', #3336, 25.00000000000000000, 0.4899573262537264551 ) ;
#3750 = EDGE_LOOP ( 'NONE', ( #2281, #3735, #417, #2690 ) ) ;
#3751 = CARTESIAN_POINT ( 'NONE',  ( 15.41316552742294910, 8.790996196022531350, 18.48209152185605575 ) ) ;
#3752 = AXIS2_PLACEMENT_3D ( 'NONE', #1514, #5012, #1126 ) ;
#3753 = CARTESIAN_POINT ( 'NONE',  ( 14.33221794005226535, 19.99999999999999645, 0.000000000000000000 ) ) ;
#3754 = FACE_OUTER_BOUND ( 'NONE', #1081, .T. ) ;
#3755 = FACE_OUTER_BOUND ( 'NONE', #869, .T. ) ;
#3756 = ORIENTED_EDGE ( 'NONE', *, *, #2898, .T. ) ;
#3757 = ORGANIZATION ( 'UNSPECIFIED', 'UNSPECIFIED', '' ) ;
#3758 = ORIENTED_EDGE ( 'NONE', *, *, #4704, .F. ) ;
#3759 = CARTESIAN_POINT ( 'NONE',  ( 18.85554940496936638, 7.282826716066072237, -8.645755847573493469 ) ) ;
#3760 = FACE_OUTER_BOUND ( 'NONE', #4778, .T. ) ;
#3761 = EDGE_CURVE ( 'NONE', #4797, #2117, #1158, .T. ) ;
#3762 = ORIENTED_EDGE ( 'NONE', *, *, #1700, .F. ) ;
#3763 = CONICAL_SURFACE ( 'NONE', #4591, 26.14030680603399759, 0.4899573262537276208 ) ;
#3764 = CARTESIAN_POINT ( 'NONE',  ( 16.16137039704821632, -17.58476853304768284, 10.35738972735168772 ) ) ;
#3765 = CARTESIAN_POINT ( 'NONE',  ( 15.62081702424862684, 7.711671308119442791, 11.40556767789206560 ) ) ;
#3766 = DIRECTION ( 'NONE',  ( 0.000000000000000000, 0.9867767030090062175, -0.1620855897317074190 ) ) ;
#3767 = CARTESIAN_POINT ( 'NONE',  ( -36.17039518766870287, 0.000000000000000000, 0.000000000000000000 ) ) ;
#3768 = ORIENTED_EDGE ( 'NONE', *, *, #2970, .T. ) ;
#3769 = CARTESIAN_POINT ( 'NONE',  ( 18.44663083186856056, -2.124448321593955136, -9.880395040660300054 ) ) ;
#3770 = CIRCLE ( 'NONE', #1593, 0.4999999999999970024 ) ;
#3771 = DIRECTION ( 'NONE',  ( -1.387778780781445676E-16, 1.000000000000000000, 0.000000000000000000 ) ) ;
#3772 = ADVANCED_FACE ( 'NONE', ( #2001 ), #4994, .T. ) ;
#3773 = DIRECTION ( 'NONE',  ( 1.000000000000000000, 1.224646799147353207E-16, -0.000000000000000000 ) ) ;
#3774 = CARTESIAN_POINT ( 'NONE',  ( 19.16226026710410579, 6.812959107748282506, -6.862449846094287764 ) ) ;
#3775 = ORIENTED_EDGE ( 'NONE', *, *, #3858, .F. ) ;
#3776 = DIRECTION ( 'NONE',  ( 1.000000000000000000, 1.224646799147353207E-16, -0.000000000000000000 ) ) ;
#3777 = CARTESIAN_POINT ( 'NONE',  ( 15.04390458109206996, 11.34425043974577818, -4.119531652277371947 ) ) ;
#3778 = DIRECTION ( 'NONE',  ( 1.000000000000000000, 1.224646799147353207E-16, -0.000000000000000000 ) ) ;
#3779 = DIRECTION ( 'NONE',  ( -1.224646799147353207E-16, 1.000000000000000000, 0.000000000000000000 ) ) ;
#3780 = ORIENTED_EDGE ( 'NONE', *, *, #146, .F. ) ;
#3781 = ORIENTED_EDGE ( 'NONE', *, *, #2893, .T. ) ;
#3782 = CARTESIAN_POINT ( 'NONE',  ( 15.22970941424991942, 19.85947572615597423, 2.720841038648672772 ) ) ;
#3783 = CARTESIAN_POINT ( 'NONE',  ( 15.93119001642231325, -15.46880768781803361, 7.249485880541829630 ) ) ;
#3784 = ORIENTED_EDGE ( 'NONE', *, *, #406, .T. ) ;
#3785 = CARTESIAN_POINT ( 'NONE',  ( 16.07878658978781772, -15.46941232857134096, 13.63403197883405049 ) ) ;
#3786 = CARTESIAN_POINT ( 'NONE',  ( 15.96918268402514052, 8.230768676250388438, 19.12116410305475966 ) ) ;
#3787 = DIRECTION ( 'NONE',  ( 1.000000000000000000, 1.224646799147353207E-16, -0.000000000000000000 ) ) ;
#3788 = CARTESIAN_POINT ( 'NONE',  ( 15.83221794005226712, -18.03749611335473091, -10.75401013393202909 ) ) ;
#3789 = ORIENTED_EDGE ( 'NONE', *, *, #1742, .T. ) ;
#3790 = CARTESIAN_POINT ( 'NONE',  ( 19.06440771516971822, -1.866402371825346407, -10.06143371662992081 ) ) ;
#3791 = CARTESIAN_POINT ( 'NONE',  ( 0.1000000000000063338, -2.437047130303232367E-15, 0.000000000000000000 ) ) ;
#3792 = AXIS2_PLACEMENT_3D ( 'NONE', #2618, #184, #1432 ) ;
#3793 = DIRECTION ( 'NONE',  ( 1.000000000000000000, 1.224646799147353207E-16, -0.000000000000000000 ) ) ;
#3794 = CARTESIAN_POINT ( 'NONE',  ( 17.50000000000000355, -25.00000000000000000, 3.061616997868383043E-15 ) ) ;
#3795 = EDGE_CURVE ( 'NONE', #4530, #4307, #255, .T. ) ;
#3796 = ORIENTED_EDGE ( 'NONE', *, *, #3667, .F. ) ;
#3797 = DIRECTION ( 'NONE',  ( -1.700015784817311728E-16, 1.000000000000000000, 0.000000000000000000 ) ) ;
#3798 = CARTESIAN_POINT ( 'NONE',  ( -36.17039518766870287, 0.000000000000000000, 0.000000000000000000 ) ) ;
#3799 = CARTESIAN_POINT ( 'NONE',  ( 13.87885064243083910, 7.555335175529134695, -6.682075222257594760 ) ) ;
#3800 = CARTESIAN_POINT ( 'NONE',  ( 19.99999999999999645, 1.031833420101305420E-14, 0.000000000000000000 ) ) ;
#3801 = ORIENTED_EDGE ( 'NONE', *, *, #3122, .T. ) ;
#3802 = ORIENTED_EDGE ( 'NONE', *, *, #4387, .T. ) ;
#3803 = CARTESIAN_POINT ( 'NONE',  ( 18.48501557096881953, 8.182727766804982039, -5.625387200113907582 ) ) ;
#3804 = DIRECTION ( 'NONE',  ( -1.224646799147353207E-16, 1.000000000000000000, 0.000000000000000000 ) ) ;
#3805 = ORIENTED_EDGE ( 'NONE', *, *, #1264, .F. ) ;
#3806 = DIRECTION ( 'NONE',  ( 1.000000000000000000, 1.224646799147353207E-16, -0.000000000000000000 ) ) ;
#3807 = DIRECTION ( 'NONE',  ( 0.000000000000000000, -0.000000000000000000, -1.000000000000000000 ) ) ;
#3808 = DIRECTION ( 'NONE',  ( 0.000000000000000000, -1.000000000000000000, 0.000000000000000000 ) ) ;
#3809 = CARTESIAN_POINT ( 'NONE',  ( 15.64624510673249702, 20.86829047608924981, 2.348989162854135060 ) ) ;
#3810 = DIRECTION ( 'NONE',  ( -1.499759782661857608E-32, 1.224646799147353207E-16, 1.000000000000000000 ) ) ;
#3811 = EDGE_CURVE ( 'NONE', #52, #4413, #343, .T. ) ;
#3812 = B_SPLINE_CURVE_WITH_KNOTS ( 'NONE', 3,
 ( #2976, #4112, #3404, #4965, #631, #2197 ),
 .UNSPECIFIED., .F., .F.,
 ( 4, 2, 4 ),
 ( 3.974750819240313445E-18, 0.0004198938236725355722, 0.0008397876473450666991 ),
 .UNSPECIFIED. ) ;
#3813 = AXIS2_PLACEMENT_3D ( 'NONE', #1882, #2661, #333 ) ;
#3814 = DIRECTION ( 'NONE',  ( 1.224646799147353207E-16, -1.000000000000000000, 0.000000000000000000 ) ) ;
#3815 = CARTESIAN_POINT ( 'NONE',  ( 10.00000000000000533, 4.000000000000000000, 0.000000000000000000 ) ) ;
#3816 = ADVANCED_FACE ( 'NONE', ( #4814 ), #4224, .T. ) ;
#3817 = CARTESIAN_POINT ( 'NONE',  ( 19.99999999999999645, 20.99999999999999645, 0.000000000000000000 ) ) ;
#3818 = CIRCLE ( 'NONE', #3344, 0.7500000000000000000 ) ;
#3819 = ORIENTED_EDGE ( 'NONE', *, *, #2106, .T. ) ;
#3820 = CARTESIAN_POINT ( 'NONE',  ( 15.31671999583007349, -0.06659079244564693190, 12.73110616345640800 ) ) ;
#3821 = ADVANCED_FACE ( 'NONE', ( #1314 ), #4572, .T. ) ;
#3822 = AXIS2_PLACEMENT_3D ( 'NONE', #4208, #3450, #4647 ) ;
#3823 = CARTESIAN_POINT ( 'NONE',  ( 18.48501606016042231, -9.926483841316027679, -0.2592172964455886075 ) ) ;
#3824 = CARTESIAN_POINT ( 'NONE',  ( 16.10191943618044164, 8.807553479222345771, 18.59064827864725089 ) ) ;
#3825 = EDGE_CURVE ( 'NONE', #2159, #3552, #2090, .T. ) ;
#3826 = DIRECTION ( 'NONE',  ( 1.012148567159334067E-16, 0.1620855897317050875, -0.9867767030090067726 ) ) ;
#3827 = ORIENTED_EDGE ( 'NONE', *, *, #3904, .F. ) ;
#3828 = TOROIDAL_SURFACE ( 'NONE', #1496, 19.49999999999999645, 2.499999999999994227 ) ;
#3829 = ORIENTED_EDGE ( 'NONE', *, *, #3075, .F. ) ;
#3830 = CARTESIAN_POINT ( 'NONE',  ( 19.22466309474273416, 7.707365023887624567, -5.214931962908921470 ) ) ;
#3831 = CARTESIAN_POINT ( 'NONE',  ( 15.49201212968508656, -17.12503350460746887, 8.924782180426191758 ) ) ;
#3832 = EDGE_CURVE ( 'NONE', #2252, #3544, #2308, .T. ) ;
#3833 = AXIS2_PLACEMENT_3D ( 'NONE', #1773, #4854, #4470 ) ;
#3834 = ORIENTED_EDGE ( 'NONE', *, *, #567, .F. ) ;
#3835 = FACE_OUTER_BOUND ( 'NONE', #3232, .T. ) ;
#3836 = CARTESIAN_POINT ( 'NONE',  ( 19.22466309474267732, 7.341401799592938815, 5.718637128385943846 ) ) ;
#3837 = FACE_OUTER_BOUND ( 'NONE', #257, .T. ) ;
#3838 = CARTESIAN_POINT ( 'NONE',  ( 15.95992883363978798, 8.133084897688519277, -14.16853863147579595 ) ) ;
#3839 = DIRECTION ( 'NONE',  ( 2.081544907286531627E-16, -0.7111427899707145617, 0.7030476031341464926 ) ) ;
#3840 = AXIS2_PLACEMENT_3D ( 'NONE', #2404, #3076, #3152 ) ;
#3841 = FACE_OUTER_BOUND ( 'NONE', #4477, .T. ) ;
#3842 = AXIS2_PLACEMENT_3D ( 'NONE', #4362, #885, #1303 ) ;
#3843 = DIRECTION ( 'NONE',  ( 8.294471464601281835E-17, -1.000000000000000000, 8.881784197001252323E-16 ) ) ;
#3844 = DIRECTION ( 'NONE',  ( -1.000000000000000000, -1.224646799147353207E-16, 0.000000000000000000 ) ) ;
#3845 = ADVANCED_FACE ( 'NONE', ( #4434 ), #3098, .T. ) ;
#3846 = ORIENTED_EDGE ( 'NONE', *, *, #4508, .F. ) ;
#3847 = LINE ( 'NONE', #4604, #1976 ) ;
#3848 = CARTESIAN_POINT ( 'NONE',  ( 18.47699635493042791, -9.952993238977446921, 0.5278302534537805402 ) ) ;
#3849 = CARTESIAN_POINT ( 'NONE',  ( 13.83221794005226180, 0.000000000000000000, 0.000000000000000000 ) ) ;
#3850 = LINE ( 'NONE', #4673, #3589 ) ;
#3851 = VERTEX_POINT ( 'NONE', #4122 ) ;
#3852 = CIRCLE ( 'NONE', #1998, 20.99999999999999645 ) ;
#3853 = EDGE_CURVE ( 'NONE', #2100, #3499, #750, .T. ) ;
#3854 = ORIENTED_EDGE ( 'NONE', *, *, #4886, .T. ) ;
#3855 = CARTESIAN_POINT ( 'NONE',  ( 14.43467158840843112, 8.855769020983377260, -18.90677036083583928 ) ) ;
#3856 = PLANE ( 'NONE',  #1325 ) ;
#3857 = VERTEX_POINT ( 'NONE', #2185 ) ;
#3858 = EDGE_CURVE ( 'NONE', #4193, #1104, #1652, .T. ) ;
#3859 = ORIENTED_EDGE ( 'NONE', *, *, #4185, .T. ) ;
#3860 = DIRECTION ( 'NONE',  ( 1.045635054682198998E-16, -0.7030476031341463816, -0.7111427899707145617 ) ) ;
#3861 = CARTESIAN_POINT ( 'NONE',  ( 15.37145724498214072, 8.667241215171632263, -17.67069999126532309 ) ) ;
#3862 = DIRECTION ( 'NONE',  ( -1.000000000000000000, -1.224646799147353207E-16, 0.000000000000000000 ) ) ;
#3863 = ORIENTED_EDGE ( 'NONE', *, *, #3084, .T. ) ;
#3864 = DIRECTION ( 'NONE',  ( -1.224646799147353207E-16, 1.000000000000000000, 0.000000000000000000 ) ) ;
#3865 = CARTESIAN_POINT ( 'NONE',  ( 14.33221794005226712, 6.123233995736814107E-17, 0.000000000000000000 ) ) ;
#3866 = CARTESIAN_POINT ( 'NONE',  ( 18.13424309457171901, -6.099085611835031173, -9.670616038725453834 ) ) ;
#3867 = B_SPLINE_CURVE_WITH_KNOTS ( 'NONE', 3,
 ( #2591, #959, #4843, #564, #4073, #983 ),
 .UNSPECIFIED., .F., .F.,
 ( 4, 2, 4 ),
 ( 5.204170427930421283E-18, 0.0004148105333363940857, 0.0008296210666727829672 ),
 .UNSPECIFIED. ) ;
#3868 = CIRCLE ( 'NONE', #46, 5.130157361851829911 ) ;
#3869 = ORIENTED_EDGE ( 'NONE', *, *, #889, .F. ) ;
#3870 = CARTESIAN_POINT ( 'NONE',  ( 15.93119001642231325, 2.114546328225451077, 16.95192468838455824 ) ) ;
#3871 = CARTESIAN_POINT ( 'NONE',  ( 18.23879110075061760, -10.73844932559569187, 2.429367792249929270 ) ) ;
#3872 = CARTESIAN_POINT ( 'NONE',  ( 14.44470321908979216, 7.257288841366948517, -8.232003521816803726 ) ) ;
#3873 = VERTEX_POINT ( 'NONE', #3689 ) ;
#3874 = VECTOR ( 'NONE', #341, 1000.000000000000000 ) ;
#3875 = ADVANCED_FACE ( 'NONE', ( #233 ), #3288, .F. ) ;
#3876 = ORIENTED_EDGE ( 'NONE', *, *, #229, .T. ) ;
#3877 = CARTESIAN_POINT ( 'NONE',  ( 18.36323743614983428, 7.317440178273294293, -7.500344952173117363 ) ) ;
#3878 = LINE ( 'NONE', #469, #3738 ) ;
#3879 = ORIENTED_EDGE ( 'NONE', *, *, #3374, .F. ) ;
#3880 = DIRECTION ( 'NONE',  ( 1.000000000000000000, 1.224646799147353207E-16, -0.000000000000000000 ) ) ;
#3881 = CARTESIAN_POINT ( 'NONE',  ( 19.11239656173374257, 8.376018847894336261, 5.407958395998202050 ) ) ;
#3882 = CARTESIAN_POINT ( 'NONE',  ( 15.76442018981256687, 2.658115812557841018, -18.00381093951178357 ) ) ;
#3883 = ADVANCED_FACE ( 'NONE', ( #2854 ), #919, .F. ) ;
#3884 = EDGE_CURVE ( 'NONE', #240, #3873, #2162, .T. ) ;
#3885 = APPROVAL_DATE_TIME ( #3204, #152 ) ;
#3886 = CARTESIAN_POINT ( 'NONE',  ( 18.97571454878588426, -5.953506797170954989, 8.869920662184030746 ) ) ;
#3887 = FACE_OUTER_BOUND ( 'NONE', #1876, .T. ) ;
#3888 = CARTESIAN_POINT ( 'NONE',  ( 18.97667301655001637, -1.271893037627383816, 10.62071709918672013 ) ) ;
#3889 = CARTESIAN_POINT ( 'NONE',  ( 13.83221794005226180, 0.000000000000000000, 0.000000000000000000 ) ) ;
#3890 = CARTESIAN_POINT ( 'NONE',  ( 19.10123694587635512, 9.165776401856458477, 4.030832868756696996 ) ) ;
#3891 = CARTESIAN_POINT ( 'NONE',  ( 15.34988357635248768, 8.809564851835057553, -18.60383571313781204 ) ) ;
#3892 = VECTOR ( 'NONE', #1856, 1000.000000000000000 ) ;
#3893 = VECTOR ( 'NONE', #4635, 1000.000000000000000 ) ;
#3894 = DIRECTION ( 'NONE',  ( 1.000000000000000000, 1.224646799147353207E-16, -0.000000000000000000 ) ) ;
#3895 = ORIENTED_EDGE ( 'NONE', *, *, #1148, .T. ) ;
#3896 = ORIENTED_EDGE ( 'NONE', *, *, #5035, .T. ) ;
#3897 = AXIS2_PLACEMENT_3D ( 'NONE', #3494, #752, #1177 ) ;
#3898 = ORIENTED_EDGE ( 'NONE', *, *, #2328, .F. ) ;
#3899 = CARTESIAN_POINT ( 'NONE',  ( 14.53391428651584860, 8.848257659318457868, -18.85752260372563072 ) ) ;
#3900 = FACE_OUTER_BOUND ( 'NONE', #2922, .T. ) ;
#3901 = ORIENTED_EDGE ( 'NONE', *, *, #327, .F. ) ;
#3902 = CIRCLE ( 'NONE', #1328, 8.654862814641555602 ) ;
#3903 = EDGE_LOOP ( 'NONE', ( #890, #4942, #2012, #1186, #3947, #780, #2401, #968, #1253, #1312, #1286, #250, #525, #121 ) ) ;
#3904 = EDGE_CURVE ( 'NONE', #3635, #3857, #2509, .T. ) ;
#3905 = CARTESIAN_POINT ( 'NONE',  ( 14.57599858709623497, -0.8786483580134478721, -11.15965630660261176 ) ) ;
#3906 = LINE ( 'NONE', #3077, #3165 ) ;
#3907 = CARTESIAN_POINT ( 'NONE',  ( 15.68811153057871088, 2.838224051893812661, -18.35234665781984376 ) ) ;
#3908 = TOROIDAL_SURFACE ( 'NONE', #1751, 55.18023718033725089, 0.7500000000000000000 ) ;
#3909 = CARTESIAN_POINT ( 'NONE',  ( 0.000000000000000000, 0.000000000000000000, 0.000000000000000000 ) ) ;
#3910 = ORIENTED_EDGE ( 'NONE', *, *, #3276, .F. ) ;
#3911 = APPROVAL_PERSON_ORGANIZATION ( #455, #152, #3556 ) ;
#3912 = CIRCLE ( 'NONE', #1586, 0.7500000000000011102 ) ;
#3913 = ORIENTED_EDGE ( 'NONE', *, *, #3075, .T. ) ;
#3914 = CARTESIAN_POINT ( 'NONE',  ( 18.86914364109006925, -6.522842194442509900, 9.122225099329099862 ) ) ;
#3915 = DIRECTION ( 'NONE',  ( -1.224646799147353207E-16, 1.000000000000000000, 0.000000000000000000 ) ) ;
#3916 = CARTESIAN_POINT ( 'NONE',  ( 18.42344596033372994, -10.12987791374955648, 1.285576421771995603 ) ) ;
#3917 = EDGE_CURVE ( 'NONE', #1359, #4797, #4803, .T. ) ;
#3918 = CIRCLE ( 'NONE', #4666, 32.99874609610466791 ) ;
#3919 = AXIS2_PLACEMENT_3D ( 'NONE', #4957, #3348, #4105 ) ;
#3920 = FACE_OUTER_BOUND ( 'NONE', #4332, .T. ) ;
#3921 = CARTESIAN_POINT ( 'NONE',  ( 19.22462960354477701, -9.300780823119527696, 0.3134946163814357756 ) ) ;
#3922 = FACE_OUTER_BOUND ( 'NONE', #2399, .T. ) ;
#3923 = CYLINDRICAL_SURFACE ( 'NONE', #3520, 25.00000000000000000 ) ;
#3924 = ORIENTED_EDGE ( 'NONE', *, *, #3641, .T. ) ;
#3925 = ORIENTED_EDGE ( 'NONE', *, *, #4379, .F. ) ;
#3926 = CARTESIAN_POINT ( 'NONE',  ( 18.44603654216124511, -2.118452159241379196, 9.884407053926993925 ) ) ;
#3927 = AXIS2_PLACEMENT_3D ( 'NONE', #452, #2047, #3485 ) ;
#3928 = CARTESIAN_POINT ( 'NONE',  ( 20.00000000000000000, 0.000000000000000000, 0.000000000000000000 ) ) ;
#3929 = ORIENTED_EDGE ( 'NONE', *, *, #4836, .T. ) ;
#3930 = VERTEX_POINT ( 'NONE', #718 ) ;
#3931 = ORIENTED_EDGE ( 'NONE', *, *, #3811, .T. ) ;
#3932 = DIRECTION ( 'NONE',  ( -1.000000000000000000, -1.224646799147353207E-16, 0.000000000000000000 ) ) ;
#3933 = CARTESIAN_POINT ( 'NONE',  ( 19.18575889800547785, 6.917266250959003493, 6.562089344040454186 ) ) ;
#3934 = DIRECTION ( 'NONE',  ( 1.224646799147353207E-16, -1.000000000000000000, 0.000000000000000000 ) ) ;
#3935 = PERSON_AND_ORGANIZATION_ROLE ( 'design_owner' ) ;
#3936 = ORIENTED_EDGE ( 'NONE', *, *, #2770, .F. ) ;
#3937 = CARTESIAN_POINT ( 'NONE',  ( 16.01996565806087602, 4.561437009998790870, 20.26398116540626049 ) ) ;
#3938 = CARTESIAN_POINT ( 'NONE',  ( 15.00197104962199113, -18.36699211836400636, -10.18104122985239002 ) ) ;
#3939 = DIRECTION ( 'NONE',  ( 0.000000000000000000, -0.7030476031341341692, 0.7111427899707265521 ) ) ;
#3940 = CARTESIAN_POINT ( 'NONE',  ( 19.22459589508745736, -2.574215976918264204, 8.943145316191582594 ) ) ;
#3941 = CARTESIAN_POINT ( 'NONE',  ( 13.83221794005226180, 21.49999999999999645, 0.000000000000000000 ) ) ;
#3942 = CARTESIAN_POINT ( 'NONE',  ( 18.97544250893952267, 10.03159198231803728, 3.676281338466571569 ) ) ;
#3943 = DIRECTION ( 'NONE',  ( 1.244921246426974885E-14, 0.1507782145711772659, -0.9885676152953464246 ) ) ;
#3944 = B_SPLINE_CURVE_WITH_KNOTS ( 'NONE', 3,
 ( #3375, #2541, #568, #986, #541, #2167, #3669, #4028, #3642, #3694 ),
 .UNSPECIFIED., .F., .F.,
 ( 4, 2, 2, 2, 4 ),
 ( 5.651432409892861393E-07, 0.0003283357421052429453, 0.0006561063409694966111, 0.0009838769398337503854, 0.001311647538698003726 ),
 .UNSPECIFIED. ) ;
#3945 = CARTESIAN_POINT ( 'NONE',  ( 17.00000000000000000, 5.130157361851829911, 0.000000000000000000 ) ) ;
#3946 = ADVANCED_FACE ( 'NONE', ( #3837 ), #4974, .F. ) ;
#3947 = ORIENTED_EDGE ( 'NONE', *, *, #775, .T. ) ;
#3948 = CARTESIAN_POINT ( 'NONE',  ( 18.42320388915668516, -1.905628531285082028, 10.03284807425475833 ) ) ;
#3949 = DIRECTION ( 'NONE',  ( 1.000000000000000000, 1.224646799147353207E-16, -0.000000000000000000 ) ) ;
#3950 = CARTESIAN_POINT ( 'NONE',  ( -36.17039518766870287, -4.578598611029114807, 2.366022450903344954 ) ) ;
#3951 = AXIS2_PLACEMENT_3D ( 'NONE', #4792, #1244, #2494 ) ;
#3952 = EDGE_LOOP ( 'NONE', ( #2063, #3827, #1692, #2920 ) ) ;
#3953 = ORIENTED_EDGE ( 'NONE', *, *, #1226, .F. ) ;
#3954 = EDGE_CURVE ( 'NONE', #3252, #4367, #320, .T. ) ;
#3955 = ORIENTED_EDGE ( 'NONE', *, *, #1173, .F. ) ;
#3956 = B_SPLINE_CURVE_WITH_KNOTS ( 'NONE', 3,
 ( #756, #2742, #3495, #3425, #4963, #1963, #4577, #1483, #6, #3021, #4626, #5029 ),
 .UNSPECIFIED., .F., .F.,
 ( 4, 2, 2, 2, 2, 4 ),
 ( 4.869836446245687639E-07, 0.001175486695147241094, 0.002350486406649857606, 0.002937986262401167271, 0.003525486118152477370, 0.004700485829655100603 ),
 .UNSPECIFIED. ) ;
#3957 = DIRECTION ( 'NONE',  ( -1.000000000000000000, 0.000000000000000000, 0.000000000000000000 ) ) ;
#3958 = DIRECTION ( 'NONE',  ( 0.000000000000000000, -0.000000000000000000, -1.000000000000000000 ) ) ;
#3959 = CARTESIAN_POINT ( 'NONE',  ( 16.91668686200012672, 0.000000000000000000, 0.000000000000000000 ) ) ;
#3960 = CARTESIAN_POINT ( 'NONE',  ( 15.94569792126936747, 8.859618193658620910, -18.93200721261766617 ) ) ;
#3961 = ORIENTED_EDGE ( 'NONE', *, *, #3964, .T. ) ;
#3962 = CARTESIAN_POINT ( 'NONE',  ( 19.16226026710409158, -1.478152886018879730, 9.556395436542159061 ) ) ;
#3963 = FACE_OUTER_BOUND ( 'NONE', #34, .T. ) ;
#3964 = EDGE_CURVE ( 'NONE', #579, #1868, #1243, .T. ) ;
#3965 = CARTESIAN_POINT ( 'NONE',  ( 19.26470588235294912, -9.004755876083409207E-17, 0.000000000000000000 ) ) ;
#3966 = CARTESIAN_POINT ( 'NONE',  ( 18.32665288775817558, -5.125122268487088739, 9.321636635901914048 ) ) ;
#3967 = CARTESIAN_POINT ( 'NONE',  ( 18.36353445633487169, 7.317936788004277382, 7.497994586658371041 ) ) ;
#3968 = DIRECTION ( 'NONE',  ( 1.000000000000000000, 1.224646799147353207E-16, -0.000000000000000000 ) ) ;
#3969 = ADVANCED_FACE ( 'NONE', ( #4249 ), #3420, .T. ) ;
#3970 = LINE ( 'NONE', #1271, #4535 ) ;
#3971 = CARTESIAN_POINT ( 'NONE',  ( 20.00000000000000000, 0.000000000000000000, 0.000000000000000000 ) ) ;
#3972 = ORIENTED_EDGE ( 'NONE', *, *, #4351, .F. ) ;
#3973 = ADVANCED_FACE ( 'NONE', ( #4948 ), #3094, .T. ) ;
#3974 = EDGE_CURVE ( 'NONE', #3382, #1803, #1603, .T. ) ;
#3975 = VERTEX_POINT ( 'NONE', #3055 ) ;
#3976 = CIRCLE ( 'NONE', #497, 20.91421356237308871 ) ;
#3977 = VECTOR ( 'NONE', #475, 1000.000000000000000 ) ;
#3978 = DIRECTION ( 'NONE',  ( 1.000000000000000000, 1.224646799147353207E-16, -0.000000000000000000 ) ) ;
#3979 = DIRECTION ( 'NONE',  ( 0.000000000000000000, -0.4488827966982559814, -0.8935906416409876707 ) ) ;
#3980 = CARTESIAN_POINT ( 'NONE',  ( 15.76442018981255622, -16.30123875307152304, -8.091501908422996436 ) ) ;
#3981 = ORIENTED_EDGE ( 'NONE', *, *, #4041, .T. ) ;
#3982 = ORIENTED_EDGE ( 'NONE', *, *, #4379, .T. ) ;
#3983 = CIRCLE ( 'NONE', #162, 20.99999999999999645 ) ;
#3984 = VERTEX_POINT ( 'NONE', #893 ) ;
#3985 = ADVANCED_FACE ( 'NONE', ( #867 ), #842, .T. ) ;
#3986 = DIRECTION ( 'NONE',  ( 1.000000000000000000, 1.224646799147353207E-16, -0.000000000000000000 ) ) ;
#3987 = AXIS2_PLACEMENT_3D ( 'NONE', #2473, #468, #3166 ) ;
#3988 = CARTESIAN_POINT ( 'NONE',  ( 0.5000000000000011102, 22.99999999999998934, 0.000000000000000000 ) ) ;
#3989 = AXIS2_PLACEMENT_3D ( 'NONE', #399, #2753, #4291 ) ;
#3990 = AXIS2_PLACEMENT_3D ( 'NONE', #1957, #3490, #4978 ) ;
#3991 = AXIS2_PLACEMENT_3D ( 'NONE', #1333, #58, #470 ) ;
#3992 = CARTESIAN_POINT ( 'NONE',  ( 15.34988357635248590, 3.807972590071825092, 20.22895155151078228 ) ) ;
#3993 = CARTESIAN_POINT ( 'NONE',  ( 15.36364019208436105, 3.811745585297224181, 20.23625284769749300 ) ) ;
#3994 = FACE_OUTER_BOUND ( 'NONE', #4801, .T. ) ;
#3995 = CARTESIAN_POINT ( 'NONE',  ( 19.11952606956513989, -2.808253612134866906, 9.525107309346601880 ) ) ;
#3996 = VECTOR ( 'NONE', #314, 1000.000000000000000 ) ;
#3997 = CIRCLE ( 'NONE', #4322, 19.99999999999999645 ) ;
#3998 = CARTESIAN_POINT ( 'NONE',  ( 18.36286942986332349, 9.396909603908547126, 4.640265555557172128 ) ) ;
#3999 = CARTESIAN_POINT ( 'NONE',  ( 18.86914364109006570, -10.69142071353678780, 3.384668991583358100 ) ) ;
#4000 = CARTESIAN_POINT ( 'NONE',  ( 15.10136829394609492, -15.35845830444589843, 14.32193277845545687 ) ) ;
#4001 = VERTEX_POINT ( 'NONE', #41 ) ;
#4002 = CARTESIAN_POINT ( 'NONE',  ( 15.71329586650470134, -18.51604928249733106, -10.33181470108371514 ) ) ;
#4003 = AXIS2_PLACEMENT_3D ( 'NONE', #2570, #4848, #4904 ) ;
#4004 = EDGE_CURVE ( 'NONE', #2329, #5033, #4019, .T. ) ;
#4005 = VERTEX_POINT ( 'NONE', #2755 ) ;
#4006 = CARTESIAN_POINT ( 'NONE',  ( 18.13424309457171546, -6.099085611834868637, 9.670616038725553310 ) ) ;
#4007 = CARTESIAN_POINT ( 'NONE',  ( 15.22970941425003488, 8.724589098369037288, 18.04669767963086358 ) ) ;
#4008 = DIRECTION ( 'NONE',  ( 0.000000000000000000, 0.4590833271949565364, 0.8883932117545746410 ) ) ;
#4009 = AXIS2_PLACEMENT_3D ( 'NONE', #4486, #4436, #150 ) ;
#4010 = VERTEX_POINT ( 'NONE', #4684 ) ;
#4011 = EDGE_CURVE ( 'NONE', #3001, #1590, #2938, .T. ) ;
#4012 = ORIENTED_EDGE ( 'NONE', *, *, #3339, .F. ) ;
#4013 = EDGE_CURVE ( 'NONE', #2066, #4106, #3487, .T. ) ;
#4014 = EDGE_LOOP ( 'NONE', ( #4940, #2091, #450, #1184 ) ) ;
#4015 = CARTESIAN_POINT ( 'NONE',  ( 14.80283521913047728, 20.48195222315401764, 2.618594532623150339 ) ) ;
#4016 = CARTESIAN_POINT ( 'NONE',  ( 18.97571454886832854, 6.596061067604933825, 8.403077657666157663 ) ) ;
#4017 = CARTESIAN_POINT ( 'NONE',  ( 14.02300515190535357, -4.594751040825404864, -9.237243133509776882 ) ) ;
#4018 = APPROVAL_STATUS ( 'not_yet_approved' ) ;
#4019 = B_SPLINE_CURVE_WITH_KNOTS ( 'NONE', 3,
 ( #1212, #4662, #2828, #1284 ),
 .UNSPECIFIED., .F., .F.,
 ( 4, 4 ),
 ( 0.005643343412390346148, 0.006557754667385885111 ),
 .UNSPECIFIED. ) ;
#4020 = EDGE_CURVE ( 'NONE', #3305, #4005, #380, .T. ) ;
#4021 = EDGE_CURVE ( 'NONE', #1767, #214, #3154, .T. ) ;
#4022 = ORIENTED_EDGE ( 'NONE', *, *, #4172, .T. ) ;
#4023 = CARTESIAN_POINT ( 'NONE',  ( 0.5972188563333101774, -3.469446951953614189E-15, 0.000000000000000000 ) ) ;
#4024 = DIRECTION ( 'NONE',  ( -1.224646799147353207E-16, 1.000000000000000000, 0.000000000000000000 ) ) ;
#4025 = DIRECTION ( 'NONE',  ( 2.298614068971663455E-16, -0.8883932117545823015, -0.4590833271949418259 ) ) ;
#4026 = FACE_OUTER_BOUND ( 'NONE', #1225, .T. ) ;
#4027 = CARTESIAN_POINT ( 'NONE',  ( 19.11958564739175515, -3.323386615956000156, 9.357481425861285729 ) ) ;
#4028 = CARTESIAN_POINT ( 'NONE',  ( 14.53391428651584860, 3.925782864245137116, 20.45693161885501965 ) ) ;
#4029 = CARTESIAN_POINT ( 'NONE',  ( 15.71530254681541194, -15.55347432140954034, 14.11017479861046375 ) ) ;
#4030 = ORIENTED_EDGE ( 'NONE', *, *, #3081, .F. ) ;
#4031 = DIRECTION ( 'NONE',  ( 1.000000000000000000, 1.224646799147353207E-16, -0.000000000000000000 ) ) ;
#4032 = ORIENTED_EDGE ( 'NONE', *, *, #1835, .T. ) ;
#4033 = CARTESIAN_POINT ( 'NONE',  ( -4.999999999999993783, -3.648089482533088156E-15, 2.168404344971008868E-16 ) ) ;
#4034 = CARTESIAN_POINT ( 'NONE',  ( 15.14241462648021574, 8.755027656566346295, 18.24626611845155111 ) ) ;
#4035 = DIRECTION ( 'NONE',  ( -1.609682944677043619E-16, 1.000000000000000000, 0.000000000000000000 ) ) ;
#4036 = ORIENTED_EDGE ( 'NONE', *, *, #2930, .F. ) ;
#4037 = EDGE_CURVE ( 'NONE', #4424, #1524, #4707, .T. ) ;
#4038 = ORIENTED_EDGE ( 'NONE', *, *, #556, .T. ) ;
#4039 = ORIENTED_EDGE ( 'NONE', *, *, #4352, .F. ) ;
#4040 = CIRCLE ( 'NONE', #3233, 22.99999999999999289 ) ;
#4041 = EDGE_CURVE ( 'NONE', #60, #1385, #4888, .T. ) ;
#4042 = CARTESIAN_POINT ( 'NONE',  ( 14.32001258001401034, -5.315013277283461512, -9.374972017410994951 ) ) ;
#4043 = CARTESIAN_POINT ( 'NONE',  ( -36.17039518766870287, 0.8353562884026711766, 5.085647190920981053 ) ) ;
#4044 = EDGE_CURVE ( 'NONE', #15, #1132, #4941, .T. ) ;
#4045 = EDGE_CURVE ( 'NONE', #2772, #3391, #2773, .T. ) ;
#4046 = CARTESIAN_POINT ( 'NONE',  ( 16.01996565806091155, 20.68175288830231651, 1.923730161774578118 ) ) ;
#4047 = CARTESIAN_POINT ( 'NONE',  ( 17.00000000000000000, -3.673940397442058389E-16, 0.000000000000000000 ) ) ;
#4048 = ADVANCED_FACE ( 'NONE', ( #1974, #3176 ), #1231, .T. ) ;
#4049 = CARTESIAN_POINT ( 'NONE',  ( -36.17039518766870287, -5.244893519845095220, -2.710334946299477021 ) ) ;
#4050 = CARTESIAN_POINT ( 'NONE',  ( 14.33221794005226890, -18.30413442075662900, -10.11745976218452725 ) ) ;
#4051 = CARTESIAN_POINT ( 'NONE',  ( 18.48494926851455133, -9.926704578689689029, 0.2620195881092845513 ) ) ;
#4052 = CARTESIAN_POINT ( 'NONE',  ( 15.20503010338585348, -18.23531933646061276, 10.04785231196374973 ) ) ;
#4053 = CARTESIAN_POINT ( 'NONE',  ( 5.000000000000006217, 2.012461179749811979, -1.799999999999999822 ) ) ;
#4054 = ORIENTED_EDGE ( 'NONE', *, *, #382, .T. ) ;
#4055 = CARTESIAN_POINT ( 'NONE',  ( 19.14788446560444868, 6.774535411171911911E-15, 0.000000000000000000 ) ) ;
#4056 = ORIENTED_EDGE ( 'NONE', *, *, #2666, .T. ) ;
#4057 = ORIENTED_EDGE ( 'NONE', *, *, #815, .T. ) ;
#4058 = CARTESIAN_POINT ( 'NONE',  ( 28.99999999999999645, -0.7499815780237324425, -11.40864529650966652 ) ) ;
#4059 = CARTESIAN_POINT ( 'NONE',  ( 15.96918268402514407, -17.89797000229546597, -10.63142226867252305 ) ) ;
#4060 = CARTESIAN_POINT ( 'NONE',  ( 15.39062593997192963, 8.822779052365138597, -19.05673502297837985 ) ) ;
#4061 = ORIENTED_EDGE ( 'NONE', *, *, #973, .T. ) ;
#4062 = ORIENTED_EDGE ( 'NONE', *, *, #2263, .T. ) ;
#4063 = CIRCLE ( 'NONE', #3257, 26.52882011201362999 ) ;
#4064 = EDGE_LOOP ( 'NONE', ( #2198, #3432, #4680, #2867 ) ) ;
#4065 = CARTESIAN_POINT ( 'NONE',  ( 15.00197104962197514, 20.84347464719607856, -2.559211720763729492 ) ) ;
#4066 = CARTESIAN_POINT ( 'NONE',  ( 15.68821549964285289, -13.08297078507677114, -13.17887335734184084 ) ) ;
#4067 = COORDINATED_UNIVERSAL_TIME_OFFSET ( 5, 0, .BEHIND. ) ;
#4068 = AXIS2_PLACEMENT_3D ( 'NONE', #3412, #3787, #312 ) ;
#4069 = VERTEX_POINT ( 'NONE', #454 ) ;
#4070 = AXIS2_PLACEMENT_3D ( 'NONE', #2625, #242, #3723 ) ;
#4071 = LINE ( 'NONE', #2510, #4336 ) ;
#4072 = CARTESIAN_POINT ( 'NONE',  ( 15.20503010338449279, 3.921051843243418933, -20.44777640302971733 ) ) ;
#4073 = CARTESIAN_POINT ( 'NONE',  ( 15.10479532739165442, -18.29993400285360394, 10.11321097889738851 ) ) ;
#4074 = CARTESIAN_POINT ( 'NONE',  ( 19.89999999999999858, 26.52882011201366552, 0.000000000000000000 ) ) ;
#4075 = CC_DESIGN_DATE_AND_TIME_ASSIGNMENT ( #4094, #2849, ( #781 ) ) ;
#4076 = CARTESIAN_POINT ( 'NONE',  ( 13.84116537964913007, -2.352832988080903132, 9.747495861000590622 ) ) ;
#4077 = DIRECTION ( 'NONE',  ( -0.9343644053566273477, 0.000000000000000000, 0.3563188993058831744 ) ) ;
#4078 = CARTESIAN_POINT ( 'NONE',  ( 19.21697865115010373, 7.914971609506479489, -4.980504769826747058 ) ) ;
#4079 = TOROIDAL_SURFACE ( 'NONE', #921, 55.18023718033725089, 0.7500000000000000000 ) ;
#4080 = EDGE_CURVE ( 'NONE', #2726, #4413, #994, .T. ) ;
#4081 = SECURITY_CLASSIFICATION ( '', '', #978 ) ;
#4082 = VERTEX_POINT ( 'NONE', #1638 ) ;
#4083 = ORIENTED_EDGE ( 'NONE', *, *, #1624, .F. ) ;
#4084 = FACE_OUTER_BOUND ( 'NONE', #2018, .T. ) ;
#4085 = CARTESIAN_POINT ( 'NONE',  ( 10.00000000000007461, -269.1527857348445991, 3.296170975317707948E-14 ) ) ;
#4086 = ORIENTED_EDGE ( 'NONE', *, *, #1143, .T. ) ;
#4087 = VECTOR ( 'NONE', #1423, 1000.000000000000000 ) ;
#4088 = ORIENTED_EDGE ( 'NONE', *, *, #4645, .T. ) ;
#4089 = ORIENTED_EDGE ( 'NONE', *, *, #3122, .F. ) ;
#4090 = AXIS2_PLACEMENT_3D ( 'NONE', #4085, #4775, #607 ) ;
#4091 = CARTESIAN_POINT ( 'NONE',  ( 18.92544621947405403, 6.612998450478110968, -8.713810393621693962 ) ) ;
#4092 = B_SPLINE_CURVE_WITH_KNOTS ( 'NONE', 3,
 ( #4007, #1772, #4034, #111, #2444, #3222, #3701, #3678, #577, #218 ),
 .UNSPECIFIED., .F., .F.,
 ( 4, 2, 2, 2, 4 ),
 ( 5.651432404133652510E-07, 0.0003283357421046745523, 0.0006561063409689357534, 0.0009838769398331970086, 0.001311647538697458155 ),
 .UNSPECIFIED. ) ;
#4093 = CARTESIAN_POINT ( 'NONE',  ( 14.33221794005226535, 20.99999999999999645, 0.000000000000000000 ) ) ;
#4094 = DATE_AND_TIME ( #558, #4407 ) ;
#4095 = DIRECTION ( 'NONE',  ( 0.000000000000000000, 0.8883932117545740859, -0.4590833271949578132 ) ) ;
#4096 = CARTESIAN_POINT ( 'NONE',  ( 0.1000000000000026146, 30.31597898765162924, 0.000000000000000000 ) ) ;
#4097 = CARTESIAN_POINT ( 'NONE',  ( 16.16137039704820921, 20.31429751936825667, 1.956763301910337205 ) ) ;
#4098 = CARTESIAN_POINT ( 'NONE',  ( 14.33221794005226890, -15.27856463851679969, 14.28179930958331489 ) ) ;
#4099 = CARTESIAN_POINT ( 'NONE',  ( 18.80661654244304515, -6.207413907120986174, -9.725033247102000900 ) ) ;
#4100 = AXIS2_PLACEMENT_3D ( 'NONE', #3611, #617, #4095 ) ;
#4101 = CARTESIAN_POINT ( 'NONE',  ( 18.18980072945374005, -10.89959104093779985, -2.627657344667691852 ) ) ;
#4102 = ADVANCED_FACE ( 'NONE', ( #2804 ), #1970, .T. ) ;
#4103 = CARTESIAN_POINT ( 'NONE',  ( 15.49806240675995461, -18.31545043693856201, 10.99864148732626923 ) ) ;
#4104 = CARTESIAN_POINT ( 'NONE',  ( 7.418031413246567674, -1.540846755674013973E-15, 0.000000000000000000 ) ) ;
#4105 = DIRECTION ( 'NONE',  ( -1.224646799147353207E-16, 1.000000000000000000, 0.000000000000000000 ) ) ;
#4106 = VERTEX_POINT ( 'NONE', #4345 ) ;
#4107 = VERTEX_POINT ( 'NONE', #4808 ) ;
#4108 = DIRECTION ( 'NONE',  ( 1.000000000000000000, 1.224646799147353207E-16, -0.000000000000000000 ) ) ;
#4109 = EDGE_CURVE ( 'NONE', #1665, #3857, #404, .T. ) ;
#4110 = DIRECTION ( 'NONE',  ( 0.000000000000000000, 0.4488827966982421036, -0.8935906416409946651 ) ) ;
#4111 = CARTESIAN_POINT ( 'NONE',  ( 13.84116537964913540, 7.632916186161571304, -6.502929272647685721 ) ) ;
#4112 = CARTESIAN_POINT ( 'NONE',  ( 15.10479532739162956, 3.963244599326038120, -20.52942554136381048 ) ) ;
#4113 = VERTEX_POINT ( 'NONE', #4838 ) ;
#4114 = ORIENTED_EDGE ( 'NONE', *, *, #1182, .F. ) ;
#4115 = VERTEX_POINT ( 'NONE', #4093 ) ;
#4116 = CARTESIAN_POINT ( 'NONE',  ( 15.48447013105906933, 20.85518244422851808, -2.462656603306216940 ) ) ;
#4117 = CARTESIAN_POINT ( 'NONE',  ( 14.70510654246227311, -11.08202350442300421, 2.812190412536657469 ) ) ;
#4118 = ORIENTED_EDGE ( 'NONE', *, *, #4953, .T. ) ;
#4119 = AXIS2_PLACEMENT_3D ( 'NONE', #3541, #4412, #828 ) ;
#4120 = FACE_OUTER_BOUND ( 'NONE', #2679, .T. ) ;
#4121 = CARTESIAN_POINT ( 'NONE',  ( 15.83483821301495986, 7.889955047400318833, 12.57447348758135597 ) ) ;
#4122 = CARTESIAN_POINT ( 'NONE',  ( 14.33221794005226535, 20.84347464719607856, -2.559211720763729492 ) ) ;
#4123 = CARTESIAN_POINT ( 'NONE',  ( 15.14241462648022285, -14.64777795790699777, 13.96493241761121240 ) ) ;
#4124 = CARTESIAN_POINT ( 'NONE',  ( 18.13424309457171901, -6.099085611835031173, -9.670616038725453834 ) ) ;
#4125 = CARTESIAN_POINT ( 'NONE',  ( 18.97571454886837117, -10.27553062067162060, -2.921165211345828627 ) ) ;
#4126 = AXIS2_PLACEMENT_3D ( 'NONE', #4762, #2810, #4373 ) ;
#4127 = B_SPLINE_CURVE_WITH_KNOTS ( 'NONE', 3,
 ( #4898, #1398, #4123, #149, #2935, #3637, #4815, #2564, #2962, #4098 ),
 .UNSPECIFIED., .F., .F.,
 ( 4, 2, 2, 2, 4 ),
 ( 5.651432404126788366E-07, 0.0003283357421046736307, 0.0006561063409689345607, 0.0009838769398331954907, 0.001311647538697456421 ),
 .UNSPECIFIED. ) ;
#4128 = ADVANCED_FACE ( 'NONE', ( #4782 ), #3256, .T. ) ;
#4129 = EDGE_CURVE ( 'NONE', #4082, #3097, #2021, .T. ) ;
#4130 = FACE_OUTER_BOUND ( 'NONE', #4728, .T. ) ;
#4131 = FACE_OUTER_BOUND ( 'NONE', #4440, .T. ) ;
#4132 = CARTESIAN_POINT ( 'NONE',  ( 18.13424309457171191, 10.49694520596934133, 3.498657619041281919 ) ) ;
#4133 = EDGE_LOOP ( 'NONE', ( #3164, #2243, #2153, #4314, #3834, #3762, #1792 ) ) ;
#4134 = PLANE ( 'NONE',  #1240 ) ;
#4135 = FACE_OUTER_BOUND ( 'NONE', #445, .T. ) ;
#4136 = CARTESIAN_POINT ( 'NONE',  ( 15.41316552742295265, -14.86094635456820434, -14.07201458879970879 ) ) ;
#4137 = DIRECTION ( 'NONE',  ( 1.000000000000000000, 1.224646799147353207E-16, -0.000000000000000000 ) ) ;
#4138 = ORIENTED_EDGE ( 'NONE', *, *, #3448, .T. ) ;
#4139 = ADVANCED_FACE ( 'NONE', ( #615 ), #3607, .T. ) ;
#4140 = ORIENTED_EDGE ( 'NONE', *, *, #981, .F. ) ;
#4141 = CARTESIAN_POINT ( 'NONE',  ( -4.999999999999993783, -2.012461179749811535, -1.799999999999999822 ) ) ;
#4142 = CARTESIAN_POINT ( 'NONE',  ( 15.83483821301496697, -9.520904754843677154, 11.38951916408586840 ) ) ;
#4143 = EDGE_CURVE ( 'NONE', #1716, #922, #1118, .T. ) ;
#4144 = EDGE_CURVE ( 'NONE', #4313, #3602, #1019, .T. ) ;
#4145 = DIRECTION ( 'NONE',  ( -1.000000000000000000, -2.215406871764448996E-16, -7.198293278059910857E-17 ) ) ;
#4146 = DIRECTION ( 'NONE',  ( -1.224646799147353207E-16, 1.000000000000000000, 0.000000000000000000 ) ) ;
#4147 = AXIS2_PLACEMENT_3D ( 'NONE', #3147, #36, #2769 ) ;
#4148 = CARTESIAN_POINT ( 'NONE',  ( 18.23906308542473198, 10.11427497980947621, -4.346715175765933026 ) ) ;
#4149 = CIRCLE ( 'NONE', #4386, 0.7500000000000006661 ) ;
#4150 = CARTESIAN_POINT ( 'NONE',  ( 15.71430869653329232, 20.87661210198792716, 2.274818596538692450 ) ) ;
#4151 = CARTESIAN_POINT ( 'NONE',  ( 18.23939104319076066, -1.009460540176353449, -10.96100588044536472 ) ) ;
#4152 = AXIS2_PLACEMENT_3D ( 'NONE', #447, #3194, #2368 ) ;
#4153 = DIRECTION ( 'NONE',  ( 0.000000000000000000, 1.000000000000000000, 0.000000000000000000 ) ) ;
#4154 = DIRECTION ( 'NONE',  ( -1.387778780781445676E-16, 1.000000000000000000, 0.000000000000000000 ) ) ;
#4155 = DIRECTION ( 'NONE',  ( -1.000000000000000000, -1.224646799147353207E-16, 0.000000000000000000 ) ) ;
#4156 = AXIS2_PLACEMENT_3D ( 'NONE', #854, #4411, #4378 ) ;
#4157 = VERTEX_POINT ( 'NONE', #3330 ) ;
#4158 = CARTESIAN_POINT ( 'NONE',  ( 14.71846512719365485, 20.55033017008996410, 2.607362934005184929 ) ) ;
#4159 = AXIS2_PLACEMENT_3D ( 'NONE', #1500, #1066, #3035 ) ;
#4160 = CARTESIAN_POINT ( 'NONE',  ( -4.999999999999993783, 2.012461179749810647, -1.799999999999999822 ) ) ;
#4161 = DIRECTION ( 'NONE',  ( -1.000000000000000000, -1.224646799147353207E-16, 0.000000000000000000 ) ) ;
#4162 = CARTESIAN_POINT ( 'NONE',  ( 19.50000000000000000, 20.99999999999999645, 0.000000000000000000 ) ) ;
#4163 = ORIENTED_EDGE ( 'NONE', *, *, #4351, .T. ) ;
#4164 = TOROIDAL_SURFACE ( 'NONE', #3032, 21.49999999999999645, 1.499999999999999556 ) ;
#4165 = ORIENTED_EDGE ( 'NONE', *, *, #3178, .F. ) ;
#4166 = CARTESIAN_POINT ( 'NONE',  ( 10.00000000000004263, 0.000000000000000000, 0.000000000000000000 ) ) ;
#4167 = ORIENTED_EDGE ( 'NONE', *, *, #2934, .T. ) ;
#4168 = AXIS2_PLACEMENT_3D ( 'NONE', #3302, #3599, #3649 ) ;
#4169 = DIRECTION ( 'NONE',  ( -0.000000000000000000, -0.9885676152953460916, 0.1507782145711796806 ) ) ;
#4170 = LINE ( 'NONE', #4896, #2050 ) ;
#4171 = CARTESIAN_POINT ( 'NONE',  ( 13.77803019910892068, -9.926594664305907756, 0.1982745109937815997 ) ) ;
#4172 = EDGE_CURVE ( 'NONE', #1385, #1036, #3728, .T. ) ;
#4173 = CARTESIAN_POINT ( 'NONE',  ( 14.32001258001401034, -1.210534225838107547, -10.70859810400096990 ) ) ;
#4174 = ORIENTED_EDGE ( 'NONE', *, *, #4191, .T. ) ;
#4175 = CARTESIAN_POINT ( 'NONE',  ( 19.10189779210494976, -1.005630657642159420, -9.958596160064445257 ) ) ;
#4176 = ADVANCED_FACE ( 'NONE', ( #4504 ), #486, .T. ) ;
#4177 = LOCAL_TIME ( 15, 54, 54.00000000000000000, #4067 ) ;
#4178 = AXIS2_PLACEMENT_3D ( 'NONE', #1636, #3932, #4706 ) ;
#4179 = CARTESIAN_POINT ( 'NONE',  ( 17.00000000000000000, -5.130157361851829911, 6.282630792314073124E-16 ) ) ;
#4180 = CARTESIAN_POINT ( 'NONE',  ( 15.00197104962197692, 8.874942871418173951, 19.03248247152913208 ) ) ;
#4181 = CARTESIAN_POINT ( 'NONE',  ( 19.16226026720770648, -1.478152885645294123, 9.556395436002468102 ) ) ;
#4182 = ADVANCED_FACE ( 'NONE', ( #3029 ), #2372, .F. ) ;
#4183 = ORIENTED_EDGE ( 'NONE', *, *, #4672, .T. ) ;
#4184 = CARTESIAN_POINT ( 'NONE',  ( 0.1003018758116594883, -25.19959792024635448, 0.000000000000000000 ) ) ;
#4185 = EDGE_CURVE ( 'NONE', #3001, #627, #2230, .T. ) ;
#4186 = DIRECTION ( 'NONE',  ( 1.000000000000000000, 1.224646799147353207E-16, -0.000000000000000000 ) ) ;
#4187 = DIRECTION ( 'NONE',  ( -1.226200593105923645E-16, 1.000000000000000000, 0.000000000000000000 ) ) ;
#4188 = ORIENTED_EDGE ( 'NONE', *, *, #2600, .F. ) ;
#4189 = VERTEX_POINT ( 'NONE', #1493 ) ;
#4190 = CARTESIAN_POINT ( 'NONE',  ( 15.22970941424992475, -14.46738312548718142, -13.87431358935431192 ) ) ;
#4191 = EDGE_CURVE ( 'NONE', #2320, #3382, #1875, .T. ) ;
#4192 = CARTESIAN_POINT ( 'NONE',  ( 15.95992883363979153, -14.90786195304185036, 6.682081179818021965 ) ) ;
#4193 = VERTEX_POINT ( 'NONE', #1109 ) ;
#4194 = ADVANCED_FACE ( 'NONE', ( #4586 ), #1235, .F. ) ;
#4195 = CARTESIAN_POINT ( 'NONE',  ( 12.33221794005227245, -21.49999999999999645, 2.632990618166808446E-15 ) ) ;
#4196 = CARTESIAN_POINT ( 'NONE',  ( 15.46262465994940349, 20.16462055182431712, -2.670718676749404441 ) ) ;
#4197 = CARTESIAN_POINT ( 'NONE',  ( 15.14241462648021042, -17.80785229421442395, 9.615463233772855389 ) ) ;
#4198 = CARTESIAN_POINT ( 'NONE',  ( 15.39062593997193140, 20.85042068770977508, 2.502106530183723976 ) ) ;
#4199 = CARTESIAN_POINT ( 'NONE',  ( 18.32665288775817558, -1.332809528356695639, -10.55383373944531833 ) ) ;
#4200 = ADVANCED_FACE ( 'NONE', ( #712 ), #249, .F. ) ;
#4201 = ADVANCED_FACE ( 'NONE', ( #3760 ), #2698, .F. ) ;
#4202 = EDGE_CURVE ( 'NONE', #1359, #4107, #1734, .T. ) ;
#4203 = CARTESIAN_POINT ( 'NONE',  ( 28.99999999999999645, -6.099085611834867748, 9.670616038725551533 ) ) ;
#4204 = AXIS2_PLACEMENT_3D ( 'NONE', #3670, #4871, #2214 ) ;
#4205 = CARTESIAN_POINT ( 'NONE',  ( 15.83221794005226712, -15.80156424917904268, -13.83150632718889916 ) ) ;
#4206 = CARTESIAN_POINT ( 'NONE',  ( 18.23879110075061050, -5.628829404140097026, -9.462156272620729780 ) ) ;
#4207 = EDGE_LOOP ( 'NONE', ( #4878, #3876, #3071, #328 ) ) ;
#4208 = CARTESIAN_POINT ( 'NONE',  ( 14.33221794005226712, -6.941031157979783714E-16, 0.000000000000000000 ) ) ;
#4209 = CARTESIAN_POINT ( 'NONE',  ( -36.17039518766870287, 0.000000000000000000, 0.000000000000000000 ) ) ;
#4210 = CARTESIAN_POINT ( 'NONE',  ( 15.10479532739165442, -15.27322580496972648, -14.27911742100662984 ) ) ;
#4211 = DIRECTION ( 'NONE',  ( 1.000000000000000000, 1.224646799147353207E-16, -0.000000000000000000 ) ) ;
#4212 = ORIENTED_EDGE ( 'NONE', *, *, #3342, .T. ) ;
#4213 = ORIENTED_EDGE ( 'NONE', *, *, #601, .T. ) ;
#4214 = CARTESIAN_POINT ( 'NONE',  ( 19.22459589508742184, 7.339233398484666715, -5.722070356515382095 ) ) ;
#4215 = VECTOR ( 'NONE', #1821, 1000.000000000000000 ) ;
#4216 = CARTESIAN_POINT ( 'NONE',  ( 15.62077690680472486, -12.94277749611694439, 4.694369911056231359 ) ) ;
#4217 = PLANE ( 'NONE',  #4741 ) ;
#4218 = CARTESIAN_POINT ( 'NONE',  ( 19.01032660687619469, 9.459387432931535500, 4.606474841175377755 ) ) ;
#4219 = CARTESIAN_POINT ( 'NONE',  ( 19.18575889817637403, -1.739086610626350504, -9.374708885482789356 ) ) ;
#4220 = CIRCLE ( 'NONE', #2688, 0.7500000000000002220 ) ;
#4221 = CARTESIAN_POINT ( 'NONE',  ( 14.32001258001401212, -10.55855765525255130, -2.157852336385968073 ) ) ;
#4222 = CARTESIAN_POINT ( 'NONE',  ( 19.11275066977517767, -2.563310723598117402, -9.633019217764152486 ) ) ;
#4223 = EDGE_CURVE ( 'NONE', #2750, #2120, #2539, .T. ) ;
#4224 = TOROIDAL_SURFACE ( 'NONE', #4640, 25.50000000000000355, 0.4999999999999997780 ) ;
#4225 = CIRCLE ( 'NONE', #1567, 25.00000000000000000 ) ;
#4226 = DIRECTION ( 'NONE',  ( 1.000000000000000000, 1.224646799147353207E-16, -0.000000000000000000 ) ) ;
#4227 = DIRECTION ( 'NONE',  ( 1.000000000000000000, 1.224646799147353207E-16, -0.000000000000000000 ) ) ;
#4228 = CARTESIAN_POINT ( 'NONE',  ( 18.92544621947414285, -0.2281788895679377482, 10.93664365682461082 ) ) ;
#4229 = AXIS2_PLACEMENT_3D ( 'NONE', #4043, #1341, #1372 ) ;
#4230 = AXIS2_PLACEMENT_3D ( 'NONE', #4279, #798, #411 ) ;
#4231 = ORIENTED_EDGE ( 'NONE', *, *, #2600, .T. ) ;
#4232 = CARTESIAN_POINT ( 'NONE',  ( 15.88143132485930131, 1.192829008009671066, 15.16826720851144827 ) ) ;
#4233 = UNCERTAINTY_MEASURE_WITH_UNIT (LENGTH_MEASURE( 1.000000000000000082E-05 ), #1261, 'distance_accuracy_value', 'NONE');
#4234 = AXIS2_PLACEMENT_3D ( 'NONE', #3215, #4791, #1321 ) ;
#4235 = CARTESIAN_POINT ( 'NONE',  ( 14.32001258001400856, 9.810406359139564714, -4.460425263749256075 ) ) ;
#4236 = CARTESIAN_POINT ( 'NONE',  ( 19.10180082497955922, -9.782324439643788949, -2.121714674152471947 ) ) ;
#4237 = ADVANCED_FACE ( 'NONE', ( #639 ), #5042, .T. ) ;
#4238 = VERTEX_POINT ( 'NONE', #1901 ) ;
#4239 = EDGE_CURVE ( 'NONE', #680, #248, #23, .T. ) ;
#4240 = AXIS2_PLACEMENT_3D ( 'NONE', #3113, #2272, #675 ) ;
#4241 = ORIENTED_EDGE ( 'NONE', *, *, #4697, .F. ) ;
#4242 = CARTESIAN_POINT ( 'NONE',  ( 18.44663083186802410, 8.740323451946645505, -5.073680398486009047 ) ) ;
#4243 = CARTESIAN_POINT ( 'NONE',  ( 14.70510654246227311, -6.099085611835032061, -9.670616038725453834 ) ) ;
#4244 = B_SPLINE_CURVE_WITH_KNOTS ( 'NONE', 3,
 ( #2239, #4561, #1424, #3765, #4947, #4121, #4923, #232, #2265, #4537, #311, #2562, #939, #1113 ),
 .UNSPECIFIED., .F., .F.,
 ( 4, 2, 2, 2, 2, 2, 4 ),
 ( 2.195884966651186921E-07, 0.002395018511917801612, 0.003592417973628372462, 0.004789817435338944614, 0.007184616358760091519, 0.008382015820470670175, 0.009579415282181251434 ),
 .UNSPECIFIED. ) ;
#4245 = EDGE_LOOP ( 'NONE', ( #4056, #2488, #3190, #2044 ) ) ;
#4246 = CIRCLE ( 'NONE', #1422, 2.700000000000010392 ) ;
#4247 = PLANE ( 'NONE',  #4749 ) ;
#4248 = CARTESIAN_POINT ( 'NONE',  ( 18.47703959845244270, 8.361509219726476871, 5.424170167426280109 ) ) ;
#4249 = FACE_OUTER_BOUND ( 'NONE', #1536, .T. ) ;
#4250 = CARTESIAN_POINT ( 'NONE',  ( 15.71530254681541550, -18.22586157517202210, -10.43194929803420123 ) ) ;
#4251 = CARTESIAN_POINT ( 'NONE',  ( 19.18575889800550982, -1.739086610989572179, -9.374708886429392152 ) ) ;
#4252 = AXIS2_PLACEMENT_3D ( 'NONE', #39, #1972, #3553 ) ;
#4253 = DIRECTION ( 'NONE',  ( 1.000000000000000000, 1.224646799147353207E-16, -0.000000000000000000 ) ) ;
#4254 = VECTOR ( 'NONE', #4830, 1000.000000000000000 ) ;
#4255 = EDGE_CURVE ( 'NONE', #3123, #1441, #2453, .T. ) ;
#4256 = FACE_OUTER_BOUND ( 'NONE', #3566, .T. ) ;
#4257 = CARTESIAN_POINT ( 'NONE',  ( 18.23912263561923908, -1.008877724510577334, 10.96212279395500566 ) ) ;
#4258 = VERTEX_POINT ( 'NONE', #3570 ) ;
#4259 = DIRECTION ( 'NONE',  ( 1.000000000000000000, 1.224646799147353207E-16, -0.000000000000000000 ) ) ;
#4260 = CARTESIAN_POINT ( 'NONE',  ( 18.44647065895009064, -10.05383376059144496, -1.034857670715525257 ) ) ;
#4261 = CARTESIAN_POINT ( 'NONE',  ( 14.33221794005226535, 20.84347464719607856, 2.559211720763678422 ) ) ;
#4262 = FACE_BOUND ( 'NONE', #2205, .T. ) ;
#4263 = ORIENTED_EDGE ( 'NONE', *, *, #1802, .F. ) ;
#4264 = ADVANCED_FACE ( 'NONE', ( #5036 ), #2455, .T. ) ;
#4265 = ORIENTED_EDGE ( 'NONE', *, *, #804, .T. ) ;
#4266 = CARTESIAN_POINT ( 'NONE',  ( 18.89975179206069811, 10.21177498616483170, -4.316654539049742390 ) ) ;
#4267 = CARTESIAN_POINT ( 'NONE',  ( 15.37116396231835580, -14.12821275814407329, 13.70393608543344754 ) ) ;
#4268 = VERTEX_POINT ( 'NONE', #1988 ) ;
#4269 = ADVANCED_BREP_SHAPE_REPRESENTATION ( 'Rueda 01', ( #4805, #4659, #1320, #835 ), #3437 ) ;
#4270 = CARTESIAN_POINT ( 'NONE',  ( 19.63807526131374459, -4.432299727643678968E-17, 0.000000000000000000 ) ) ;
#4271 = DIRECTION ( 'NONE',  ( 1.000000000000000000, 1.224646799147353207E-16, -0.000000000000000000 ) ) ;
#4272 = EDGE_CURVE ( 'NONE', #972, #3635, #3818, .T. ) ;
#4273 = CARTESIAN_POINT ( 'NONE',  ( 15.93116551049796037, 2.114729818733618316, -16.95227976928705260 ) ) ;
#4274 = APPLICATION_PROTOCOL_DEFINITION ( 'international standard', 'config_control_design', 1994, #1335 ) ;
#4275 = ORIENTED_EDGE ( 'NONE', *, *, #229, .F. ) ;
#4276 = CARTESIAN_POINT ( 'NONE',  ( 19.22466309467785095, -3.170129186769411689, 8.749244077952326393 ) ) ;
#4277 = DIRECTION ( 'NONE',  ( 0.000000000000000000, 0.9885676152953460916, -0.1507782145711796806 ) ) ;
#4278 = CARTESIAN_POINT ( 'NONE',  ( 18.89951605710457017, -0.9492120418939935522, 11.04705690242043126 ) ) ;
#4279 = CARTESIAN_POINT ( 'NONE',  ( 16.16137039704821277, -4.700965456367184473E-16, 0.000000000000000000 ) ) ;
#4280 = CARTESIAN_POINT ( 'NONE',  ( 2.499999999999999112, 24.99999999999999645, 3.131440651871156906E-15 ) ) ;
#4281 = CARTESIAN_POINT ( 'NONE',  ( 19.89999999999999147, -1.224646799147470365E-17, 0.000000000000000000 ) ) ;
#4282 = CARTESIAN_POINT ( 'NONE',  ( -36.17039518766870287, 0.8353562884026604074, -5.085647190920990823 ) ) ;
#4283 = ORIENTED_EDGE ( 'NONE', *, *, #398, .F. ) ;
#4284 = AXIS2_PLACEMENT_3D ( 'NONE', #1169, #3446, #5007 ) ;
#4285 = ORIENTED_EDGE ( 'NONE', *, *, #437, .F. ) ;
#4286 = CARTESIAN_POINT ( 'NONE',  ( 18.32665288775817558, 9.625431555267752515, -4.528891168220297025 ) ) ;
#4287 = DIRECTION ( 'NONE',  ( 1.000000000000000000, 1.224646799147353207E-16, -0.000000000000000000 ) ) ;
#4288 = VERTEX_POINT ( 'NONE', #1251 ) ;
#4289 = ORIENTED_EDGE ( 'NONE', *, *, #808, .T. ) ;
#4290 =( BOUNDED_SURFACE ( )  B_SPLINE_SURFACE ( 3, 2, ( 
 ( #4124, #4099, #592 ),
 ( #2164, #4540, #4513 ),
 ( #4816, #3691, #208 ),
 ( #1042, #620, #235 ),
 ( #2616, #1809, #2963 ),
 ( #3341, #4899, #1426 ),
 ( #645, #2211, #3742 ),
 ( #265, #3372, #4926 ),
 ( #1451, #2985, #3638 ),
 ( #538, #1731, #3263 ),
 ( #1347, #4222, #337 ),
 ( #3769, #1141, #4251 ),
 ( #771, #3790, #698 ),
 ( #1909, #2710, #4175 ),
 ( #4199, #4951, #4639 ),
 ( #4151, #1552, #2244 ),
 ( #2684, #744, #1501 ),
 ( #1117, #4663, #1165 ) ),
 .UNSPECIFIED., .F., .F., .T. ) 
 B_SPLINE_SURFACE_WITH_KNOTS ( ( 4, 2, 2, 2, 2, 2, 2, 2, 4 ),
 ( 3, 3 ),
 ( -2.168404344971008868E-19, 0.0009262581283888538094, 0.001852516256777707836, 0.002778774385166561754, 0.003705032513555415671, 0.004631290641944270023, 0.005557548770333123507, 0.006483806898721976991, 0.007410065027110831343 ),
 ( 0.000000000000000000, 1.000000000000000000 ),
 .UNSPECIFIED. ) 
 GEOMETRIC_REPRESENTATION_ITEM ( )  RATIONAL_B_SPLINE_SURFACE ( (
 ( 1.000000000000000000, 0.7392545563716670376, 1.000000000000000000),
 ( 1.000000000000000000, 0.7431284309178740610, 1.000000000000000000),
 ( 1.000000000000000000, 0.7465470998213230569, 1.000000000000000000),
 ( 1.000000000000000000, 0.7525194806419612803, 1.000000000000000000),
 ( 1.000000000000000000, 0.7550959280702169707, 1.000000000000000000),
 ( 1.000000000000000000, 0.7592164610057905438, 1.000000000000000000),
 ( 1.000000000000000000, 0.7607675855583191371, 1.000000000000000000),
 ( 1.000000000000000000, 0.7628677165821320383, 1.000000000000000000),
 ( 1.000000000000000000, 0.7634050825005153085, 1.000000000000000000),
 ( 1.000000000000000000, 0.7634095904907732821, 1.000000000000000000),
 ( 1.000000000000000000, 0.7628945276064912351, 1.000000000000000000),
 ( 1.000000000000000000, 0.7607967864840586847, 1.000000000000000000),
 ( 1.000000000000000000, 0.7592293590992076346, 1.000000000000000000),
 ( 1.000000000000000000, 0.7551406125379240830, 1.000000000000000000),
 ( 1.000000000000000000, 0.7525859512241407367, 1.000000000000000000),
 ( 1.000000000000000000, 0.7465657539667814868, 1.000000000000000000),
 ( 1.000000000000000000, 0.7431289327727244043, 1.000000000000000000),
 ( 1.000000000000000000, 0.7392545563716671486, 1.000000000000000000) ) ) 
 REPRESENTATION_ITEM ( '' )  SURFACE ( )  );
#4291 = DIRECTION ( 'NONE',  ( 8.260587980841940012E-17, -1.000000000000000000, 0.000000000000000000 ) ) ;
#4292 = CARTESIAN_POINT ( 'NONE',  ( 18.80661654244303449, 10.73813446268079019, 4.219090818286039379 ) ) ;
#4293 = CARTESIAN_POINT ( 'NONE',  ( -36.17039518766870287, 0.9569204807014518588, 5.825729718177735883 ) ) ;
#4294 = EDGE_CURVE ( 'NONE', #3169, #2159, #3983, .T. ) ;
#4295 = CARTESIAN_POINT ( 'NONE',  ( 19.21697865115010728, -3.475879289409416373, 8.681616583736877502 ) ) ;
#4296 = CARTESIAN_POINT ( 'NONE',  ( 18.13424309457171546, -6.099085611834868637, 9.670616038725553310 ) ) ;
#4297 = CARTESIAN_POINT ( 'NONE',  ( 18.97667301655001992, -10.49393876856321661, 2.072339914631763147 ) ) ;
#4298 = CIRCLE ( 'NONE', #1407, 0.4999999999999935052 ) ;
#4299 = DIRECTION ( 'NONE',  ( -1.224646799147353207E-16, 1.000000000000000000, 0.000000000000000000 ) ) ;
#4300 = CARTESIAN_POINT ( 'NONE',  ( 18.97571454878588426, 6.596061068338466171, 8.403077657629355102 ) ) ;
#4301 = CARTESIAN_POINT ( 'NONE',  ( 18.13424309457171901, -11.08202350442300244, 2.812190412536657469 ) ) ;
#4302 = AXIS2_PLACEMENT_3D ( 'NONE', #833, #2747, #2398 ) ;
#4303 = AXIS2_PLACEMENT_3D ( 'NONE', #905, #1710, #4669 ) ;
#4304 = CARTESIAN_POINT ( 'NONE',  ( 15.94569792126669228, -18.29553631821507764, -10.10876265746132141 ) ) ;
#4305 = ORIENTED_EDGE ( 'NONE', *, *, #4341, .T. ) ;
#4306 = AXIS2_PLACEMENT_3D ( 'NONE', #1025, #3379, #3253 ) ;
#4307 = VERTEX_POINT ( 'NONE', #84 ) ;
#4308 = CARTESIAN_POINT ( 'NONE',  ( 14.43467158840843112, -15.24482402802597925, -14.26485018445377584 ) ) ;
#4309 = DIRECTION ( 'NONE',  ( -1.652117596168388002E-16, 1.000000000000000000, 0.000000000000000000 ) ) ;
#4310 = VERTEX_POINT ( 'NONE', #4657 ) ;
#4311 = ADVANCED_FACE ( 'NONE', ( #3481 ), #1642, .F. ) ;
#4312 = AXIS2_PLACEMENT_3D ( 'NONE', #3464, #769, #3766 ) ;
#4313 = VERTEX_POINT ( 'NONE', #4243 ) ;
#4314 = ORIENTED_EDGE ( 'NONE', *, *, #4546, .F. ) ;
#4315 = CARTESIAN_POINT ( 'NONE',  ( 15.95992883363978443, 15.98834244192464205, 3.356704166944427303 ) ) ;
#4316 = CARTESIAN_POINT ( 'NONE',  ( 18.44663083186694053, 7.526265287564593898, 6.744688106341810041 ) ) ;
#4317 = DIRECTION ( 'NONE',  ( -1.000000000000000000, -1.224646799147353207E-16, 0.000000000000000000 ) ) ;
#4318 = EDGE_CURVE ( 'NONE', #1699, #203, #2421, .T. ) ;
#4319 = TOROIDAL_SURFACE ( 'NONE', #2233, 55.18023718033725089, 0.7500000000000000000 ) ;
#4320 = EDGE_CURVE ( 'NONE', #1035, #2304, #256, .T. ) ;
#4321 = CIRCLE ( 'NONE', #2881, 7.608617427108381293 ) ;
#4322 = AXIS2_PLACEMENT_3D ( 'NONE', #4787, #433, #1216 ) ;
#4323 = EDGE_CURVE ( 'NONE', #4107, #1897, #1488, .T. ) ;
#4324 = CARTESIAN_POINT ( 'NONE',  ( 15.22970941424992297, -5.841921096841585800E-16, 0.000000000000000000 ) ) ;
#4325 = DIRECTION ( 'NONE',  ( 1.000000000000000000, 1.224646799147353207E-16, -0.000000000000000000 ) ) ;
#4326 = CARTESIAN_POINT ( 'NONE',  ( 19.06415730144357568, -5.350608794809874169, 8.702203838966903859 ) ) ;
#4327 = AXIS2_PLACEMENT_3D ( 'NONE', #1837, #737, #2588 ) ;
#4328 = CARTESIAN_POINT ( 'NONE',  ( 18.44603654216124866, 8.745992019375105286, 5.069217489489203921 ) ) ;
#4329 = CYLINDRICAL_SURFACE ( 'NONE', #2058, 20.99999999999999645 ) ;
#4330 = CARTESIAN_POINT ( 'NONE',  ( 19.26470588235294912, -9.004755876083409207E-17, 0.000000000000000000 ) ) ;
#4331 = CARTESIAN_POINT ( 'NONE',  ( 15.10136482101756528, -18.36699211836382872, 10.18104122985270621 ) ) ;
#4332 = EDGE_LOOP ( 'NONE', ( #389, #2326, #4847, #4038, #2480 ) ) ;
#4333 = EDGE_CURVE ( 'NONE', #4857, #834, #3878, .T. ) ;
#4334 = ORIENTED_EDGE ( 'NONE', *, *, #4953, .F. ) ;
#4335 = CARTESIAN_POINT ( 'NONE',  ( 18.71744488330175926, -7.800526312268186047, 9.552889579983942128E-16 ) ) ;
#4336 = VECTOR ( 'NONE', #2882, 1000.000000000000000 ) ;
#4337 = DIRECTION ( 'NONE',  ( -1.846500578557479788E-17, 0.1507782145711796806, 0.9885676152953459805 ) ) ;
#4338 = CARTESIAN_POINT ( 'NONE',  ( 15.64624510673248636, 8.682677850703507616, -19.12104607030027026 ) ) ;
#4339 = EDGE_LOOP ( 'NONE', ( #1228, #993 ) ) ;
#4340 = ORIENTED_EDGE ( 'NONE', *, *, #4544, .T. ) ;
#4341 = EDGE_CURVE ( 'NONE', #4826, #2574, #2138, .T. ) ;
#4342 = ORIENTED_EDGE ( 'NONE', *, *, #222, .F. ) ;
#4343 = LINE ( 'NONE', #865, #599 ) ;
#4344 = CARTESIAN_POINT ( 'NONE',  ( 18.23939104319075710, 7.259388338970403254, 8.274294014437186817 ) ) ;
#4345 = CARTESIAN_POINT ( 'NONE',  ( 19.63807526131374104, 26.14030680603399048, 0.000000000000000000 ) ) ;
#4346 = FACE_OUTER_BOUND ( 'NONE', #3251, .T. ) ;
#4347 = ORIENTED_EDGE ( 'NONE', *, *, #3326, .F. ) ;
#4348 = CARTESIAN_POINT ( 'NONE',  ( 15.42014407859633351, 4.218541415280812501, 21.02346212435679362 ) ) ;
#4349 = CARTESIAN_POINT ( 'NONE',  ( 3.170041743989861160, -2.061075450800638586E-15, 0.000000000000000000 ) ) ;
#4350 = CARTESIAN_POINT ( 'NONE',  ( 19.16226026720769582, -9.545446513652279918, 1.547281660718293539 ) ) ;
#4351 = EDGE_CURVE ( 'NONE', #4424, #3405, #1566, .T. ) ;
#4352 = EDGE_CURVE ( 'NONE', #4399, #4010, #76, .T. ) ;
#4353 = ADVANCED_FACE ( 'NONE', ( #3900 ), #3528, .T. ) ;
#4354 = CARTESIAN_POINT ( 'NONE',  ( 18.47740069463481305, 7.746158932765883520, 6.269097248019233071 ) ) ;
#4355 = CARTESIAN_POINT ( 'NONE',  ( 18.86914364109005859, 10.63899956840789507, 3.546004686946434781 ) ) ;
#4356 = FACE_OUTER_BOUND ( 'NONE', #1155, .T. ) ;
#4357 = DIRECTION ( 'NONE',  ( 1.000000000000000000, 1.224646799147353207E-16, -0.000000000000000000 ) ) ;
#4358 = EDGE_CURVE ( 'NONE', #168, #1359, #1571, .T. ) ;
#4359 = AXIS2_PLACEMENT_3D ( 'NONE', #2254, #3724, #2523 ) ;
#4360 = ORIENTED_EDGE ( 'NONE', *, *, #2629, .T. ) ;
#4361 = DIRECTION ( 'NONE',  ( -1.387778780781445676E-16, 1.000000000000000000, 0.000000000000000000 ) ) ;
#4362 = CARTESIAN_POINT ( 'NONE',  ( 18.13424309457172257, -6.435747709358562219, 9.000423057494813861 ) ) ;
#4363 = CARTESIAN_POINT ( 'NONE',  ( 15.48362915461092548, 8.787118773310293562, -19.07327557461961121 ) ) ;
#4364 = TOROIDAL_SURFACE ( 'NONE', #2829, 19.49999999999999645, 2.499999999999994227 ) ;
#4365 = ORIENTED_EDGE ( 'NONE', *, *, #3143, .T. ) ;
#4366 = EDGE_LOOP ( 'NONE', ( #2152, #3429 ) ) ;
#4367 = VERTEX_POINT ( 'NONE', #2701 ) ;
#4368 = DIRECTION ( 'NONE',  ( -1.508455196501571922E-16, 1.000000000000000000, 0.000000000000000000 ) ) ;
#4369 = CARTESIAN_POINT ( 'NONE',  ( 15.14241462648021574, 20.05868262211049924, -2.688119788632427731 ) ) ;
#4370 = DIRECTION ( 'NONE',  ( 0.000000000000000000, 0.000000000000000000, 1.000000000000000000 ) ) ;
#4371 = CARTESIAN_POINT ( 'NONE',  ( 15.71329586650341703, 8.906910227507061961, -19.24207437488327344 ) ) ;
#4372 = CARTESIAN_POINT ( 'NONE',  ( 16.10191943618044519, 3.801848445188453329, 20.21710043773710552 ) ) ;
#4373 = DIRECTION ( 'NONE',  ( -1.301042606982605567E-16, 1.000000000000000000, 0.000000000000000000 ) ) ;
#4374 = CARTESIAN_POINT ( 'NONE',  ( 14.53391428651586459, 3.925782864244795611, -20.45693161885508005 ) ) ;
#4375 = CARTESIAN_POINT ( 'NONE',  ( 19.18532477634181888, -1.734136667611808846, 9.378107378201281819 ) ) ;
#4376 = ADVANCED_FACE ( 'NONE', ( #2331 ), #3856, .T. ) ;
#4377 = CARTESIAN_POINT ( 'NONE',  ( 19.27715863625270742, 6.790366931101592678E-15, 0.000000000000000000 ) ) ;
#4378 = DIRECTION ( 'NONE',  ( -1.406468949467021854E-16, 1.000000000000000000, 0.000000000000000000 ) ) ;
#4379 = EDGE_CURVE ( 'NONE', #2883, #3097, #664, .T. ) ;
#4380 = CARTESIAN_POINT ( 'NONE',  ( 15.83221794005226712, -15.80156424917880997, 13.83150632718916562 ) ) ;
#4381 = ORIENTED_EDGE ( 'NONE', *, *, #4733, .F. ) ;
#4382 = CARTESIAN_POINT ( 'NONE',  ( 16.82995825601014417, -3.882181474940671878E-16, 0.000000000000000000 ) ) ;
#4383 = ORIENTED_EDGE ( 'NONE', *, *, #2729, .T. ) ;
#4384 = ORIENTED_EDGE ( 'NONE', *, *, #3393, .F. ) ;
#4385 = AXIS2_PLACEMENT_3D ( 'NONE', #3127, #419, #4700 ) ;
#4386 = AXIS2_PLACEMENT_3D ( 'NONE', #555, #3958, #2020 ) ;
#4387 = EDGE_CURVE ( 'NONE', #3217, #4857, #4092, .T. ) ;
#4388 = CARTESIAN_POINT ( 'NONE',  ( 18.44647065895009774, -4.091013621815342560, 9.241975504748346282 ) ) ;
#4389 = DIRECTION ( 'NONE',  ( 0.000000000000000000, 1.000000000000000000, 0.000000000000000000 ) ) ;
#4390 = DIRECTION ( 'NONE',  ( -1.000000000000000000, 0.000000000000000000, 0.000000000000000000 ) ) ;
#4391 = ORIENTED_EDGE ( 'NONE', *, *, #1327, .T. ) ;
#4392 = ORIENTED_EDGE ( 'NONE', *, *, #263, .T. ) ;
#4393 = CARTESIAN_POINT ( 'NONE',  ( 15.19102690686195700, 19.96189834571310229, 2.704017343234948356 ) ) ;
#4394 = CARTESIAN_POINT ( 'NONE',  ( 0.1000000000000063338, -2.437047130303232367E-15, 0.000000000000000000 ) ) ;
#4395 = B_SPLINE_CURVE_WITH_KNOTS ( 'NONE', 3,
 ( #1074, #4136, #2578, #728, #4210, #4938 ),
 .UNSPECIFIED., .F., .F.,
 ( 4, 2, 4 ),
 ( 4.249187360970369464E-18, 0.0004148105333363920257, 0.0008296210666727798231 ),
 .UNSPECIFIED. ) ;
#4396 = CARTESIAN_POINT ( 'NONE',  ( 13.83097149846100749, -2.340724441077726148, -9.738524908536165370 ) ) ;
#4397 = CIRCLE ( 'NONE', #1000, 20.04499319220071740 ) ;
#4398 = PERSON_AND_ORGANIZATION ( #2229, #3757 ) ;
#4399 = VERTEX_POINT ( 'NONE', #1332 ) ;
#4400 = CIRCLE ( 'NONE', #2546, 25.94117647058823550 ) ;
#4401 = TOROIDAL_SURFACE ( 'NONE', #9, 28.42239954983266514, 17.97821543665347477 ) ;
#4402 = DIRECTION ( 'NONE',  ( 0.000000000000000000, 0.8935906416409874486, -0.4488827966982565365 ) ) ;
#4403 = CARTESIAN_POINT ( 'NONE',  ( 19.21657918419602495, -3.486559431204582449, -8.679794581441415247 ) ) ;
#4404 = CARTESIAN_POINT ( 'NONE',  ( 17.00000000000000355, -3.673940397442053459E-16, 0.000000000000000000 ) ) ;
#4405 = DIRECTION ( 'NONE',  ( -1.182810949719256199E-16, 1.000000000000000000, 0.000000000000000000 ) ) ;
#4406 = CARTESIAN_POINT ( 'NONE',  ( 18.80661654244304870, -6.207413907120824526, 9.725033247102105705 ) ) ;
#4407 = LOCAL_TIME ( 15, 54, 54.00000000000000000, #2927 ) ;
#4408 = AXIS2_PLACEMENT_3D ( 'NONE', #264, #2512, #3371 ) ;
#4409 = EDGE_CURVE ( 'NONE', #691, #697, #909, .T. ) ;
#4410 = CARTESIAN_POINT ( 'NONE',  ( 16.07878658978781417, 8.186423654324547883, 18.92543298165566412 ) ) ;
#4411 = DIRECTION ( 'NONE',  ( 1.000000000000000000, 1.224646799147353207E-16, -0.000000000000000000 ) ) ;
#4412 = DIRECTION ( 'NONE',  ( 1.000000000000000000, 1.224646799147353207E-16, -0.000000000000000000 ) ) ;
#4413 = VERTEX_POINT ( 'NONE', #549 ) ;
#4414 = CARTESIAN_POINT ( 'NONE',  ( 10.00000000000001243, -32.89999999999998437, 4.029087969194792843E-15 ) ) ;
#4415 = CIRCLE ( 'NONE', #1989, 25.19959792024635092 ) ;
#4416 = AXIS2_PLACEMENT_3D ( 'NONE', #774, #3844, #4980 ) ;
#4417 = ORIENTED_EDGE ( 'NONE', *, *, #4552, .T. ) ;
#4418 = ORIENTED_EDGE ( 'NONE', *, *, #3331, .T. ) ;
#4419 = DIRECTION ( 'NONE',  ( 1.499759782661857608E-32, -1.224646799147353207E-16, 1.000000000000000000 ) ) ;
#4420 = CARTESIAN_POINT ( 'NONE',  ( 14.15916972526788165, 9.473320706495208299, -4.592208156477345149 ) ) ;
#4421 = CARTESIAN_POINT ( 'NONE',  ( 15.80802606972441993, 8.454017876853212599, -19.22335335579807136 ) ) ;
#4422 = AXIS2_PLACEMENT_3D ( 'NONE', #2313, #3839, #3036 ) ;
#4423 = ORIENTED_EDGE ( 'NONE', *, *, #665, .T. ) ;
#4424 = VERTEX_POINT ( 'NONE', #2150 ) ;
#4425 = ADVANCED_FACE ( 'NONE', ( #136 ), #1747, .F. ) ;
#4426 = EDGE_CURVE ( 'NONE', #3199, #2296, #4824, .T. ) ;
#4427 = EDGE_CURVE ( 'NONE', #2730, #1085, #338, .T. ) ;
#4428 = ORIENTED_EDGE ( 'NONE', *, *, #814, .F. ) ;
#4429 = CARTESIAN_POINT ( 'NONE',  ( 17.62072582935174836, -2.913770497378355896E-16, 0.000000000000000000 ) ) ;
#4430 = CARTESIAN_POINT ( 'NONE',  ( 14.02443944494152994, -1.708565803029723940, -10.17676200194302361 ) ) ;
#4431 = PERSON_AND_ORGANIZATION_ROLE ( 'creator' ) ;
#4432 = VERTEX_POINT ( 'NONE', #4469 ) ;
#4433 = LINE ( 'NONE', #589, #841 ) ;
#4434 = FACE_OUTER_BOUND ( 'NONE', #1415, .T. ) ;
#4435 = CARTESIAN_POINT ( 'NONE',  ( 16.07878658978781061, 20.52890039325017923, -1.937471144362467701 ) ) ;
#4436 = DIRECTION ( 'NONE',  ( 1.000000000000000000, 1.224646799147353207E-16, -0.000000000000000000 ) ) ;
#4437 = CARTESIAN_POINT ( 'NONE',  ( 17.62072582935174836, 7.608617427108381293, 0.000000000000000000 ) ) ;
#4438 = CARTESIAN_POINT ( 'NONE',  ( 14.95638818340801812, -17.99949156395411265, -9.809309118948698725 ) ) ;
#4439 = DIRECTION ( 'NONE',  ( 1.000000000000000000, 1.224646799147353207E-16, -0.000000000000000000 ) ) ;
#4440 = EDGE_LOOP ( 'NONE', ( #3219, #2766, #3477, #5008 ) ) ;
#4441 = CARTESIAN_POINT ( 'NONE',  ( 19.06317880192867875, 6.622261376861037441, -7.785194668865185186 ) ) ;
#4442 = ORIENTED_EDGE ( 'NONE', *, *, #2966, .F. ) ;
#4443 = ORIENTED_EDGE ( 'NONE', *, *, #5035, .F. ) ;
#4444 = CARTESIAN_POINT ( 'NONE',  ( 15.79337818020430007, 21.01521622559629776, -1.892713948428043746 ) ) ;
#4445 = DIRECTION ( 'NONE',  ( 1.094332919033664858E-16, -0.8935906416409874486, 0.4488827966982565365 ) ) ;
#4446 = CARTESIAN_POINT ( 'NONE',  ( 14.70510654245038040, -11.08202350442305395, -2.812190412536465178 ) ) ;
#4447 = ORIENTED_EDGE ( 'NONE', *, *, #1182, .T. ) ;
#4448 = ORIENTED_EDGE ( 'NONE', *, *, #2919, .T. ) ;
#4449 = ORIENTED_EDGE ( 'NONE', *, *, #4672, .F. ) ;
#4450 = CIRCLE ( 'NONE', #383, 56.17039518766869577 ) ;
#4451 = CARTESIAN_POINT ( 'NONE',  ( 17.97821543665478217, 28.42239954983259764, 0.000000000000000000 ) ) ;
#4452 = CARTESIAN_POINT ( 'NONE',  ( 15.41316552742295087, -14.86094635456797164, 14.07201458879995393 ) ) ;
#4453 = SHAPE_DEFINITION_REPRESENTATION ( #1428, #4269 ) ;
#4454 = CARTESIAN_POINT ( 'NONE',  ( 15.00197104962198935, 4.007032904195955147, 20.61416229936813593 ) ) ;
#4455 = CARTESIAN_POINT ( 'NONE',  ( 15.71329586650215226, 4.104365799645640855, -20.80251565152574145 ) ) ;
#4456 = FACE_OUTER_BOUND ( 'NONE', #3000, .T. ) ;
#4457 = FACE_OUTER_BOUND ( 'NONE', #393, .T. ) ;
#4458 = EDGE_CURVE ( 'NONE', #4005, #2928, #3623, .T. ) ;
#4459 = CARTESIAN_POINT ( 'NONE',  ( 19.22459589508744671, -9.300913113197823989, 0.3153590066685688087 ) ) ;
#4460 = B_SPLINE_CURVE_WITH_KNOTS ( 'NONE', 3,
 ( #1112, #1905, #1881, #3764 ),
 .UNSPECIFIED., .F., .F.,
 ( 4, 4 ),
 ( 0.000000000000000000, 0.0006860111871049755445 ),
 .UNSPECIFIED. ) ;
#4461 = AXIS2_PLACEMENT_3D ( 'NONE', #1458, #1386, #4110 ) ;
#4462 =( BOUNDED_SURFACE ( )  B_SPLINE_SURFACE ( 3, 2, ( 
 ( #2112, #4764, #4688 ),
 ( #1623, #3212, #1290 ),
 ( #2031, #1217, #3561 ),
 ( #2759, #4297, #3183 ),
 ( #823, #4740, #2384 ),
 ( #3916, #1267, #4350 ),
 ( #1013, #3716, #3693 ),
 ( #3343, #209, #2515 ),
 ( #4051, #1732, #4459 ),
 ( #4900, #566, #3639 ),
 ( #3743, #3666, #4868 ),
 ( #1379, #151, #4515 ),
 ( #3292, #4487, #2137 ),
 ( #2165, #2188, #180 ),
 ( #1401, #2937, #2593 ),
 ( #4844, #985, #4125 ),
 ( #4101, #1427, #1762 ),
 ( #1043, #2907, #2212 ) ),
 .UNSPECIFIED., .F., .F., .F. ) 
 B_SPLINE_SURFACE_WITH_KNOTS ( ( 4, 2, 2, 2, 2, 2, 2, 2, 4 ),
 ( 3, 3 ),
 ( -2.168404344971008868E-19, 0.0009262581283888540263, 0.001852516256777708269, 0.002778774385166562187, 0.003705032513555416539, 0.004631290641944270023, 0.005557548770333124374, 0.006483806898721978726, 0.007410065027110833077 ),
 ( 0.000000000000000000, 1.000000000000000000 ),
 .UNSPECIFIED. ) 
 GEOMETRIC_REPRESENTATION_ITEM ( )  RATIONAL_B_SPLINE_SURFACE ( (
 ( 1.000000000000000000, 0.7392545563716672596, 1.000000000000000000),
 ( 1.000000000000000000, 0.7431284309178085579, 1.000000000000000000),
 ( 1.000000000000000000, 0.7465470998214090992, 1.000000000000000000),
 ( 1.000000000000000000, 0.7525194806418759041, 1.000000000000000000),
 ( 1.000000000000000000, 0.7550959280701651233, 1.000000000000000000),
 ( 1.000000000000000000, 0.7592164610058421692, 1.000000000000000000),
 ( 1.000000000000000000, 0.7607675855582676228, 1.000000000000000000),
 ( 1.000000000000000000, 0.7628677165821837747, 1.000000000000000000),
 ( 1.000000000000000000, 0.7634050825007043795, 1.000000000000000000),
 ( 1.000000000000000000, 0.7634095904905848773, 1.000000000000000000),
 ( 1.000000000000000000, 0.7628945276065257630, 1.000000000000000000),
 ( 1.000000000000000000, 0.7607967864840239347, 1.000000000000000000),
 ( 1.000000000000000000, 0.7592293590992421626, 1.000000000000000000),
 ( 1.000000000000000000, 0.7551406125378899992, 1.000000000000000000),
 ( 1.000000000000000000, 0.7525859512242271121, 1.000000000000000000),
 ( 1.000000000000000000, 0.7465657539666948894, 1.000000000000000000),
 ( 1.000000000000000000, 0.7431289327727906846, 1.000000000000000000),
 ( 1.000000000000000000, 0.7392545563716667045, 1.000000000000000000) ) ) 
 REPRESENTATION_ITEM ( '' )  SURFACE ( )  );
#4463 = CARTESIAN_POINT ( 'NONE',  ( 16.01996565806089734, -17.86262977858117296, 10.60009894583394008 ) ) ;
#4464 = CARTESIAN_POINT ( 'NONE',  ( 0.5000000000000043299, 24.66778205994773288, 3.053496363730474985E-15 ) ) ;
#4465 = DIRECTION ( 'NONE',  ( 8.294471464601281835E-17, -1.000000000000000000, -1.776356839400250465E-15 ) ) ;
#4466 = ORIENTED_EDGE ( 'NONE', *, *, #4333, .F. ) ;
#4467 = EDGE_LOOP ( 'NONE', ( #1384, #1205, #3505, #3682 ) ) ;
#4468 = DIRECTION ( 'NONE',  ( 1.000000000000000000, 1.224646799147353207E-16, -0.000000000000000000 ) ) ;
#4469 = CARTESIAN_POINT ( 'NONE',  ( -4.999999999999993783, -2.699999999999997069, 2.168404344971008868E-16 ) ) ;
#4470 = DIRECTION ( 'NONE',  ( 1.224646799147353207E-16, -1.000000000000000000, 0.000000000000000000 ) ) ;
#4471 = EDGE_LOOP ( 'NONE', ( #1619, #3801, #131, #4779 ) ) ;
#4472 = EDGE_LOOP ( 'NONE', ( #3633, #4449, #2225, #3224 ) ) ;
#4473 = CIRCLE ( 'NONE', #331, 55.92698714025924289 ) ;
#4474 = ORIENTED_EDGE ( 'NONE', *, *, #2106, .F. ) ;
#4475 = CARTESIAN_POINT ( 'NONE',  ( 18.18979366851087320, 7.273461121003621521, -8.532470918474697186 ) ) ;
#4476 = CARTESIAN_POINT ( 'NONE',  ( 15.00197104962198935, -15.35845830444589666, 14.32193277845545154 ) ) ;
#4477 = EDGE_LOOP ( 'NONE', ( #200, #3859, #4701, #3322 ) ) ;
#4478 = PERSON_AND_ORGANIZATION ( #2229, #3757 ) ;
#4479 = AXIS2_PLACEMENT_3D ( 'NONE', #762, #4287, #1968 ) ;
#4480 = AXIS2_PLACEMENT_3D ( 'NONE', #2032, #1269, #4299 ) ;
#4481 = EDGE_LOOP ( 'NONE', ( #4442, #4342, #1583, #2875 ) ) ;
#4482 = TOROIDAL_SURFACE ( 'NONE', #339, 19.49999999999999645, 1.500000000000001332 ) ;
#4483 = DIRECTION ( 'NONE',  ( 1.000000000000000000, 1.224646799147353207E-16, -0.000000000000000000 ) ) ;
#4484 = CARTESIAN_POINT ( 'NONE',  ( 18.97544250893952267, -5.954864440302118034, -8.870595903144861794 ) ) ;
#4485 = DIRECTION ( 'NONE',  ( -1.337428530231552063E-16, 1.000000000000000000, 0.000000000000000000 ) ) ;
#4486 = CARTESIAN_POINT ( 'NONE',  ( 3.083313137999876830, -3.469446951953614189E-15, 0.000000000000000000 ) ) ;
#4487 = CARTESIAN_POINT ( 'NONE',  ( 19.06440771516918531, -10.14574215070869911, -1.334099868462722327 ) ) ;
#4488 = AXIS2_PLACEMENT_3D ( 'NONE', #1576, #1504, #1911 ) ;
#4489 = ADVANCED_FACE ( 'NONE', ( #3278 ), #1673, .F. ) ;
#4490 = CARTESIAN_POINT ( 'NONE',  ( 14.80283521913048972, -18.10941867451699494, -9.920501976659357624 ) ) ;
#4491 = DIRECTION ( 'NONE',  ( -1.224646799147353207E-16, 1.000000000000000000, 0.000000000000000000 ) ) ;
#4492 = DIRECTION ( 'NONE',  ( -1.000000000000000000, -1.224646799147353207E-16, 0.000000000000000000 ) ) ;
#4493 = VERTEX_POINT ( 'NONE', #996 ) ;
#4494 = CARTESIAN_POINT ( 'NONE',  ( 15.46262465994940527, 8.771214836349685129, 18.35239631612158107 ) ) ;
#4495 = DIRECTION ( 'NONE',  ( -1.000000000000000000, -2.215406871764448996E-16, -7.198293278059910857E-17 ) ) ;
#4496 = CARTESIAN_POINT ( 'NONE',  ( 15.49806240675994218, 8.352671401612992597, 19.66363953421045352 ) ) ;
#4497 = DIRECTION ( 'NONE',  ( 1.000000000000000000, 1.224646799147353207E-16, -0.000000000000000000 ) ) ;
#4498 = ORIENTED_EDGE ( 'NONE', *, *, #230, .T. ) ;
#4499 = AXIS2_PLACEMENT_3D ( 'NONE', #1471, #5016, #5000 ) ;
#4500 = ORIENTED_EDGE ( 'NONE', *, *, #4620, .T. ) ;
#4501 = ORIENTED_EDGE ( 'NONE', *, *, #2633, .F. ) ;
#4502 = TOROIDAL_SURFACE ( 'NONE', #102, 19.49999999999999645, 2.499999999999994227 ) ;
#4503 = CARTESIAN_POINT ( 'NONE',  ( 15.83221794005226002, 20.90462594565940080, -2.001656353254398724 ) ) ;
#4504 = FACE_OUTER_BOUND ( 'NONE', #4919, .T. ) ;
#4505 = DATE_TIME_ROLE ( 'classification_date' ) ;
#4506 = ORIENTED_EDGE ( 'NONE', *, *, #2514, .T. ) ;
#4507 = VERTEX_POINT ( 'NONE', #2550 ) ;
#4508 = EDGE_CURVE ( 'NONE', #3391, #2296, #189, .T. ) ;
#4509 = PLANE ( 'NONE',  #1357 ) ;
#4510 = CARTESIAN_POINT ( 'NONE',  ( 14.70510654246227311, -0.7499815780235450369, 11.40864529650967896 ) ) ;
#4511 = CARTESIAN_POINT ( 'NONE',  ( 0.1003018758116563935, -2.437010161178584327E-15, 0.000000000000000000 ) ) ;
#4512 = FACE_OUTER_BOUND ( 'NONE', #4472, .T. ) ;
#4513 = CARTESIAN_POINT ( 'NONE',  ( 18.92544621947411443, -6.243797251641709956, -8.982050765966578254 ) ) ;
#4514 = AXIS2_PLACEMENT_3D ( 'NONE', #4195, #3006, #3410 ) ;
#4515 = CARTESIAN_POINT ( 'NONE',  ( 19.18575889800547429, -9.453285292294681952, -1.242974709441241332 ) ) ;
#4516 = DIRECTION ( 'NONE',  ( -1.224646799147353207E-16, 1.000000000000000000, 0.000000000000000000 ) ) ;
#4517 = DIRECTION ( 'NONE',  ( 0.000000000000000000, -1.000000000000000000, 0.000000000000000000 ) ) ;
#4518 = DIRECTION ( 'NONE',  ( 1.000000000000000000, 1.224646799147353207E-16, -0.000000000000000000 ) ) ;
#4519 = ADVANCED_FACE ( 'NONE', ( #2095 ), #3373, .F. ) ;
#4520 = EDGE_CURVE ( 'NONE', #1776, #2580, #2174, .T. ) ;
#4521 = ORIENTED_EDGE ( 'NONE', *, *, #3832, .T. ) ;
#4522 = EDGE_LOOP ( 'NONE', ( #2545, #156, #4833, #1657 ) ) ;
#4523 = CARTESIAN_POINT ( 'NONE',  ( 16.16137039704821277, 4.416470673144806902, 19.92471814401313068 ) ) ;
#4524 = ORIENTED_EDGE ( 'NONE', *, *, #3062, .T. ) ;
#4525 = CARTESIAN_POINT ( 'NONE',  ( 15.37116396231834869, 19.48493575085995744, -2.782362082456135255 ) ) ;
#4526 = CARTESIAN_POINT ( 'NONE',  ( 14.33221794005226712, -6.941031157979784700E-16, 0.000000000000000000 ) ) ;
#4527 = CARTESIAN_POINT ( 'NONE',  ( 14.33221794005226535, 20.75524945259014231, 2.573703380987609979 ) ) ;
#4528 = ORIENTED_EDGE ( 'NONE', *, *, #1867, .T. ) ;
#4529 = EDGE_CURVE ( 'NONE', #4307, #1541, #4590, .T. ) ;
#4530 = VERTEX_POINT ( 'NONE', #916 ) ;
#4531 = CARTESIAN_POINT ( 'NONE',  ( 18.13424309457171191, 7.312581296013545007, -8.788959816618802989 ) ) ;
#4532 = CARTESIAN_POINT ( 'NONE',  ( 15.62081702424863572, -8.464301972861917989, 10.85874949207571838 ) ) ;
#4533 = ORIENTED_EDGE ( 'NONE', *, *, #3276, .T. ) ;
#4534 = VERTEX_POINT ( 'NONE', #2474 ) ;
#4535 = VECTOR ( 'NONE', #855, 1000.000000000000227 ) ;
#4536 = CARTESIAN_POINT ( 'NONE',  ( 19.26470588235294912, -9.004755876083409207E-17, 0.000000000000000000 ) ) ;
#4537 = CARTESIAN_POINT ( 'NONE',  ( 15.76442018981255622, 8.431913689930761180, 16.12779028708558826 ) ) ;
#4538 = CARTESIAN_POINT ( 'NONE',  ( 18.42320388915669227, 7.438846003313352995, -6.996644247016862828 ) ) ;
#4539 = CARTESIAN_POINT ( 'NONE',  ( 15.62077690680471598, 7.711645546247927641, -11.40539877184730422 ) ) ;
#4540 = CARTESIAN_POINT ( 'NONE',  ( 18.85554940496952625, -5.972085214779650819, -9.598065291479450423 ) ) ;
#4541 = AXIS2_PLACEMENT_3D ( 'NONE', #2686, #3793, #4154 ) ;
#4542 = DIRECTION ( 'NONE',  ( -1.307802961950225559E-16, 1.000000000000000000, 0.000000000000000000 ) ) ;
#4543 = CYLINDRICAL_SURFACE ( 'NONE', #1135, 19.99999999999999645 ) ;
#4544 = EDGE_CURVE ( 'NONE', #805, #945, #4592, .T. ) ;
#4545 = CARTESIAN_POINT ( 'NONE',  ( 5.000000000000006217, 1.449011120738813565E-14, 2.168404344971008868E-16 ) ) ;
#4546 = EDGE_CURVE ( 'NONE', #4493, #2350, #655, .T. ) ;
#4547 = ORIENTED_EDGE ( 'NONE', *, *, #2241, .F. ) ;
#4548 = CYLINDRICAL_SURFACE ( 'NONE', #2307, 22.99999999999999289 ) ;
#4549 = CARTESIAN_POINT ( 'NONE',  ( 0.1003018758116563935, -2.437010161178584327E-15, 0.000000000000000000 ) ) ;
#4550 = CARTESIAN_POINT ( 'NONE',  ( 15.39143569713560211, 4.063740732031626557, -20.60307253200632971 ) ) ;
#4551 = ORIENTED_EDGE ( 'NONE', *, *, #398, .T. ) ;
#4552 = EDGE_CURVE ( 'NONE', #2504, #4001, #4395, .T. ) ;
#4553 = ORIENTED_EDGE ( 'NONE', *, *, #4191, .F. ) ;
#4554 = AXIS2_PLACEMENT_3D ( 'NONE', #654, #4468, #575 ) ;
#4555 = FACE_OUTER_BOUND ( 'NONE', #3225, .T. ) ;
#4556 = B_SPLINE_CURVE_WITH_KNOTS ( 'NONE', 3,
 ( #4446, #4751, #971, #578, #3168, #112, #1277, #886, #2445, #3980, #4800, #495, #3600, #4723 ),
 .UNSPECIFIED., .F., .F.,
 ( 4, 2, 2, 2, 2, 2, 4 ),
 ( 2.195884966665765416E-07, 0.002395018511917812020, 0.003592417973628385039, 0.004789817435338958491, 0.007184616358760102794, 0.008382015820470677114, 0.009579415282181251434 ),
 .UNSPECIFIED. ) ;
#4557 = CARTESIAN_POINT ( 'NONE',  ( 15.37145724498214960, -17.39852228997125394, 9.201420031095604912 ) ) ;
#4558 = CIRCLE ( 'NONE', #1816, 20.04499319220071740 ) ;
#4559 = ORIENTED_EDGE ( 'NONE', *, *, #430, .T. ) ;
#4560 = DIRECTION ( 'NONE',  ( 3.139264142517967863E-33, 0.1507782145711772936, -0.9885676152953464246 ) ) ;
#4561 = CARTESIAN_POINT ( 'NONE',  ( 15.04390458109207174, 7.423473596309425382, 9.516018013785187080 ) ) ;
#4562 = VECTOR ( 'NONE', #476, 1000.000000000000000 ) ;
#4563 = CARTESIAN_POINT ( 'NONE',  ( 19.16245220679194361, -1.480367122629272503, -9.554884308265751969 ) ) ;
#4564 = VECTOR ( 'NONE', #3521, 1000.000000000000000 ) ;
#4565 = FACE_OUTER_BOUND ( 'NONE', #3144, .T. ) ;
#4566 = ORIENTED_EDGE ( 'NONE', *, *, #2098, .T. ) ;
#4567 = DIRECTION ( 'NONE',  ( -0.000000000000000000, 0.000000000000000000, -1.000000000000000000 ) ) ;
#4568 = AXIS2_PLACEMENT_3D ( 'NONE', #4806, #2825, #4368 ) ;
#4569 = DIRECTION ( 'NONE',  ( 1.069396340127215433E-16, -0.7111427899707265521, -0.7030476031341341692 ) ) ;
#4570 = FACE_OUTER_BOUND ( 'NONE', #2972, .T. ) ;
#4571 = CARTESIAN_POINT ( 'NONE',  ( 18.48501606016042231, -2.820921902433941142, -9.520749691019782190 ) ) ;
#4572 = TOROIDAL_SURFACE ( 'NONE', #2945, 26.58148327662222599, 0.4999999999999973910 ) ;
#4573 = EDGE_CURVE ( 'NONE', #4115, #3851, #3039, .T. ) ;
#4574 = ORIENTED_EDGE ( 'NONE', *, *, #3298, .T. ) ;
#4575 = DIRECTION ( 'NONE',  ( -1.000000000000000000, -1.224646799147353207E-16, 0.000000000000000000 ) ) ;
#4576 = CIRCLE ( 'NONE', #830, 20.40832198700114120 ) ;
#4577 = CARTESIAN_POINT ( 'NONE',  ( 13.79090313986344185, 8.271792798476290898, 5.527403521844065359 ) ) ;
#4578 = CARTESIAN_POINT ( 'NONE',  ( 19.99999999999999645, 20.84347464719607856, -2.559211720763729492 ) ) ;
#4579 = DIRECTION ( 'NONE',  ( 0.000000000000000000, -0.8935906416409949982, -0.4488827966982417150 ) ) ;
#4580 = ORIENTED_EDGE ( 'NONE', *, *, #789, .F. ) ;
#4581 = EDGE_CURVE ( 'NONE', #214, #4288, #1259, .T. ) ;
#4582 = CIRCLE ( 'NONE', #1596, 8.654862814641555602 ) ;
#4583 = AXIS2_PLACEMENT_3D ( 'NONE', #2084, #3559, #68 ) ;
#4584 = ORIENTED_EDGE ( 'NONE', *, *, #3954, .F. ) ;
#4585 = CARTESIAN_POINT ( 'NONE',  ( 15.71530254681541194, 20.87677770148684786, -2.273268377642584159 ) ) ;
#4586 = FACE_OUTER_BOUND ( 'NONE', #3118, .T. ) ;
#4587 = EDGE_CURVE ( 'NONE', #1104, #4193, #4415, .T. ) ;
#4588 = ADVANCED_FACE ( 'NONE', ( #2672 ), #1516, .T. ) ;
#4589 = ORIENTED_EDGE ( 'NONE', *, *, #944, .F. ) ;
#4590 = CIRCLE ( 'NONE', #3842, 0.7500000000000003331 ) ;
#4591 = AXIS2_PLACEMENT_3D ( 'NONE', #1788, #4155, #2250 ) ;
#4592 = B_SPLINE_CURVE_WITH_KNOTS ( 'NONE', 3,
 ( #2871, #4420, #2122, #947, #2524, #3046, #3381, #4111, #3799, #630, #3323, #707 ),
 .UNSPECIFIED., .F., .F.,
 ( 4, 2, 2, 2, 2, 4 ),
 ( 4.869836444769596144E-07, 0.001175486695147091474, 0.002350486406649706251, 0.002937986262401015916, 0.003525486118152326015, 0.004700485829654945345 ),
 .UNSPECIFIED. ) ;
#4593 = CARTESIAN_POINT ( 'NONE',  ( 19.50000000000000355, -6.123233995736738919E-17, 0.000000000000000000 ) ) ;
#4594 = DIRECTION ( 'NONE',  ( 0.000000000000000000, -1.000000000000000000, 1.224646799147351235E-16 ) ) ;
#4595 = CARTESIAN_POINT ( 'NONE',  ( 14.33221794005226890, -18.30413442075645136, 10.11745976218483456 ) ) ;
#4596 = DIRECTION ( 'NONE',  ( 1.000000000000000000, 1.224646799147353207E-16, -0.000000000000000000 ) ) ;
#4597 = LINE ( 'NONE', #1093, #1014 ) ;
#4598 = CIRCLE ( 'NONE', #4178, 20.99999999999999645 ) ;
#4599 = CARTESIAN_POINT ( 'NONE',  ( 14.33221794005226712, 6.123233995736814107E-17, 0.000000000000000000 ) ) ;
#4600 = CARTESIAN_POINT ( 'NONE',  ( 15.96918268402513696, 4.580306530584156377, -20.30727115453434806 ) ) ;
#4601 = CARTESIAN_POINT ( 'NONE',  ( 13.83052668778027794, -9.984709521119139453, -0.7809603877995788812 ) ) ;
#4602 = ORIENTED_EDGE ( 'NONE', *, *, #4129, .F. ) ;
#4603 = ORIENTED_EDGE ( 'NONE', *, *, #2200, .T. ) ;
#4604 = CARTESIAN_POINT ( 'NONE',  ( 28.99999999999999645, 7.312581296013547671, -8.788959816618801213 ) ) ;
#4605 = CARTESIAN_POINT ( 'NONE',  ( 17.62072582935174836, -7.608617427108381293, 9.435379279014494636E-16 ) ) ;
#4606 = CARTESIAN_POINT ( 'NONE',  ( 15.19930687606360031, 4.016225230776836241, 20.61238741239198546 ) ) ;
#4607 = PLANE ( 'NONE',  #1337 ) ;
#4608 = VERTEX_POINT ( 'NONE', #1412 ) ;
#4609 = EDGE_LOOP ( 'NONE', ( #3150, #3671 ) ) ;
#4610 = CARTESIAN_POINT ( 'NONE',  ( 19.10123694577274023, 6.665930541361511530, -7.471575516176094389 ) ) ;
#4611 = CARTESIAN_POINT ( 'NONE',  ( 10.00000000000004263, 0.000000000000000000, 0.000000000000000000 ) ) ;
#4612 = CC_DESIGN_DATE_AND_TIME_ASSIGNMENT ( #585, #4505, ( #4081 ) ) ;
#4613 = CARTESIAN_POINT ( 'NONE',  ( 13.83221794005226180, 21.49999999999999645, 0.000000000000000000 ) ) ;
#4614 = CARTESIAN_POINT ( 'NONE',  ( 19.10189779210491423, 6.667088248519339899, 7.465578663794200764 ) ) ;
#4615 = CARTESIAN_POINT ( 'NONE',  ( 19.21697865115011084, -2.290880778450111066, -9.066645939954220523 ) ) ;
#4616 = CYLINDRICAL_SURFACE ( 'NONE', #3112, 20.99999999999999645 ) ;
#4617 = CARTESIAN_POINT ( 'NONE',  ( 13.83221794005226180, 0.000000000000000000, 0.000000000000000000 ) ) ;
#4618 = ADVANCED_FACE ( 'NONE', ( #3754 ), #3610, .T. ) ;
#4619 = CARTESIAN_POINT ( 'NONE',  ( 15.22970941424992120, 8.724589098368991102, -18.04669767963087068 ) ) ;
#4620 = EDGE_CURVE ( 'NONE', #1862, #2476, #1459, .T. ) ;
#4621 = AXIS2_PLACEMENT_3D ( 'NONE', #727, #2721, #2323 ) ;
#4622 = FACE_OUTER_BOUND ( 'NONE', #4471, .T. ) ;
#4623 = CARTESIAN_POINT ( 'NONE',  ( 18.13424309457171901, -0.7499815780235430385, 11.40864529650967896 ) ) ;
#4624 = EDGE_LOOP ( 'NONE', ( #4088, #2369, #1635, #725 ) ) ;
#4625 = DIRECTION ( 'NONE',  ( 1.000000000000000000, 1.224646799147353207E-16, -0.000000000000000000 ) ) ;
#4626 = CARTESIAN_POINT ( 'NONE',  ( 14.15900358777833645, 9.472972524636718461, 4.592344277407264919 ) ) ;
#4627 = CARTESIAN_POINT ( 'NONE',  ( 15.02560793283365648, 3.726801863853618890, -20.07187435464169667 ) ) ;
#4628 = CARTESIAN_POINT ( 'NONE',  ( 17.62072582935174836, -4.391382572891616931, 0.000000000000000000 ) ) ;
#4629 = VERTEX_POINT ( 'NONE', #4910 ) ;
#4630 = ORIENTED_EDGE ( 'NONE', *, *, #1740, .T. ) ;
#4631 = CARTESIAN_POINT ( 'NONE',  ( 15.22970941424992120, 8.724589098368991102, -18.04669767963087068 ) ) ;
#4632 = CARTESIAN_POINT ( 'NONE',  ( 5.644723921803030287, -3.469446951953614189E-15, 0.000000000000000000 ) ) ;
#4633 = EDGE_LOOP ( 'NONE', ( #4521, #1030 ) ) ;
#4634 = CARTESIAN_POINT ( 'NONE',  ( 0.7352941176470599860, 25.94117647058823195, 3.176877873082251580E-15 ) ) ;
#4635 = DIRECTION ( 'NONE',  ( -1.000000000000000000, 0.000000000000000000, 0.000000000000000000 ) ) ;
#4636 = CARTESIAN_POINT ( 'NONE',  ( 14.02341132268316848, -10.20546862053381609, 1.516403884938898772 ) ) ;
#4637 = CIRCLE ( 'NONE', #66, 20.91421356237308871 ) ;
#4638 = CARTESIAN_POINT ( 'NONE',  ( 17.49999999999999645, 25.00000000000000000, 0.000000000000000000 ) ) ;
#4639 = CARTESIAN_POINT ( 'NONE',  ( 19.06415730144358278, -0.7862936337344091919, -10.18523973461475229 ) ) ;
#4640 = AXIS2_PLACEMENT_3D ( 'NONE', #2884, #1345, #1376 ) ;
#4641 = AXIS2_PLACEMENT_3D ( 'NONE', #1417, #1778, #283 ) ;
#4642 = CARTESIAN_POINT ( 'NONE',  ( 16.07878658978781417, -15.46941232857156834, -13.63403197883379470 ) ) ;
#4643 = CARTESIAN_POINT ( 'NONE',  ( 13.77803019910892424, -9.926594664305911309, 1.215657238207279889E-15 ) ) ;
#4644 = AXIS2_PLACEMENT_3D ( 'NONE', #3503, #3949, #2728 ) ;
#4645 = EDGE_CURVE ( 'NONE', #2178, #2730, #2965, .T. ) ;
#4646 = ORIENTED_EDGE ( 'NONE', *, *, #1829, .F. ) ;
#4647 = DIRECTION ( 'NONE',  ( 8.260587980841940012E-17, -1.000000000000000000, 0.000000000000000000 ) ) ;
#4648 = VECTOR ( 'NONE', #5028, 1000.000000000000227 ) ;
#4649 = CARTESIAN_POINT ( 'NONE',  ( 5.000000000000006217, -2.012461179749809759, 1.800000000000000711 ) ) ;
#4650 = PLANE ( 'NONE',  #3684 ) ;
#4651 = DIRECTION ( 'NONE',  ( -1.000000000000000000, -1.224646799147353207E-16, 0.000000000000000000 ) ) ;
#4652 = EDGE_LOOP ( 'NONE', ( #2955, #1071, #998, #4174, #4747, #2440 ) ) ;
#4653 = TOROIDAL_SURFACE ( 'NONE', #4981, 3.362757642120171919, 0.7500000000000000000 ) ;
#4654 = AXIS2_PLACEMENT_3D ( 'NONE', #4382, #3620, #2497 ) ;
#4655 = ORIENTED_EDGE ( 'NONE', *, *, #4955, .F. ) ;
#4656 = CARTESIAN_POINT ( 'NONE',  ( 18.47703959845351562, 7.742540830742807856, -6.276107067366574199 ) ) ;
#4657 = CARTESIAN_POINT ( 'NONE',  ( 2.500000000000005329, -25.00000000000000355, 0.000000000000000000 ) ) ;
#4658 = VECTOR ( 'NONE', #1192, 1000.000000000000000 ) ;
#4659 = MANIFOLD_SOLID_BREP ( 'Revolución4', #3345 ) ;
#4660 = DIRECTION ( 'NONE',  ( 8.609849968264360735E-17, -0.7030476031341341692, 0.7111427899707265521 ) ) ;
#4661 = CARTESIAN_POINT ( 'NONE',  ( 19.21657918408298471, 7.922541080076349829, 4.972753109737605648 ) ) ;
#4662 = CARTESIAN_POINT ( 'NONE',  ( 14.44494051783086519, 7.257257611578013190, 8.232536579781127628 ) ) ;
#4663 = CARTESIAN_POINT ( 'NONE',  ( 18.80661654244304515, -0.6943277787203914198, -11.51634351724780458 ) ) ;
#4664 = AXIS2_PLACEMENT_3D ( 'NONE', #621, #236, #646 ) ;
#4665 = CARTESIAN_POINT ( 'NONE',  ( 17.50000000000000355, -25.00000000000000000, 3.119247435475317508E-15 ) ) ;
#4666 = AXIS2_PLACEMENT_3D ( 'NONE', #4349, #510, #4405 ) ;
#4667 = CARTESIAN_POINT ( 'NONE',  ( 15.10136829394608071, 8.874942871418173951, 19.03248247152913564 ) ) ;
#4668 = CARTESIAN_POINT ( 'NONE',  ( 18.32527993299565594, -5.133650175908051061, -9.323621746349576966 ) ) ;
#4669 = DIRECTION ( 'NONE',  ( 0.000000000000000000, -1.000000000000000000, 1.224646799147349509E-16 ) ) ;
#4670 = CARTESIAN_POINT ( 'NONE',  ( 15.04388330914849270, -0.4123624469103860379, 12.06198756897263635 ) ) ;
#4671 = CARTESIAN_POINT ( 'NONE',  ( 18.18957372837409991, -10.90033643646389550, 2.628411322992714627 ) ) ;
#4672 = EDGE_CURVE ( 'NONE', #4534, #1336, #2166, .T. ) ;
#4673 = CARTESIAN_POINT ( 'NONE',  ( 7.418031413246565009, 19.99999999999999645, 0.000000000000000000 ) ) ;
#4674 = EDGE_LOOP ( 'NONE', ( #197, #3704, #3173, #1775 ) ) ;
#4675 = AXIS2_PLACEMENT_3D ( 'NONE', #3380, #2916, #243 ) ;
#4676 = ORIENTED_EDGE ( 'NONE', *, *, #1022, .T. ) ;
#4677 = DIRECTION ( 'NONE',  ( -1.000000000000000000, -1.224646799147353207E-16, 0.000000000000000000 ) ) ;
#4678 = DIRECTION ( 'NONE',  ( 1.000000000000000000, 1.224646799147353207E-16, -0.000000000000000000 ) ) ;
#4679 = EDGE_CURVE ( 'NONE', #3851, #2155, #3022, .T. ) ;
#4680 = ORIENTED_EDGE ( 'NONE', *, *, #3084, .F. ) ;
#4681 = EDGE_LOOP ( 'NONE', ( #3784, #3551, #4030, #3734 ) ) ;
#4682 = FACE_OUTER_BOUND ( 'NONE', #543, .T. ) ;
#4683 = CARTESIAN_POINT ( 'NONE',  ( 18.97667301655001992, 9.707865641255043698, 4.491624237563326183 ) ) ;
#4684 = CARTESIAN_POINT ( 'NONE',  ( 15.83221794005226712, -18.03749611335454617, 10.75401013393233818 ) ) ;
#4685 = FACE_OUTER_BOUND ( 'NONE', #4862, .T. ) ;
#4686 = CARTESIAN_POINT ( 'NONE',  ( 14.44470321908979393, 10.07172617665857040, 4.358262857222355180 ) ) ;
#4687 = DIRECTION ( 'NONE',  ( -1.224646799147353207E-16, 1.000000000000000000, 0.000000000000000000 ) ) ;
#4688 = CARTESIAN_POINT ( 'NONE',  ( 18.86914364109006570, -10.69142071353678602, 3.384668991583358100 ) ) ;
#4689 = AXIS2_PLACEMENT_3D ( 'NONE', #1220, #3188, #1683 ) ;
#4690 = ADVANCED_FACE ( 'NONE', ( #3994 ), #4650, .T. ) ;
#4691 = DIRECTION ( 'NONE',  ( -1.000000000000000000, -1.224646799147353207E-16, 0.000000000000000000 ) ) ;
#4692 = CARTESIAN_POINT ( 'NONE',  ( 19.10189779209455097, 6.667088248587265120, 7.465578663810338078 ) ) ;
#4693 = CARTESIAN_POINT ( 'NONE',  ( 15.00197104962198935, -15.35845830444589666, 14.32193277845545154 ) ) ;
#4694 = CARTESIAN_POINT ( 'NONE',  ( 18.86914364109006925, -10.69142071353684464, -3.384668991583172470 ) ) ;
#4695 = EDGE_LOOP ( 'NONE', ( #3005, #4012, #1391, #3931 ) ) ;
#4696 = AXIS2_PLACEMENT_3D ( 'NONE', #899, #4325, #3915 ) ;
#4697 = EDGE_CURVE ( 'NONE', #2883, #1832, #2645, .T. ) ;
#4698 = ORIENTED_EDGE ( 'NONE', *, *, #2442, .T. ) ;
#4699 = CARTESIAN_POINT ( 'NONE',  ( 15.14241462648020331, 8.755027656566307215, -18.24626611845160440 ) ) ;
#4700 = DIRECTION ( 'NONE',  ( 0.000000000000000000, -1.000000000000000000, 0.000000000000000000 ) ) ;
#4701 = ORIENTED_EDGE ( 'NONE', *, *, #1330, .F. ) ;
#4702 = ORIENTED_EDGE ( 'NONE', *, *, #4037, .F. ) ;
#4703 = ADVANCED_FACE ( 'NONE', ( #481 ), #428, .F. ) ;
#4704 = EDGE_CURVE ( 'NONE', #4890, #2143, #3918, .T. ) ;
#4705 = ORIENTED_EDGE ( 'NONE', *, *, #263, .F. ) ;
#4706 = DIRECTION ( 'NONE',  ( 8.260587980841940012E-17, -1.000000000000000000, 0.000000000000000000 ) ) ;
#4707 = LINE ( 'NONE', #2733, #334 ) ;
#4708 = VERTEX_POINT ( 'NONE', #4261 ) ;
#4709 = FACE_OUTER_BOUND ( 'NONE', #2552, .T. ) ;
#4710 = CYLINDRICAL_SURFACE ( 'NONE', #4126, 19.99999999999999645 ) ;
#4711 = CARTESIAN_POINT ( 'NONE',  ( 18.47703959845298982, -2.574843935706197851, 9.628428591599188735 ) ) ;
#4712 = CARTESIAN_POINT ( 'NONE',  ( 18.23906308542472843, 7.259454646933654942, 8.276038268129688902 ) ) ;
#4713 = CARTESIAN_POINT ( 'NONE',  ( 19.06415730152600219, 6.622858618596191960, 7.777860235242853193 ) ) ;
#4714 = CARTESIAN_POINT ( 'NONE',  ( 15.39143569713560744, -15.39781749917264975, 14.27962894330447341 ) ) ;
#4715 = AXIS2_PLACEMENT_3D ( 'NONE', #4166, #3364, #354 ) ;
#4716 = AXIS2_PLACEMENT_3D ( 'NONE', #1859, #3388, #4146 ) ;
#4717 = DIRECTION ( 'NONE',  ( -1.700015784817311728E-16, 1.000000000000000000, 0.000000000000000000 ) ) ;
#4718 = ADVANCED_FACE ( 'NONE', ( #1152 ), #4502, .T. ) ;
#4719 = ADVANCED_FACE ( 'NONE', ( #2413 ), #1188, .T. ) ;
#4720 = ORIENTED_EDGE ( 'NONE', *, *, #2893, .F. ) ;
#4721 = CARTESIAN_POINT ( 'NONE',  ( 14.95638818340800569, -14.89135614130016450, -14.08729052106571267 ) ) ;
#4722 = CARTESIAN_POINT ( 'NONE',  ( 15.49185737752257630, -13.78037811726767004, 13.52920620453585876 ) ) ;
#4723 = CARTESIAN_POINT ( 'NONE',  ( 15.22970941425003844, -17.66592359818684699, -9.471900310835138725 ) ) ;
#4724 = EDGE_LOOP ( 'NONE', ( #1770, #1853, #1595, #3250 ) ) ;
#4725 = ADVANCED_FACE ( 'NONE', ( #2432 ), #458, .F. ) ;
#4726 = AXIS2_PLACEMENT_3D ( 'NONE', #3791, #4226, #1477 ) ;
#4727 = EDGE_LOOP ( 'NONE', ( #942, #1055, #1990, #1408, #3659, #4553, #2863 ) ) ;
#4728 = EDGE_LOOP ( 'NONE', ( #1857, #3597, #1757, #1737, #5013 ) ) ;
#4729 = DIRECTION ( 'NONE',  ( 2.069437927639594150E-16, -0.7030476031341341692, 0.7111427899707265521 ) ) ;
#4730 = CARTESIAN_POINT ( 'NONE',  ( 15.02560793283365292, 20.24113200983857297, -2.658151086984001044 ) ) ;
#4731 = CARTESIAN_POINT ( 'NONE',  ( -36.17039518766870287, 0.000000000000000000, 0.000000000000000000 ) ) ;
#4732 = EDGE_CURVE ( 'NONE', #2575, #2606, #3601, .T. ) ;
#4733 = EDGE_CURVE ( 'NONE', #2439, #2582, #1763, .T. ) ;
#4734 = CIRCLE ( 'NONE', #3510, 22.99999999999999289 ) ;
#4735 = VERTEX_POINT ( 'NONE', #2030 ) ;
#4736 = CARTESIAN_POINT ( 'NONE',  ( 14.32001258001400856, 9.810406359139578925, 4.460425263749230318 ) ) ;
#4737 = DIRECTION ( 'NONE',  ( 1.000000000000000000, 1.224646799147353207E-16, -0.000000000000000000 ) ) ;
#4738 = B_SPLINE_CURVE_WITH_KNOTS ( 'NONE', 3,
 ( #4006, #1658, #1250, #4748, #1223, #3193, #4388, #1629, #2094, #859, #2013, #3926, #3948, #2420, #946, #2795, #520, #446 ),
 .UNSPECIFIED., .F., .F.,
 ( 4, 2, 2, 2, 2, 2, 2, 2, 4 ),
 ( 8.673617379884035472E-19, 0.0007873018392454920198, 0.001574603678490983172, 0.002361905517736474433, 0.003149207356981964176, 0.003936509196227453919, 0.004723811035472943662, 0.005511112874718433405, 0.006298414713963923148 ),
 .UNSPECIFIED. ) ;
#4739 = EDGE_CURVE ( 'NONE', #60, #4735, #1941, .T. ) ;
#4740 = CARTESIAN_POINT ( 'NONE',  ( 19.01032660687618758, -10.36042316631776750, 1.833371998126585023 ) ) ;
#4741 = AXIS2_PLACEMENT_3D ( 'NONE', #4613, #2981, #1038 ) ;
#4742 = AXIS2_PLACEMENT_3D ( 'NONE', #3614, #873, #3237 ) ;
#4743 = CARTESIAN_POINT ( 'NONE',  ( 19.99999999999999645, 20.99999999999999645, 0.000000000000000000 ) ) ;
#4744 = CARTESIAN_POINT ( 'NONE',  ( 19.22466309467785450, 7.341401799917501414, 5.718637128596226304 ) ) ;
#4745 = CARTESIAN_POINT ( 'NONE',  ( 16.16137039704821277, -4.700965456367184473E-16, 0.000000000000000000 ) ) ;
#4746 = EDGE_LOOP ( 'NONE', ( #3605, #2800, #2227, #3604, #1589, #4753 ) ) ;
#4747 = ORIENTED_EDGE ( 'NONE', *, *, #423, .F. ) ;
#4748 = CARTESIAN_POINT ( 'NONE',  ( 18.32625450480177420, -5.127651390084757566, 9.322195121091034764 ) ) ;
#4749 = AXIS2_PLACEMENT_3D ( 'NONE', #1597, #767, #3860 ) ;
#4750 = CARTESIAN_POINT ( 'NONE',  ( 15.83221794005226712, -18.03749611335473091, -10.75401013393202909 ) ) ;
#4751 = CARTESIAN_POINT ( 'NONE',  ( 15.04390458109206996, -11.59909134576050604, -3.335211991236998852 ) ) ;
#4752 = ORIENTED_EDGE ( 'NONE', *, *, #1352, .T. ) ;
#4753 = ORIENTED_EDGE ( 'NONE', *, *, #4044, .F. ) ;
#4754 = ORIENTED_EDGE ( 'NONE', *, *, #2970, .F. ) ;
#4755 = CARTESIAN_POINT ( 'NONE',  ( 15.22970941424991942, 19.85947572615597423, 2.720841038648672772 ) ) ;
#4756 = CARTESIAN_POINT ( 'NONE',  ( 2.500000000000002220, -2.143131898507867854E-15, 0.000000000000000000 ) ) ;
#4757 = EDGE_CURVE ( 'NONE', #2726, #2845, #3196, .T. ) ;
#4758 = CARTESIAN_POINT ( 'NONE',  ( 0.5000000000000041078, 5.912031602559084452E-17, 0.000000000000000000 ) ) ;
#4759 = CALENDAR_DATE ( 2026, 16, 9 ) ;
#4760 = ADVANCED_FACE ( 'NONE', ( #1647 ), #356, .T. ) ;
#4761 = CARTESIAN_POINT ( 'NONE',  ( 18.97544250893952267, -0.3964189195110399133, 10.67664433328743456 ) ) ;
#4762 = CARTESIAN_POINT ( 'NONE',  ( 7.418031413246567674, -1.540846755674013973E-15, 0.000000000000000000 ) ) ;
#4763 = CARTESIAN_POINT ( 'NONE',  ( 28.99999999999999645, -5.244893519845081897, -2.710334946299471248 ) ) ;
#4764 = CARTESIAN_POINT ( 'NONE',  ( 18.80661654244304515, -11.16725262926314066, 2.898400901492714343 ) ) ;
#4765 = EDGE_CURVE ( 'NONE', #1132, #3305, #764, .T. ) ;
#4766 = CARTESIAN_POINT ( 'NONE',  ( 18.13424309457171901, 10.61850939826812201, 4.238740146298038525 ) ) ;
#4767 = CARTESIAN_POINT ( 'NONE',  ( 16.82995825601014772, -32.99874609610467502, 4.041180878247079840E-15 ) ) ;
#4768 = CARTESIAN_POINT ( 'NONE',  ( 18.13424309457171901, -6.099085611835031173, -9.670616038725453834 ) ) ;
#4769 = ORIENTED_EDGE ( 'NONE', *, *, #4620, .F. ) ;
#4770 = CARTESIAN_POINT ( 'NONE',  ( -36.17039518766870287, 2.313450983510307868, 4.605385111583133906 ) ) ;
#4771 = VERTEX_POINT ( 'NONE', #2856 ) ;
#4772 = CIRCLE ( 'NONE', #2113, 20.04499319220071740 ) ;
#4773 = ORIENTED_EDGE ( 'NONE', *, *, #247, .T. ) ;
#4774 = CARTESIAN_POINT ( 'NONE',  ( 19.50000000000000355, -6.123233995736733988E-17, 0.000000000000000000 ) ) ;
#4775 = DIRECTION ( 'NONE',  ( -1.499759782661857608E-32, 1.224646799147353207E-16, 1.000000000000000000 ) ) ;
#4776 = CARTESIAN_POINT ( 'NONE',  ( 15.00197104962197514, 20.84347464719607856, -2.559211720763729492 ) ) ;
#4777 = VECTOR ( 'NONE', #3469, 1000.000000000000000 ) ;
#4778 = EDGE_LOOP ( 'NONE', ( #134, #170, #3846, #2193 ) ) ;
#4779 = ORIENTED_EDGE ( 'NONE', *, *, #1663, .F. ) ;
#4780 = ORIENTED_EDGE ( 'NONE', *, *, #2572, .T. ) ;
#4781 = DIRECTION ( 'NONE',  ( -1.224896099273389743E-16, 1.000000000000000000, 0.000000000000000000 ) ) ;
#4782 = FACE_OUTER_BOUND ( 'NONE', #2070, .T. ) ;
#4783 = EDGE_LOOP ( 'NONE', ( #2808, #2522, #2628, #2470 ) ) ;
#4784 = ADVANCED_FACE ( 'NONE', ( #4026 ), #1919, .F. ) ;
#4785 = LINE ( 'NONE', #2533, #4087 ) ;
#4786 = DIRECTION ( 'NONE',  ( 1.000000000000000000, 1.224646799147353207E-16, -0.000000000000000000 ) ) ;
#4787 = CARTESIAN_POINT ( 'NONE',  ( 14.33221794005226712, -6.941031157979786672E-16, 0.000000000000000000 ) ) ;
#4788 = CARTESIAN_POINT ( 'NONE',  ( 15.22970941425003488, 3.549241899148757984, -19.72826991950132225 ) ) ;
#4789 = CARTESIAN_POINT ( 'NONE',  ( 18.85555543971632630, -5.972056193111109579, 9.598049632638264939 ) ) ;
#4790 = CARTESIAN_POINT ( 'NONE',  ( 14.32001258001401034, -1.210534225837925248, 10.70859810400099121 ) ) ;
#4791 = DIRECTION ( 'NONE',  ( 1.000000000000000000, 1.224646799147353207E-16, -0.000000000000000000 ) ) ;
#4792 = CARTESIAN_POINT ( 'NONE',  ( 5.644723921803030287, -3.469446951953614189E-15, 0.000000000000000000 ) ) ;
#4793 = ORIENTED_EDGE ( 'NONE', *, *, #1086, .F. ) ;
#4794 = CARTESIAN_POINT ( 'NONE',  ( 15.64624510673249702, -18.26350282642946965, 10.36570123004931432 ) ) ;
#4795 = EDGE_CURVE ( 'NONE', #107, #216, #1023, .T. ) ;
#4796 = ADVANCED_FACE ( 'NONE', ( #1068 ), #2081, .T. ) ;
#4797 = VERTEX_POINT ( 'NONE', #2906 ) ;
#4798 = CARTESIAN_POINT ( 'NONE',  ( 14.71846512719366018, -15.09299686763678672, -14.18858192783338801 ) ) ;
#4799 = DIRECTION ( 'NONE',  ( -1.224646799147353207E-16, 1.000000000000000000, 0.000000000000000000 ) ) ;
#4800 = CARTESIAN_POINT ( 'NONE',  ( 15.68811153057871444, -16.57705941234825886, -8.370498483185791372 ) ) ;
#4801 = EDGE_LOOP ( 'NONE', ( #3697, #1613, #1750, #2366, #1154, #1938, #1338 ) ) ;
#4802 = ORIENTED_EDGE ( 'NONE', *, *, #1204, .T. ) ;
#4803 = B_SPLINE_CURVE_WITH_KNOTS ( 'NONE', 3,
 ( #2613, #2311, #4148, #1839, #741, #4924, #1473, #1449, #2640, #1065, #1114, #1550, #4538, #3078, #1932, #288, #2983, #2240 ),
 .UNSPECIFIED., .F., .F.,
 ( 4, 2, 2, 2, 2, 2, 2, 2, 4 ),
 ( 0.000000000000000000, 0.0007873018392454903935, 0.001574603678490980787, 0.002361905517736470964, 0.003149207356981961574, 0.003936509196227452184, 0.004723811035472941927, 0.005511112874718432537, 0.006298414713963923148 ),
 .UNSPECIFIED. ) ;
#4804 = ORIENTED_EDGE ( 'NONE', *, *, #4333, .T. ) ;
#4805 = MANIFOLD_SOLID_BREP ( 'Revolución3', #3172 ) ;
#4806 = CARTESIAN_POINT ( 'NONE',  ( 12.33221794005226890, 0.000000000000000000, 0.000000000000000000 ) ) ;
#4807 = CARTESIAN_POINT ( 'NONE',  ( 18.80661654244304515, 7.330859852423648348, 8.908801989924430842 ) ) ;
#4808 = CARTESIAN_POINT ( 'NONE',  ( 18.86914364109006925, 10.63899956840788796, -3.546004686946463202 ) ) ;
#4809 = AXIS2_PLACEMENT_3D ( 'NONE', #129, #1296, #3522 ) ;
#4810 = APPROVAL_ROLE ( '' ) ;
#4811 = ORIENTED_EDGE ( 'NONE', *, *, #2442, .F. ) ;
#4812 = CIRCLE ( 'NONE', #2787, 25.00000000000000000 ) ;
#4813 = DIRECTION ( 'NONE',  ( 0.000000000000000000, -0.7111427899707264411, -0.7030476031341342802 ) ) ;
#4814 = FACE_OUTER_BOUND ( 'NONE', #4064, .T. ) ;
#4815 = CARTESIAN_POINT ( 'NONE',  ( 14.71846512719366551, -15.09299686763654336, 14.18858192783363315 ) ) ;
#4816 = CARTESIAN_POINT ( 'NONE',  ( 18.23912263561869551, -5.627174887730189035, -9.461547082568243283 ) ) ;
#4817 = LINE ( 'NONE', #1348, #185 ) ;
#4818 = AXIS2_PLACEMENT_3D ( 'NONE', #4404, #2536, #3664 ) ;
#4819 =( BOUNDED_SURFACE ( )  B_SPLINE_SURFACE ( 3, 2, ( 
 ( #638, #3363, #1799 ),
 ( #3384, #4943, #2609 ),
 ( #4916, #4884, #3309 ),
 ( #690, #614, #1443 ) ),
 .UNSPECIFIED., .F., .F., .F. ) 
 B_SPLINE_SURFACE_WITH_KNOTS ( ( 4, 4 ),
 ( 3, 3 ),
 ( -6.396792817664476161E-18, 0.0008361757575728826636 ),
 ( 0.000000000000000000, 1.000000000000000000 ),
 .UNSPECIFIED. ) 
 GEOMETRIC_REPRESENTATION_ITEM ( )  RATIONAL_B_SPLINE_SURFACE ( (
 ( 1.000000000000000000, 0.7392545563716673707, 1.000000000000000000),
 ( 1.000000000000000000, 0.7514166459590041480, 1.000000000000000000),
 ( 1.000000000000000000, 0.7616871162901389658, 1.000000000000000000),
 ( 1.000000000000000000, 0.7696469335709791304, 1.000000000000000000) ) ) 
 REPRESENTATION_ITEM ( '' )  SURFACE ( )  );
#4820 = CARTESIAN_POINT ( 'NONE',  ( 0.5972188563333101774, -3.469446951953614189E-15, 0.000000000000000000 ) ) ;
#4821 = ORIENTED_EDGE ( 'NONE', *, *, #701, .T. ) ;
#4822 = CARTESIAN_POINT ( 'NONE',  ( 14.70510654246227311, -11.08202350442300421, 2.812190412536657469 ) ) ;
#4823 = B_SPLINE_CURVE_WITH_KNOTS ( 'NONE', 3,
 ( #4755, #4393, #1072, #2576, #1820, #4015, #4158, #681, #526, #2101 ),
 .UNSPECIFIED., .F., .F.,
 ( 4, 2, 2, 2, 4 ),
 ( 5.651432409881124693E-07, 0.0003283357421052404516, 0.0006561063409694928164, 0.0009838769398337453981, 0.001311647538697997654 ),
 .UNSPECIFIED. ) ;
#4824 = CIRCLE ( 'NONE', #2247, 32.89999999999998437 ) ;
#4825 = TOROIDAL_SURFACE ( 'NONE', #2879, 21.49999999999999645, 1.499999999999999556 ) ;
#4826 = VERTEX_POINT ( 'NONE', #984 ) ;
#4827 = ADVANCED_FACE ( 'NONE', ( #4457 ), #1435, .T. ) ;
#4828 = ORIENTED_EDGE ( 'NONE', *, *, #3135, .F. ) ;
#4829 = CARTESIAN_POINT ( 'NONE',  ( 15.20503010338536498, 20.65866264723720747, -2.589568499467042706 ) ) ;
#4830 = DIRECTION ( 'NONE',  ( 1.000000000000000000, 1.224646799147353207E-16, 0.000000000000000000 ) ) ;
#4831 = LINE ( 'NONE', #2896, #4985 ) ;
#4832 = ORIENTED_EDGE ( 'NONE', *, *, #2301, .T. ) ;
#4833 = ORIENTED_EDGE ( 'NONE', *, *, #3143, .F. ) ;
#4834 = AXIS2_PLACEMENT_3D ( 'NONE', #205, #2456, #930 ) ;
#4835 = VERTEX_POINT ( 'NONE', #960 ) ;
#4836 = EDGE_CURVE ( 'NONE', #2066, #2477, #1848, .T. ) ;
#4837 = DIRECTION ( 'NONE',  ( -8.654148491563312670E-17, 1.000000000000000000, 0.000000000000000000 ) ) ;
#4838 = CARTESIAN_POINT ( 'NONE',  ( 15.00197104962199113, -18.36699211836400636, -10.18104122985239002 ) ) ;
#4839 = ORIENTED_EDGE ( 'NONE', *, *, #4109, .F. ) ;
#4840 = ORIENTED_EDGE ( 'NONE', *, *, #4836, .F. ) ;
#4841 = DIRECTION ( 'NONE',  ( 1.000000000000000000, 1.224646799147353207E-16, -0.000000000000000000 ) ) ;
#4842 = DIRECTION ( 'NONE',  ( -1.387778780781445676E-16, 1.000000000000000000, 0.000000000000000000 ) ) ;
#4843 = CARTESIAN_POINT ( 'NONE',  ( 15.34988357635248946, -18.06214794643714328, 9.872686953465393600 ) ) ;
#4844 = CARTESIAN_POINT ( 'NONE',  ( 18.23939104319184423, -10.73647652981262901, -2.427083067824002072 ) ) ;
#4845 = CARTESIAN_POINT ( 'NONE',  ( 14.99830906674764464, -18.36937357277745164, 10.18345010533758632 ) ) ;
#4846 = DIRECTION ( 'NONE',  ( -1.376786630855773861E-16, 1.000000000000000000, 0.000000000000000000 ) ) ;
#4847 = ORIENTED_EDGE ( 'NONE', *, *, #3244, .F. ) ;
#4848 = DIRECTION ( 'NONE',  ( 1.000000000000000000, 1.224646799147353207E-16, -0.000000000000000000 ) ) ;
#4849 = ADVANCED_FACE ( 'NONE', ( #2565 ), #2111, .F. ) ;
#4850 = EDGE_LOOP ( 'NONE', ( #1833, #2676, #2586, #274, #4580 ) ) ;
#4851 = VERTEX_POINT ( 'NONE', #4050 ) ;
#4852 = CARTESIAN_POINT ( 'NONE',  ( 15.62081702424863217, 13.23037695134721581, -3.809721006151150391 ) ) ;
#4853 = DIRECTION ( 'NONE',  ( -1.054543146490460802E-16, 1.000000000000000000, 0.000000000000000000 ) ) ;
#4854 = DIRECTION ( 'NONE',  ( -1.000000000000000000, -1.224646799147353207E-16, 0.000000000000000000 ) ) ;
#4855 = ORIENTED_EDGE ( 'NONE', *, *, #789, .T. ) ;
#4856 = VERTEX_POINT ( 'NONE', #1761 ) ;
#4857 = VERTEX_POINT ( 'NONE', #3316 ) ;
#4858 = CARTESIAN_POINT ( 'NONE',  ( 15.22970941424992120, 20.04499319220071740, 0.000000000000000000 ) ) ;
#4859 = CARTESIAN_POINT ( 'NONE',  ( 14.32001258001401034, -1.210534225838107547, -10.70859810400096990 ) ) ;
#4860 = PERSON_AND_ORGANIZATION ( #2229, #3757 ) ;
#4861 = EDGE_CURVE ( 'NONE', #3405, #2439, #2592, .T. ) ;
#4862 = EDGE_LOOP ( 'NONE', ( #4183, #2300 ) ) ;
#4863 = EDGE_LOOP ( 'NONE', ( #4089, #956, #3273, #4828 ) ) ;
#4864 = CARTESIAN_POINT ( 'NONE',  ( 15.46262465994942303, 20.16462055182433133, 2.670718676749353371 ) ) ;
#4865 = CARTESIAN_POINT ( 'NONE',  ( 18.86914364109006570, -6.522842194442663555, -9.122225099328991504 ) ) ;
#4866 = CARTESIAN_POINT ( 'NONE',  ( 15.46262465994942303, 20.04305635952554354, -1.930636149492648279 ) ) ;
#4867 = DIRECTION ( 'NONE',  ( 0.000000000000000000, -1.000000000000000000, 0.000000000000000000 ) ) ;
#4868 = CARTESIAN_POINT ( 'NONE',  ( 19.21697865132099281, -9.330813793749724638, -0.6229905850790392607 ) ) ;
#4869 = ADVANCED_FACE ( 'NONE', ( #2136 ), #4290, .T. ) ;
#4870 = CARTESIAN_POINT ( 'NONE',  ( 14.33221794005226712, -18.36699211836400636, -10.18104122985239002 ) ) ;
#4871 = DIRECTION ( 'NONE',  ( 1.000000000000000000, 1.224646799147353207E-16, -0.000000000000000000 ) ) ;
#4872 = CARTESIAN_POINT ( 'NONE',  ( 19.16245220679195782, 8.629776385016084461, -4.360534429026286851 ) ) ;
#4873 = ORIENTED_EDGE ( 'NONE', *, *, #4358, .T. ) ;
#4874 = ORIENTED_EDGE ( 'NONE', *, *, #602, .F. ) ;
#4875 = CARTESIAN_POINT ( 'NONE',  ( 15.49185737752256564, 19.10082796803221328, -2.845454711528472291 ) ) ;
#4876 = CARTESIAN_POINT ( 'NONE',  ( 15.80802606972442348, 4.459759469021451928, 20.52116658434652052 ) ) ;
#4877 = CARTESIAN_POINT ( 'NONE',  ( 15.83221794005226357, 8.271592331946775900, -19.30235115974421944 ) ) ;
#4878 = ORIENTED_EDGE ( 'NONE', *, *, #467, .T. ) ;
#4879 = EDGE_CURVE ( 'NONE', #4826, #2764, #3770, .T. ) ;
#4880 = ORIENTED_EDGE ( 'NONE', *, *, #3312, .F. ) ;
#4881 = AXIS2_PLACEMENT_3D ( 'NONE', #177, #2489, #958 ) ;
#4882 = AXIS2_PLACEMENT_3D ( 'NONE', #3329, #3708, #1082 ) ;
#4883 = ORIENTED_EDGE ( 'NONE', *, *, #1143, .F. ) ;
#4884 = CARTESIAN_POINT ( 'NONE',  ( 15.71329586650434251, -15.54791359359794001, 14.41710300079309448 ) ) ;
#4885 = CARTESIAN_POINT ( 'NONE',  ( 15.41316552742294910, 20.29408079868108672, 2.649453845106487293 ) ) ;
#4886 = EDGE_CURVE ( 'NONE', #4193, #2946, #503, .T. ) ;
#4887 = DATE_AND_TIME ( #1420, #3272 ) ;
#4888 = CIRCLE ( 'NONE', #3171, 55.18023718033725800 ) ;
#4889 = TOROIDAL_SURFACE ( 'NONE', #4480, 269.1527857348445991, 236.2527857348445934 ) ;
#4890 = VERTEX_POINT ( 'NONE', #3392 ) ;
#4891 = AXIS2_PLACEMENT_3D ( 'NONE', #164, #3221, #1746 ) ;
#4892 = EDGE_CURVE ( 'NONE', #2476, #4001, #4597, .T. ) ;
#4893 = EDGE_CURVE ( 'NONE', #1049, #1684, #361, .T. ) ;
#4894 = AXIS2_PLACEMENT_3D ( 'NONE', #2389, #940, #2835 ) ;
#4895 = CARTESIAN_POINT ( 'NONE',  ( 15.36364019208413012, 20.42371430028958912, 2.628160555050966796 ) ) ;
#4896 = CARTESIAN_POINT ( 'NONE',  ( 29.00000000000000000, -11.08202350442300066, 2.812190412536656581 ) ) ;
#4897 = CARTESIAN_POINT ( 'NONE',  ( 18.92544941639021161, -6.243781408883553929, -8.982042805521013307 ) ) ;
#4898 = CARTESIAN_POINT ( 'NONE',  ( 15.22970941425003666, -14.46738312548696825, 13.87431358935456061 ) ) ;
#4899 = CARTESIAN_POINT ( 'NONE',  ( 19.06423657719955855, -4.406337665704019635, -9.236873751594236737 ) ) ;
#4900 = CARTESIAN_POINT ( 'NONE',  ( 18.48501557096721015, -9.926485458350787994, -0.2586528600206536854 ) ) ;
#4901 = CARTESIAN_POINT ( 'NONE',  ( 13.77787315996086370, -2.881934190846163979, 9.500857495291008092 ) ) ;
#4902 = ADVANCED_FACE ( 'NONE', ( #3058 ), #3360, .T. ) ;
#4903 = CARTESIAN_POINT ( 'NONE',  ( 20.00000000000000355, -15.35845830444589666, 14.32193277845545154 ) ) ;
#4904 = DIRECTION ( 'NONE',  ( -1.652117596168388002E-16, 1.000000000000000000, 0.000000000000000000 ) ) ;
#4905 = CIRCLE ( 'NONE', #3436, 56.17039518766870287 ) ;
#4906 = ORIENTED_EDGE ( 'NONE', *, *, #2779, .F. ) ;
#4907 = EDGE_LOOP ( 'NONE', ( #2024, #4305, #1389, #4989 ) ) ;
#4908 = CARTESIAN_POINT ( 'NONE',  ( 13.83221794005226180, 0.000000000000000000, 0.000000000000000000 ) ) ;
#4909 = CARTESIAN_POINT ( 'NONE',  ( 15.83483821301495631, 14.39716514384597801, -3.618067158126095695 ) ) ;
#4910 = CARTESIAN_POINT ( 'NONE',  ( 19.89999999999999503, -30.31597898765172161, 3.712636663024608797E-15 ) ) ;
#4911 = CARTESIAN_POINT ( 'NONE',  ( 17.50000000000000000, -3.061616997868382155E-16, 0.000000000000000000 ) ) ;
#4912 = ORIENTED_EDGE ( 'NONE', *, *, #3142, .F. ) ;
#4913 = AXIS2_PLACEMENT_3D ( 'NONE', #1171, #1197, #1937 ) ;
#4914 = ORIENTED_EDGE ( 'NONE', *, *, #2583, .T. ) ;
#4915 = AXIS2_PLACEMENT_3D ( 'NONE', #179, #1399, #2187 ) ;
#4916 = CARTESIAN_POINT ( 'NONE',  ( 15.20503010338618921, -15.19109898888628862, 14.23786216029863461 ) ) ;
#4917 = DIRECTION ( 'NONE',  ( 1.000000000000000000, 1.224646799147353207E-16, -0.000000000000000000 ) ) ;
#4918 = EDGE_LOOP ( 'NONE', ( #4966, #2016, #2051, #1999, #974, #765, #2429 ) ) ;
#4919 = EDGE_LOOP ( 'NONE', ( #1355, #2130, #10, #3953 ) ) ;
#4920 = B_SPLINE_CURVE_WITH_KNOTS ( 'NONE', 3,
 ( #1315, #4435, #2855, #933 ),
 .UNSPECIFIED., .F., .F.,
 ( 4, 4 ),
 ( 3.496446946337351263E-18, 0.0006860111871049757613 ),
 .UNSPECIFIED. ) ;
#4921 = EDGE_CURVE ( 'NONE', #2178, #240, #3186, .T. ) ;
#4922 = CARTESIAN_POINT ( 'NONE',  ( 15.96918268402514407, -15.64186032162868578, 13.73669084374226301 ) ) ;
#4923 = CARTESIAN_POINT ( 'NONE',  ( 15.88145966259518360, 7.950706990781854167, 12.97278967645551795 ) ) ;
#4924 = CARTESIAN_POINT ( 'NONE',  ( 18.42339492369415055, 8.951155422004426043, -4.914055277572108693 ) ) ;
#4925 = DIRECTION ( 'NONE',  ( -1.700015784817311728E-16, 1.000000000000000000, 0.000000000000000000 ) ) ;
#4926 = CARTESIAN_POINT ( 'NONE',  ( 19.21657918408300247, -3.486559431220167760, -8.679794582158699257 ) ) ;
#4927 = CC_DESIGN_PERSON_AND_ORGANIZATION_ASSIGNMENT ( #2557, #144, ( #4081 ) ) ;
#4928 = CIRCLE ( 'NONE', #4675, 20.40832198700114120 ) ;
#4929 = EDGE_CURVE ( 'NONE', #834, #1966, #3466, .T. ) ;
#4930 = CARTESIAN_POINT ( 'NONE',  ( 14.53391428651586637, -18.24256449823892012, -10.05518089759222988 ) ) ;
#4931 = CYLINDRICAL_SURFACE ( 'NONE', #133, 2.700000000000010392 ) ;
#4932 = CARTESIAN_POINT ( 'NONE',  ( 14.32001258001401212, -10.55855765525255130, -2.157852336385968073 ) ) ;
#4933 = EDGE_CURVE ( 'NONE', #456, #3984, #4582, .T. ) ;
#4934 = EDGE_CURVE ( 'NONE', #883, #3359, #3488, .T. ) ;
#4935 = EDGE_LOOP ( 'NONE', ( #1208, #2409, #3898, #2615, #2601, #1254 ) ) ;
#4936 = CARTESIAN_POINT ( 'NONE',  ( 28.99999999999999645, 5.836302901449458957, -0.8901640288046849259 ) ) ;
#4937 = CARTESIAN_POINT ( 'NONE',  ( 15.22970941425003311, 19.85947572615599199, -2.720841038648719401 ) ) ;
#4938 = CARTESIAN_POINT ( 'NONE',  ( 15.00197104962199113, -15.35845830444613291, -14.32193277845519574 ) ) ;
#4939 = DIRECTION ( 'NONE',  ( 1.000000000000000000, 1.224646799147353207E-16, -0.000000000000000000 ) ) ;
#4940 = ORIENTED_EDGE ( 'NONE', *, *, #4185, .F. ) ;
#4941 = B_SPLINE_CURVE_WITH_KNOTS ( 'NONE', 3,
 ( #1572, #3106, #426, #18, #2375, #1191, #1996, #3131, #4273, #3882, #3907, #3534, #2022, #1617 ),
 .UNSPECIFIED., .F., .F.,
 ( 4, 2, 2, 2, 2, 2, 4 ),
 ( 2.195884966670141665E-07, 0.002395018511917821127, 0.003592417973628395447, 0.004789817435338969767, 0.007184616358760110601, 0.008382015820470680584, 0.009579415282181249700 ),
 .UNSPECIFIED. ) ;
#4942 = ORIENTED_EDGE ( 'NONE', *, *, #2107, .T. ) ;
#4943 = CARTESIAN_POINT ( 'NONE',  ( 15.94569792126889496, -15.26763624059146096, 14.27630958129477357 ) ) ;
#4944 = CARTESIAN_POINT ( 'NONE',  ( 15.83480435235251882, -13.77402175003229701, 5.535185462153008551 ) ) ;
#4945 = TOROIDAL_SURFACE ( 'NONE', #545, 26.58148327662222954, 0.4999999999999933942 ) ;
#4946 = DIRECTION ( 'NONE',  ( 6.609232856433454034E-17, 0.4488827966982565365, 0.8935906416409874486 ) ) ;
#4947 = CARTESIAN_POINT ( 'NONE',  ( 15.70457731070723106, 7.770594899848416226, 11.79189639736795492 ) ) ;
#4948 = FACE_OUTER_BOUND ( 'NONE', #2744, .T. ) ;
#4949 = CARTESIAN_POINT ( 'NONE',  ( 0.5972188563333069578, 26.58148327662222599, 0.000000000000000000 ) ) ;
#4950 = ORIENTED_EDGE ( 'NONE', *, *, #4934, .F. ) ;
#4951 = CARTESIAN_POINT ( 'NONE',  ( 18.97753207998203351, -1.275915877007732124, -10.61582895114347380 ) ) ;
#4952 = TOROIDAL_SURFACE ( 'NONE', #4696, 19.49999999999999645, 1.500000000000001332 ) ;
#4953 = EDGE_CURVE ( 'NONE', #2439, #553, #1954, .T. ) ;
#4954 = LINE ( 'NONE', #4203, #1830 ) ;
#4955 = EDGE_CURVE ( 'NONE', #845, #2606, #4321, .T. ) ;
#4956 = CARTESIAN_POINT ( 'NONE',  ( 15.96918268402514407, -15.64186032162891493, -13.73669084374200189 ) ) ;
#4957 = CARTESIAN_POINT ( 'NONE',  ( 17.00000000000000000, -3.932039878880761064E-14, 0.000000000000000000 ) ) ;
#4958 = B_SPLINE_CURVE_WITH_KNOTS ( 'NONE', 3,
 ( #3234, #1009, #3992, #2132, #1727, #4454 ),
 .UNSPECIFIED., .F., .F.,
 ( 4, 2, 4 ),
 ( 4.091337135425211056E-18, 0.0004148105333363943025, 0.0008296210666727840514 ),
 .UNSPECIFIED. ) ;
#4959 = ORIENTED_EDGE ( 'NONE', *, *, #748, .T. ) ;
#4960 = DIRECTION ( 'NONE',  ( -0.9341489818255316324, -0.3568832858993576385, 0.000000000000000000 ) ) ;
#4961 = EDGE_CURVE ( 'NONE', #2350, #1774, #5004, .T. ) ;
#4962 = EDGE_CURVE ( 'NONE', #2894, #4856, #271, .T. ) ;
#4963 = CARTESIAN_POINT ( 'NONE',  ( 13.77834854798522457, 7.795491237685226338, 6.159163941670388276 ) ) ;
#4964 = CARTESIAN_POINT ( 'NONE',  ( 16.16137039704821277, 8.138455651402669133, 18.71537191549412427 ) ) ;
#4965 = CARTESIAN_POINT ( 'NONE',  ( 15.34988357635248057, 3.807972590071489360, -20.22895155151085334 ) ) ;
#4966 = ORIENTED_EDGE ( 'NONE', *, *, #1264, .T. ) ;
#4967 = VERTEX_POINT ( 'NONE', #2805 ) ;
#4968 = CARTESIAN_POINT ( 'NONE',  ( 18.23912263561924263, 7.259573336481395245, -8.275540186900292028 ) ) ;
#4969 = DIRECTION ( 'NONE',  ( 0.9837142954526579830, 0.1797392136459947387, 0.000000000000000000 ) ) ;
#4970 = CIRCLE ( 'NONE', #990, 4.391382572891617819 ) ;
#4971 = CARTESIAN_POINT ( 'NONE',  ( 29.00000000000000000, -6.099085611835028509, -9.670616038725453834 ) ) ;
#4972 = CARTESIAN_POINT ( 'NONE',  ( 16.16137039704821277, 8.138455651402669133, 18.71537191549412071 ) ) ;
#4973 = AXIS2_PLACEMENT_3D ( 'NONE', #2406, #2354, #2451 ) ;
#4974 = PLANE ( 'NONE',  #4312 ) ;
#4975 = PLANE ( 'NONE',  #4159 ) ;
#4976 = CARTESIAN_POINT ( 'NONE',  ( 5.000000000000006217, -2.012461179749810203, -1.799999999999999822 ) ) ;
#4977 = TOROIDAL_SURFACE ( 'NONE', #2147, 16.30704420490882001, 10.28806150457966240 ) ;
#4978 = DIRECTION ( 'NONE',  ( -0.9837718218426106942, 0.000000000000000000, -0.1794240857534757094 ) ) ;
#4979 = CARTESIAN_POINT ( 'NONE',  ( 10.00000000000000533, -1.224646799147352665E-15, 0.000000000000000000 ) ) ;
#4980 = DIRECTION ( 'NONE',  ( 0.000000000000000000, -1.000000000000000000, 0.000000000000000000 ) ) ;
#4981 = AXIS2_PLACEMENT_3D ( 'NONE', #746, #1935, #3814 ) ;
#4982 = B_SPLINE_CURVE_WITH_KNOTS ( 'NONE', 3,
 ( #3564, #3161, #2791, #130 ),
 .UNSPECIFIED., .F., .F.,
 ( 4, 4 ),
 ( 0.000000000000000000, 0.0006860111871049782550 ),
 .UNSPECIFIED. ) ;
#4983 = ORIENTED_EDGE ( 'NONE', *, *, #1702, .F. ) ;
#4984 = FACE_OUTER_BOUND ( 'NONE', #3727, .T. ) ;
#4985 = VECTOR ( 'NONE', #3249, 1000.000000000000000 ) ;
#4986 = CARTESIAN_POINT ( 'NONE',  ( 15.46262465994939994, 8.771214836349640720, -18.35239631612159883 ) ) ;
#4987 = CARTESIAN_POINT ( 'NONE',  ( 15.64624510673250057, 4.214634950625553600, 20.57280121214922630 ) ) ;
#4988 = CARTESIAN_POINT ( 'NONE',  ( 10.00000000000004263, 0.000000000000000000, 0.000000000000000000 ) ) ;
#4989 = ORIENTED_EDGE ( 'NONE', *, *, #3025, .F. ) ;
#4990 = CC_DESIGN_PERSON_AND_ORGANIZATION_ASSIGNMENT ( #402, #3332, ( #781 ) ) ;
#4991 = AXIS2_PLACEMENT_3D ( 'NONE', #2663, #3057, #5020 ) ;
#4992 = ORIENTED_EDGE ( 'NONE', *, *, #2, .F. ) ;
#4993 = CARTESIAN_POINT ( 'NONE',  ( 18.13424309457172612, 10.61850939826811313, -4.238740146298065170 ) ) ;
#4994 =( BOUNDED_SURFACE ( )  B_SPLINE_SURFACE ( 3, 2, ( 
 ( #3536, #4372, #898 ),
 ( #3937, #2457, #3993 ),
 ( #1214, #3585, #1645 ),
 ( #3612, #4348, #3558 ) ),
 .UNSPECIFIED., .F., .F., .F. ) 
 B_SPLINE_SURFACE_WITH_KNOTS ( ( 4, 4 ),
 ( 3, 3 ),
 ( -3.903127820947815962E-18, 0.0008361757575728812541 ),
 ( 0.000000000000000000, 1.000000000000000000 ),
 .UNSPECIFIED. ) 
 GEOMETRIC_REPRESENTATION_ITEM ( )  RATIONAL_B_SPLINE_SURFACE ( (
 ( 1.000000000000000000, 0.7392545563716669266, 1.000000000000000000),
 ( 1.000000000000000000, 0.7514166459590055913, 1.000000000000000000),
 ( 1.000000000000000000, 0.7616871162901373005, 1.000000000000000000),
 ( 1.000000000000000000, 0.7696469335709789084, 1.000000000000000000) ) ) 
 REPRESENTATION_ITEM ( '' )  SURFACE ( )  );
#4995 = CARTESIAN_POINT ( 'NONE',  ( 14.70510654245038040, -6.099085611834868637, 9.670616038725553310 ) ) ;
#4996 = ORIENTED_EDGE ( 'NONE', *, *, #210, .F. ) ;
#4997 = TOROIDAL_SURFACE ( 'NONE', #1258, 28.42239954983259764, 17.97821543665478217 ) ;
#4998 = ADVANCED_FACE ( 'NONE', ( #4685, #3511 ), #3155, .T. ) ;
#4999 = AXIS2_PLACEMENT_3D ( 'NONE', #1676, #5030, #2811 ) ;
#5000 = DIRECTION ( 'NONE',  ( 0.000000000000000000, 1.000000000000000000, 0.000000000000000000 ) ) ;
#5001 = CARTESIAN_POINT ( 'NONE',  ( 19.06440771517078758, 7.423913592701707032, 7.042827075528113490 ) ) ;
#5002 = CARTESIAN_POINT ( 'NONE',  ( 15.02560793283364049, -17.93784178864043710, 9.746949482102134965 ) ) ;
#5003 = DIRECTION ( 'NONE',  ( -0.000000000000000000, 0.000000000000000000, -1.000000000000000000 ) ) ;
#5004 = LINE ( 'NONE', #1476, #4658 ) ;
#5005 = CIRCLE ( 'NONE', #1509, 25.94117647058823550 ) ;
#5006 = CYLINDRICAL_SURFACE ( 'NONE', #735, 4.000000000000001776 ) ;
#5007 = DIRECTION ( 'NONE',  ( 8.294471464601281835E-17, -1.000000000000000000, 1.154631945610162802E-14 ) ) ;
#5008 = ORIENTED_EDGE ( 'NONE', *, *, #2064, .F. ) ;
#5009 = DIRECTION ( 'NONE',  ( -0.3527547862872314477, 0.9233425533333257107, -0.1516660474705680550 ) ) ;
#5010 = CARTESIAN_POINT ( 'NONE',  ( 18.32527993299566305, -10.45367636486848362, 2.001233883431301486 ) ) ;
#5011 = CARTESIAN_POINT ( 'NONE',  ( -36.17039518766870287, -3.665085850861771632, -3.623364898117388488 ) ) ;
#5012 = DIRECTION ( 'NONE',  ( 1.000000000000000000, 1.224646799147353207E-16, -0.000000000000000000 ) ) ;
#5013 = ORIENTED_EDGE ( 'NONE', *, *, #2958, .T. ) ;
#5014 = ORIENTED_EDGE ( 'NONE', *, *, #4223, .T. ) ;
#5015 = CARTESIAN_POINT ( 'NONE',  ( 18.97753207998202996, 9.701973610471451792, -4.493939664353500341 ) ) ;
#5016 = DIRECTION ( 'NONE',  ( 1.000000000000000000, 1.224646799147353207E-16, -0.000000000000000000 ) ) ;
#5017 = CARTESIAN_POINT ( 'NONE',  ( 18.23912263561924263, 10.11383795349840575, 4.346981971798003386 ) ) ;
#5018 = CARTESIAN_POINT ( 'NONE',  ( 13.79117127154608013, -9.941247328846017695, 0.3931788980183483218 ) ) ;
#5019 = ADVANCED_FACE ( 'NONE', ( #4346 ), #2559, .T. ) ;
#5020 = DIRECTION ( 'NONE',  ( -1.226065276828336446E-16, 1.000000000000000000, 0.000000000000000000 ) ) ;
#5021 = DIRECTION ( 'NONE',  ( 0.000000000000000000, -1.000000000000000000, 1.224646799147357891E-16 ) ) ;
#5022 = CIRCLE ( 'NONE', #4119, 26.14030680603399048 ) ;
#5023 = DIRECTION ( 'NONE',  ( 1.773069654002055278E-14, -0.7030476031341341692, 0.7111427899707265521 ) ) ;
#5024 = AXIS2_PLACEMENT_3D ( 'NONE', #1505, #722, #1577 ) ;
#5025 = DIRECTION ( 'NONE',  ( -1.000000000000000000, -1.224646799147353207E-16, 0.000000000000000000 ) ) ;
#5026 = FACE_OUTER_BOUND ( 'NONE', #4245, .T. ) ;
#5027 = ORIENTED_EDGE ( 'NONE', *, *, #4520, .T. ) ;
#5028 = DIRECTION ( 'NONE',  ( -0.6008041595073082553, -0.7993962483766837712, 0.000000000000000000 ) ) ;
#5029 = CARTESIAN_POINT ( 'NONE',  ( 14.32001258001400856, 9.810406359139578925, 4.460425263749230318 ) ) ;
#5030 = DIRECTION ( 'NONE',  ( 3.512252815159669701E-17, -0.4488827966982416595, 0.8935906416409949982 ) ) ;
#5031 = CARTESIAN_POINT ( 'NONE',  ( 14.57515554931855029, 7.270046915909088803, -8.510085903519350126 ) ) ;
#5032 = ORIENTED_EDGE ( 'NONE', *, *, #635, .F. ) ;
#5033 = VERTEX_POINT ( 'NONE', #42 ) ;
#5034 = CARTESIAN_POINT ( 'NONE',  ( 19.50000000000000711, -20.99999999999999645, 2.571758278209441267E-15 ) ) ;
#5035 = EDGE_CURVE ( 'NONE', #3269, #4310, #1176, .T. ) ;
#5036 = FACE_OUTER_BOUND ( 'NONE', #2956, .T. ) ;
#5037 = CIRCLE ( 'NONE', #4461, 0.7500000000000000000 ) ;
#5038 = B_SPLINE_CURVE_WITH_KNOTS ( 'NONE', 3,
 ( #2696, #5031, #3872, #802 ),
 .UNSPECIFIED., .F., .F.,
 ( 4, 4 ),
 ( 2.204532649881719034E-07, 0.0009207377340520721959 ),
 .UNSPECIFIED. ) ;
#5039 = CARTESIAN_POINT ( 'NONE',  ( 18.32568745337549743, 9.631073853709184007, 4.526536112445866067 ) ) ;
#5040 = DIRECTION ( 'NONE',  ( -1.000000000000000000, -1.224646799147353207E-16, -0.000000000000000000 ) ) ;
#5041 = DIRECTION ( 'NONE',  ( -1.000000000000000000, -1.224646799147353207E-16, -0.000000000000000000 ) ) ;
#5042 = TOROIDAL_SURFACE ( 'NONE', #740, 25.50000000000000355, 0.4999999999999997780 ) ;
#5043 = AXIS2_PLACEMENT_3D ( 'NONE', #618, #3369, #2184 ) ;
#5044 = EDGE_CURVE ( 'NONE', #713, #500, #3525, .T. ) ;
#5045 = CARTESIAN_POINT ( 'NONE',  ( 17.50000000000000000, -3.061616997868382155E-16, 0.000000000000000000 ) ) ;
#5046 = CARTESIAN_POINT ( 'NONE',  ( 15.83221794005226357, 4.653778579181567565, -20.47785010531991290 ) ) ;
#5047 = DIRECTION ( 'NONE',  ( -1.613696256722611405E-16, 1.000000000000000000, 0.000000000000000000 ) ) ;
ENDSEC;
END-ISO-10303-21;
